{"M":[1575467923.288,1575467923.692,1575467924.1,1575467924.516,1575467924.92,1575467925.328,1575467925.74,1575467926.148,1575467926.552,1575467926.968,1575467927.372,1575467927.78,1575467928.192,1575467928.6,1575467929.008,1575467929.412,1575467929.828,1575467930.232,1575467930.64,1575467931.052,1575467931.46,1575467931.864,1575467932.28,1575467932.688,1575467933.092,1575467933.508,1575467933.912,1575467934.32,1575467934.732,1575467935.14,1575467935.544,1575467935.96,1575467936.364,1575467936.772,1575467937.18,1575467937.592,1575467938,1575467938.404,1575467938.82,1575467939.224,1575467939.632,1575467940.044,1575467940.452,1575467940.856,1575467941.272,1575467941.68,1575467942.084,1575467942.5,1575467942.904],"y":[null,null,null,null,null,null,null,null,null,null,null,null,null,null,null,0.11289211192756538,0.2685927066384644,0.3876878141866323,0.45182374510578,0.4884291668140528,0.5708167926895729,0.6807350599572614,0.7539461650315933,0.7814768063525482,0.8546876812414639,0.9188236340012265,1.0012111644626007,1.0835988703460093,1.1660884960099138,1.1935170747997053,1.2576529473932285,1.2942584741733814,null,null,null,null,null,null,null,null,null,null,null,null,null,null,null,null,null],"y1":[1.5179,1.5,1.509,1.5,1.5269,1.509,1.5,1.482,1.473,1.482,1.482,1.482,1.5,1.509,1.509,1.6077,1.7604,1.8772,1.9401,1.976,2.0568,2.1646,2.2364,2.2634,2.3352,2.3981,2.4789,2.5597,2.6406,2.6675,2.7304,2.7663,2.7932,2.8381,2.892,2.892,2.892,2.8741,2.6406,2.2274,2.1825,1.7425,1.7425,1.7245,1.5,1.482,1.491,1.5,1.482],"x":[8.3824,8.3818,8.383,8.3836,8.3818,8.3824,8.3824,8.3824,8.3417,8.1661,7.9993,7.8501,7.701,7.6503,8.2279,8.3718,8.3847,8.3859,8.3847,8.3847,8.383,8.3841,8.3894,8.39,8.39,8.3894,8.3877,8.3865,8.3871,8.3859,8.3859,8.3859,8.3936,8.4519,8.5067,8.5527,8.5857,8.5863,8.4566,8.3942,8.3953,8.3889,8.3906,8.39,8.3824,8.2498,8.2816,8.3299,8.3105],"x1":[0.1722,0.1722,0.1722,0.1722,0.1721,0.1722,0.1722,0.1721,0.0119,0.0095,0.008,0.0072,0.0066,0.0059,0.1721,0.1721,0.1722,0.1722,0.1722,0.1722,0.1722,0.1722,0.1722,0.1721,0.1722,0.1721,0.1722,0.1721,0.1722,0.1721,0.1722,0.1721,0.2021,0.2215,0.224,0.2245,0.224,0.2879,0.1726,0.1725,0.1723,0.1721,0.1723,0.1723,0.0198,0.0101,0.0784,0.0054,0.0785],"undefined":[null,null,null,null,null,null,null,null,null,null,null,null,null,null,null,null,null,null,null,null,null,null,null,null,null,null,null,null,null,null,null,null,null,null,null,null,null,null,null,null,null,null,null,null,null,null,null,null,null],"x2":[0.499,0.4912,0.5068,0.4912,0.5849,0.6161,0.5536,162.6039,84.0019,21.0704,13.9609,11.8695,8.0377,14.0234,34.6728,6.5549,1.295,0.6551,0.5458,0.5614,0.538,0.5146,0.5068,0.5536,0.5693,0.6005,0.5302,0.5458,0.5068,0.5224,0.7878,149.5088,39.363,5.0331,0.8268,0.3273,0.2337,16.2787,91.8606,126.643,70.0093,12.0333,2.7934,1.2638,222.8431,41.7042,54.0813,13.719,-0.3516],"x3":[8.0965,8.0791,8.0777,8.0763,8.0788,8.0796,8.0452,8.0765,8.0739,8.0778,8.0867,8.0829,8.0863,8.099,8.0636,8.0629,8.0646,8.0574,8.0567,8.0621,8.0623,8.0546,8.0601,8.0619,8.0578,8.055,8.0555,8.0538,8.0538,8.0554,8.0468,8.019,8.0008,7.9874,7.9578,7.975,7.956,7.9764,8.0096,8.1252,8.1574,7.9443,8.1633,8.0648,8.0635,8.1814,8.0749,8.0504,8.0722],"x4":[-999,-999,-999,-999,-999,-999,-999,-999,-999,-999,-999,-999,-999,-999,-999,-999,-999,-999,-999,-999,-999,-999,-999,-999,-999,-999,-999,-999,-999,-999,-999,-999,-999,-999,-999,-999,-999,-999,-999,-999,-999,-999,-999,-999,-999,-999,-999,-999,-999],"x5":[3.7531,3.7518,3.7426,3.7351,3.7335,3.7359,3.7373,3.737,3.7405,3.7569,3.7758,3.7935,3.8121,3.8197,3.7746,3.7667,3.7666,3.763,3.7631,3.7634,3.7629,3.7624,3.7641,3.7668,3.7696,3.7711,3.7723,3.7731,3.7741,3.7767,3.777,3.7774,3.7786,3.7771,3.7696,3.7633,3.7607,3.7606,3.7758,3.7815,3.7835,3.7943,3.8018,3.8152,3.8346,3.8514,3.848,3.8527,3.8608],"x6":[0.1198,0.1198,0.1198,0.1198,0.1197,0.1198,0.1198,0.1197,0.0103,0.0088,0.0079,0.0073,0.0069,0.0065,0.1202,0.1198,0.1198,0.1198,0.1198,0.1198,0.1198,0.1198,0.1198,0.1197,0.1197,0.1197,0.1198,0.1197,0.1198,0.1197,0.1198,0.1197,0.141,0.1547,0.1562,0.1564,0.1558,0.2017,0.1198,0.1199,0.1198,0.1197,0.1198,0.1198,0.0153,0.0092,0.0544,0.0065,0.0544],"x7":[1,1,1,1,1,1,1,1,1,1,1,1,1,1,1,0,0,0,0,0,0,0,0,0,0,0,0,0,0,0,0,0,1,1,1,1,1,1,1,1,1,1,1,1,1,1,1,1,1],"x8":[1,1,1,1,1,1,1,1,1,1,1,1,1,1,1,0,0,0,0,0,0,0,0,0,0,0,0,0,0,0,0,0,1,1,1,1,1,1,1,1,1,1,1,1,1,1,1,1,1],"x9":[1,1,1,1,1,1,1,1,1,1,1,1,1,1,1,0,0,0,0,0,0,0,0,0,0,0,0,0,0,0,0,0,1,1,1,1,1,1,1,1,1,1,1,1,1,1,1,1,1],"x10":[1,1,1,1,1,1,1,1,1,1,1,1,1,1,1,0,0,0,0,0,0,0,0,0,0,0,0,0,0,0,0,0,1,1,1,1,1,1,1,1,1,1,1,1,1,1,1,1,1],"x11":[1,1,1,1,1,1,1,1,1,1,1,1,1,1,1,1,1,1,1,1,1,1,1,1,1,1,1,1,1,1,1,1,1,1,1,1,1,1,1,1,1,1,1,1,1,1,1,1,1],"x12":[1,1,1,1,1,1,1,1,1,1,1,1,1,1,1,0,0,0,0,0,0,0,0,0,0,0,0,0,0,0,0,0,1,1,1,1,1,1,1,1,1,1,1,1,1,1,1,1,1],"x13":[1,1,1,1,1,1,1,1,1,1,1,1,1,1,1,0,0,0,0,0,0,0,0,0,0,0,0,0,0,0,0,0,1,1,1,1,1,1,1,1,1,1,1,1,1,1,1,1,1],"x14":[1,1,1,1,1,1,1,1,1,1,1,1,1,1,1,1,1,1,1,1,1,1,1,1,1,1,1,1,1,1,1,1,1,1,1,1,1,1,1,1,1,1,1,1,1,1,1,1,1],"x15":[1,1,1,1,1,1,1,1,1,1,1,1,1,1,1,0,0,0,0,0,0,0,0,0,0,0,0,0,0,0,0,0,1,1,1,1,1,1,1,1,1,1,1,1,1,1,1,1,1],"x16":[1,1,1,1,1,1,1,1,1,1,1,1,1,1,1,0,0,0,0,0,0,0,0,0,0,0,0,0,0,0,0,0,1,1,1,1,1,1,1,1,1,1,1,1,1,1,1,1,1]}