{"M":[1576155317.288,1576155317.692,1576155318.1,1576155318.516,1576155318.92,1576155319.328,1576155319.74,1576155320.148,1576155320.552,1576155320.968,1576155321.372,1576155321.78,1576155322.192,1576155322.6,1576155323.008,1576155323.42,1576155323.828,1576155324.232,1576155324.64,1576155325.052,1576155325.46,1576155325.864,1576155326.28,1576155326.684,1576155327.092,1576155327.508,1576155327.912,1576155328.32,1576155328.732,1576155329.14,1576155329.544,1576155329.96,1576155330.364,1576155330.772,1576155331.188,1576155331.592,1576155332,1576155332.404,1576155332.82,1576155333.224],"y":[null,null,null,null,null,null,0.08697174455083935,0.1877082539267476,0.2518410342925095,0.3250482767781375,0.4074319965891626,0.49899205624348547,0.5997285385218742,0.7096413386707517,0.764597683162949,0.8561575005464134,1.002674139160908,1.1125873599552691,1.1766183080782464,1.277354983207771,1.3689149880671323,1.4422241821487418,1.5612113980324187,null,null,null,null,null,null,null,null,null,null,null,null,null,null,null,null,null],"y1":[1.4012,1.4102,1.3922,1.4281,1.4012,1.4191,1.491,1.5898,1.6527,1.7245,1.8053,1.8951,1.9939,2.1017,2.1556,2.2454,2.3891,2.4969,2.5597,2.6585,2.7483,2.8202,2.9369,3.0267,3.1076,3.1614,3.0986,2.8292,2.5059,2.1466,1.8862,1.6437,1.5718,1.4012,1.4012,1.4102,1.4102,1.4281,1.4012,1.3922],"x":[4.4451,4.441,4.4322,4.4557,6.7014,7.4794,7.5531,7.5713,7.5696,7.5702,7.5743,7.5749,7.5761,7.5749,7.5731,7.5684,7.5725,7.579,7.5802,7.5831,7.582,7.5814,7.5802,7.5802,7.5855,7.6191,7.602,7.5802,7.5772,7.5755,7.5772,7.5796,7.5784,7.5625,7.4228,7.2926,7.1741,7.0574,6.966,6.8305],"x1":[0.001,0.001,0.001,0.001,0.1689,0.1687,0.1688,0.1689,0.1689,0.1689,0.1689,0.1689,0.1689,0.1689,0.1689,0.1689,0.1689,0.1689,0.169,0.1689,0.1689,0.1689,0.1689,0.1689,0.1689,0.1722,0.1689,0.1689,0.1689,0.1689,0.1689,0.169,0.1689,0.0117,0.0079,0.0056,0.0052,0.0044,0.0037,0.0034],"undefined":[null,null,null,null,null,null,null,null,null,null,null,null,null,null,null,null,null,null,null,null,null,null,null,null,null,null,null,null,null,null,null,null,null,null,null,null,null,null,null,null],"x2":[0.0308,0.023,0.023,24.6836,3.6206,1.2326,0.8814,0.9516,0.8424,0.8112,0.8268,0.7722,0.8112,0.8424,0.7956,0.7722,0.78,0.7722,0.7722,0.78,0.7878,0.8112,0.8034,0.8892,124.9105,24.1686,20.5943,10.9018,2.3954,1.1155,0.9048,1.3497,0.4756,-0.3516,-0.3516,-0.3516,-0.1019,-0.0161,-0.0004,0.0074],"x3":[7.6427,7.7204,7.745,8.124,8.1354,8.123,8.1124,8.1028,8.0928,8.0824,8.0719,8.0648,8.058,8.0505,8.0453,8.0392,8.031,8.0288,8.0232,8.0185,8.0143,8.0092,8.0058,8.1192,8.1695,8.1522,8.1587,8.1519,8.1406,8.1239,4.4777,8.0358,8.0579,9.4627,8.0365,8.0282,8.03,8.0275,8.0318,8.0123],"x4":[-999,-999,-999,-999,-999,-999,-999,-999,-999,-999,-999,-999,-999,-999,-999,-999,-999,-999,-999,-999,-999,-999,-999,-999,-999,-999,-999,-999,-999,-999,-999,-999,-999,-999,-999,-999,-999,-999,-999,-999],"x5":[10.0784,10.0922,10.1154,10.1336,9.6411,9.5536,9.5798,9.5947,9.5765,9.5094,9.3919,9.2376,9.0567,8.8601,8.6563,8.4512,8.2479,8.0523,7.8656,7.6877,7.5214,7.3632,7.2158,7.078,6.9494,6.8255,6.7234,6.6267,6.5335,6.4525,6.3846,6.3225,6.2678,6.2313,6.1984,6.152,6.0856,6.043,6.0153,6.0087],"x6":[0.0019,0.0019,0.0019,0.0019,0.1226,0.12,0.1199,0.1199,0.1199,0.1199,0.1199,0.1199,0.1199,0.1199,0.1199,0.1199,0.1199,0.1199,0.1199,0.1199,0.1199,0.1199,0.1199,0.1199,0.1198,0.1221,0.1198,0.1199,0.1199,0.1199,0.1199,0.1199,0.1199,0.0099,0.0076,0.0061,0.0058,0.0053,0.0049,0.0046],"x7":[1,1,1,1,1,0,0,0,0,0,0,0,0,0,0,0,0,0,0,0,0,0,0,1,1,1,1,1,1,1,1,1,1,1,1,1,1,1,1,1],"x8":[1,1,1,1,1,1,0,0,0,0,0,0,0,0,0,0,0,0,0,0,0,0,0,1,1,1,1,1,1,1,1,1,1,1,1,1,1,1,1,1],"x9":[1,1,1,1,1,0,0,0,0,0,0,0,0,0,0,0,0,0,0,0,0,0,0,1,1,1,1,1,1,1,1,1,1,1,1,1,1,1,1,1],"x10":[1,1,1,1,1,0,0,0,0,0,0,0,0,0,0,0,0,0,0,0,0,0,0,1,1,1,1,1,1,1,1,1,1,1,1,1,1,1,1,1],"x11":[1,1,1,1,1,1,1,1,1,1,1,1,1,1,1,1,1,1,1,1,1,1,1,1,1,1,1,1,1,1,1,1,1,1,1,1,1,1,1,1],"x12":[1,1,1,1,1,0,0,0,0,0,0,0,0,0,0,0,0,0,0,0,0,0,0,1,1,1,1,1,1,1,1,1,1,1,1,1,1,1,1,1],"x13":[1,1,1,1,1,0,0,0,0,0,0,0,0,0,0,0,0,0,0,0,0,0,0,1,1,1,1,1,1,1,1,1,1,1,1,1,1,1,1,1],"x14":[1,1,1,1,1,1,1,1,1,1,1,1,1,1,1,1,1,1,1,1,1,1,1,1,1,1,1,1,1,1,1,1,1,1,1,1,1,1,1,1],"x15":[1,1,1,1,1,0,0,0,0,0,0,0,0,0,0,0,0,0,0,0,0,0,0,1,1,1,1,1,1,1,1,1,1,1,1,1,1,1,1,1],"x16":[1,1,1,1,1,0,0,0,0,0,0,0,0,0,0,0,0,0,0,0,0,0,0,1,1,1,1,1,1,1,1,1,1,1,1,1,1,1,1,1]}