{"M":[1574415750.288,1574415750.692,1574415751.1,1574415751.516,1574415751.92,1574415752.328,1574415752.74,1574415753.148,1574415753.552,1574415753.968,1574415754.372,1574415754.78,1574415755.192,1574415755.6,1574415756.008,1574415756.42,1574415756.828,1574415757.232,1574415757.648,1574415758.052,1574415758.46,1574415758.864,1574415759.28,1574415759.684,1574415760.092,1574415760.508,1574415760.912,1574415761.32,1574415761.732,1574415762.14,1574415762.544,1574415762.96,1574415763.364,1574415763.772,1574415764.184,1574415764.592,1574415765,1574415765.404,1574415765.82,1574415766.224,1574415766.632,1574415767.044,1574415767.452,1574415767.856,1574415768.272,1574415768.68,1574415769.084,1574415769.5,1574415769.904,1574415770.312,1574415770.724,1574415771.132,1574415771.536,1574415771.952,1574415772.356,1574415772.764,1574415773.172,1574415773.584,1574415773.992,1574415774.396,1574415774.812,1574415775.216,1574415775.624,1574415776.036,1574415776.444,1574415776.852,1574415777.264,1574415777.672,1574415778.076,1574415778.492,1574415778.896,1574415779.304,1574415779.716,1574415780.124,1574415780.528,1574415780.936,1574415781.352,1574415781.756,1574415782.164,1574415782.576,1574415782.984,1574415783.388,1574415783.804,1574415784.208,1574415784.616,1574415785.028,1574415785.436,1574415785.844,1574415786.256,1574415786.664],"y":[null,null,null,null,null,null,null,null,null,null,null,null,null,null,0.25851564746526,0.3133802270371279,0.32255823445867576,0.340914393280097,0.3683466043078506,0.37752466645176036,0.41413499530087955,0.4599233018020997,0.46910144752131155,0.47827941683175484,null,null,0.5332459144022058,0.6064665562908209,0.6522549692057193,0.7072213456453046,0.7713657801525361,0.7987980538837798,0.8537645887450399,0.8995529185201487,0.9270870813044099,0.9545193648507644,1.0369181561731948,1.0552742432314468,1.1010627293584228,1.1834614220806237,1.1926394410351604,1.210995638708092,1.3025722756856657,1.3391826540977962,1.3849711705790686,1.4582935522042606,1.4857259335021633,1.5498702251070424,1.6139125907845104,1.641446536560233,1.7054892406576898,1.7512776088145483,1.7788120073911364,1.815421921213051,1.8703883528237595,1.9161768186877066,1.952786819280777,2.0077534425818753,2.0535419158017216,2.09932940116075,2.172549053758268,null,null,null,null,null,null,null,null,null,null,null,null,null,null,null,null,null,null,null,null,null,null,null,null,null,null,null,null,null],"y1":[-0.1706,-0.1796,-0.1796,-0.1796,-0.1796,-0.1886,-0.1976,-0.1796,-0.1796,-0.1706,-0.1617,-0.1617,-0.0898,0,0.0719,0.1257,0.1347,0.1527,0.1796,0.1886,0.2245,0.2694,0.2784,0.2874,0.2874,0.2874,0.3413,0.4131,0.458,0.5119,0.5748,0.6017,0.6556,0.7005,0.7275,0.7544,0.8352,0.8532,0.8981,0.9789,0.9879,1.0059,1.0957,1.1316,1.1765,1.2484,1.2753,1.3382,1.401,1.428,1.4908,1.5357,1.5627,1.5986,1.6525,1.6974,1.7333,1.7872,1.8321,1.877,1.9488,1.9758,2.0297,2.0386,2.0297,2.0297,2.0027,1.7243,1.4819,1.4549,1.41,1.0777,0.9161,0.8712,0.8712,0.7185,0.503,0.467,0.4131,0.3413,0.2784,0.2335,0.1617,0.1796,0.1257,0.0539,0.0629,0.0629,0.0719,0.0539],"x":[9.8924,9.8812,9.8636,9.8258,9.7651,9.6484,9.4521,9.3826,9.2629,9.1262,8.9694,9.507,9.9549,10.064,10.0728,10.0769,10.0746,10.0751,10.0734,10.074,10.0746,10.0728,10.0746,10.0722,10.0728,10.0716,10.0734,10.074,10.0746,10.0734,10.0722,10.0728,10.074,10.0734,10.0728,10.0734,10.0746,10.074,10.0751,10.0751,10.0746,10.0751,10.074,10.0746,10.0757,10.074,10.0751,10.0734,10.0722,10.0704,10.0716,10.0716,10.0728,10.0704,10.0704,10.071,10.0693,10.0704,10.071,10.0663,10.0616,10.0651,10.0698,10.0734,10.0728,10.0704,10.0651,10.0716,10.0746,10.0728,10.074,10.0746,10.0746,10.0728,10.0734,10.074,10.0716,10.071,10.074,10.0681,10.0693,10.0687,10.0693,10.0675,10.0704,10.0698,10.0704,10.0704,10.071,10.0704],"x1":[0.0047,0.0044,0.0041,0.004,0.0039,0.0037,0.0036,0.0035,0.0034,0.0034,0.0033,0.1757,0.1757,0.1758,0.1758,0.1758,0.1758,0.1758,0.1757,0.1758,0.1758,0.1758,0.1758,0.1758,0.1758,0.1758,0.1758,0.1758,0.1758,0.1758,0.1758,0.1758,0.1758,0.1758,0.1758,0.1758,0.1758,0.1758,0.1758,0.1758,0.1758,0.1758,0.1758,0.1758,0.1758,0.1758,0.1758,0.1758,0.1758,0.1758,0.1758,0.1758,0.1758,0.1758,0.1758,0.1758,0.1758,0.1758,0.1758,0.1758,0.1758,0.1758,0.1758,0.1758,0.1758,0.1758,0.1758,0.1758,0.1758,0.1758,0.1758,0.1758,0.1758,0.1758,0.1758,0.1758,0.1758,0.1758,0.1758,0.1758,0.1758,0.1758,0.1758,0.1758,0.1758,0.1758,0.1758,0.1758,0.1758,0.1758],"undefined":[null,null,null,null,null,null,null,null,null,null,null,null,null,null,null,null,null,null,null,null,null,null,null,null,null,null,null,null,null,null,null,null,null,null,null,null,null,null,null,null,null,null,null,null,null,null,null,null,null,null,null,null,null,null,null,null,null,null,null,null,null,null,null,null,null,null,null,null,null,null,null,null,null,null,null,null,null,null,null,null,null,null,null,null,null,null,null,null,null,null],"x2":[6.9295,6.8515,8.5528,13.2117,10.7613,10.0043,9.9107,12.0021,11.4558,10.4881,13.9375,-0.3516,-0.1019,0.9282,0.6941,0.7409,0.8736,0.7175,0.6785,0.7253,0.78,0.6317,0.7097,0.5927,0.5849,0.6395,0.6629,0.6005,0.6707,0.5614,0.5693,0.5927,0.6083,0.6161,0.6629,0.6239,0.5771,0.5849,0.5771,0.6239,0.6083,0.5771,0.6473,0.8814,0.7487,0.6473,0.5849,0.5849,0.5927,0.5927,0.6473,0.5849,0.78,0.6551,0.6005,0.6707,0.6317,0.6473,0.5771,0.6395,0.6239,0.5693,0.5224,0.499,0.5146,0.5224,0.6161,1.1155,0.7019,0.7175,0.6473,0.78,0.6395,0.6473,0.6239,0.6551,0.6551,0.6317,0.6785,0.9126,0.8658,0.8502,0.7331,0.7019,0.8424,0.7487,0.7331,0.8268,2.1613,0.9673],"x3":[8.2546,8.2567,8.2534,8.2556,8.2699,8.2432,8.2404,8.2399,8.2395,8.2395,8.24,8.2193,8.1997,8.1989,8.1836,8.1853,8.1845,8.1808,8.1816,8.1797,8.1672,8.1647,8.167,8.1634,8.1642,8.163,8.126,8.1251,8.1315,8.123,8.1269,8.1248,8.1222,8.1217,8.1247,8.1137,8.1117,8.1145,8.1131,8.1087,8.11,8.1052,8.099,8.1024,8.0943,8.0925,8.0953,8.0872,8.0883,8.0896,8.0841,8.0842,8.086,8.0784,8.0784,8.0807,8.0729,8.0753,8.0745,8.0685,8.0703,7.9907,8.0589,8.0651,8.0651,8.1471,8.0602,8.0593,8.0547,8.0564,8.0567,8.052,8.0524,8.055,8.0553,8.0636,8.0509,8.0481,8.0523,8.0491,8.1602,8.0585,8.0625,8.0635,8.0614,8.0431,8.0461,8.0507,8.0571,8.0622],"x4":[-999,-999,-999,-999,-999,-999,-999,-999,-999,-999,-999,-999,-999,-999,-999,-999,-999,-999,-999,-999,-999,-999,-999,-999,-999,-999,-999,-999,-999,-999,-999,-999,-999,-999,-999,-999,-999,-999,-999,-999,-999,-999,-999,-999,-999,-999,-999,-999,-999,-999,-999,-999,-999,-999,-999,-999,-999,-999,-999,-999,-999,-999,-999,-999,-999,-999,-999,-999,-999,-999,-999,-999,-999,-999,-999,-999,-999,-999,-999,-999,-999,-999,-999,-999,-999,-999,-999,-999,-999,-999],"x5":[4.0673,4.0809,4.0958,4.1042,4.1043,4.1174,4.1569,4.2011,4.2561,4.3125,4.3737,4.3721,4.38,4.4169,4.4618,4.5062,4.5536,4.6,4.6474,4.6894,4.7251,4.7596,4.7914,4.8166,4.8307,4.8379,4.8411,4.8413,4.8399,4.8384,4.8294,4.8166,4.7979,4.7781,4.7586,4.7363,4.7116,4.6861,4.661,4.6337,4.6058,4.5788,4.55,4.5209,4.4925,4.4647,4.436,4.4106,4.3858,4.3614,4.3373,4.3131,4.2884,4.266,4.2428,4.2208,4.2004,4.1798,4.1602,4.1411,4.1227,4.1048,4.0865,4.066,4.0475,4.0326,4.0091,3.992,3.983,3.9703,3.9571,3.9476,3.9399,3.9309,3.9208,3.9116,3.9065,3.8991,3.8907,3.8856,3.875,3.8653,3.8558,3.8388,3.8196,3.7981,3.7671,3.763,3.768,3.7661],"x6":[0.0068,0.0067,0.0066,0.0065,0.0064,0.0062,0.0061,0.006,0.0059,0.0058,0.0057,0.1189,0.1176,0.1173,0.1173,0.1173,0.1173,0.1173,0.1172,0.1173,0.1173,0.1173,0.1173,0.1173,0.1173,0.1173,0.1173,0.1173,0.1173,0.1173,0.1173,0.1173,0.1173,0.1173,0.1173,0.1173,0.1173,0.1173,0.1173,0.1173,0.1173,0.1173,0.1173,0.1173,0.1173,0.1173,0.1173,0.1173,0.1173,0.1173,0.1173,0.1173,0.1173,0.1173,0.1173,0.1173,0.1173,0.1173,0.1173,0.1173,0.1173,0.1173,0.1173,0.1173,0.1173,0.1173,0.1173,0.1173,0.1173,0.1173,0.1173,0.1173,0.1173,0.1173,0.1173,0.1173,0.1173,0.1173,0.1173,0.1173,0.1173,0.1173,0.1173,0.1173,0.1173,0.1173,0.1173,0.1173,0.1173,0.1173],