{"M":[1575535103.288,1575535103.692,1575535104.1,1575535104.516,1575535104.92,1575535105.328,1575535105.74,1575535106.148,1575535106.552,1575535106.968,1575535107.372,1575535107.78,1575535108.192,1575535108.6,1575535109.008,1575535109.42,1575535109.828,1575535110.232,1575535110.648,1575535111.052,1575535111.46,1575535111.864,1575535112.28,1575535112.688,1575535113.092,1575535113.508,1575535113.912,1575535114.32,1575535114.732,1575535115.14,1575535115.544,1575535115.96,1575535116.364,1575535116.772,1575535117.188,1575535117.592,1575535118,1575535118.404,1575535118.82,1575535119.224,1575535119.632,1575535120.044,1575535120.452,1575535120.856,1575535121.272,1575535121.68,1575535122.084,1575535122.5,1575535122.904,1575535123.312,1575535123.724,1575535124.132,1575535124.536,1575535124.952,1575535125.356,1575535125.764,1575535126.172,1575535126.584,1575535126.992,1575535127.396,1575535127.812,1575535128.216,1575535128.624,1575535129.036,1575535129.444,1575535129.852],"y":[null,null,null,null,null,null,null,null,null,0.03962916364231723,0.10376462481847193,0.1770765529626193,0.231933035930653,0.29606820365470693,0.37845473514442235,0.46094321621432466,0.5616833709802994,0.6348931026253355,0.6806747412354175,0.753986317393295,0.8363730662337665,0.9005074389323444,0.9553622316342115,0.9920677399976685,1.0470250132935712,1.0836288842490773,1.1202329874422174,1.175190541637959,1.2209718576008077,1.275930824829961,1.312536504008905,1.330864036565612,1.3948913553079083,1.4314838999010933,1.4406583177677885,1.4498372859966915,null,null,null,null,null,null,null,null,null,null,null,null,null,null,null,null,null,null,null,null,null,null,null,null,null,null,null,null,null,null],"y1":[1.5,1.509,1.5359,1.5269,1.5449,1.5269,1.509,1.509,1.5179,1.5628,1.6257,1.6976,1.7514,1.8143,1.8951,1.976,2.0748,2.1466,2.1915,2.2634,2.3442,2.4071,2.4609,2.4969,2.5508,2.5867,2.6226,2.6765,2.7214,2.7753,2.8112,2.8292,2.892,2.9279,2.9369,2.9459,2.9459,2.9639,2.9728,2.9639,2.9549,2.9459,2.8561,2.7034,2.4699,2.2185,2.1197,2.0568,1.8323,1.5628,1.5269,1.5808,1.5,1.5449,1.5179,1.5269,1.5179,1.5,1.491,1.491,1.509,1.5,1.509,1.5,1.482,1.473],"x":[2.5272,2.5372,2.5443,2.5502,2.5484,2.4936,2.4423,2.3952,6.5358,7.8985,8.1248,8.1549,8.1631,8.1702,8.169,8.169,8.1725,8.1708,8.1708,8.1661,8.1702,8.1578,8.1331,8.1124,8.0989,8.0871,8.0782,8.0729,8.0712,8.0859,8.0965,8.1313,8.2044,8.2333,8.2598,8.2946,8.3606,8.4195,8.4625,8.4973,8.5156,8.5156,8.4437,8.1513,8.1171,8.1537,8.1655,8.1649,8.1649,8.1678,8.1136,8.1566,8.156,8.1631,8.1584,8.0441,7.9727,7.938,7.9108,7.8755,7.8348,7.8036,7.7959,7.7883,7.7847,7.747],"x1":[0.0007,0.0007,0.0007,0.0007,0.0007,0.0007,0.0007,0.0009,0.1707,0.1705,0.1708,0.1709,0.1708,0.171,0.1711,0.1712,0.1711,0.1712,0.1712,0.1712,0.1712,0.1711,0.1711,0.171,0.1711,0.1711,0.1711,0.1712,0.1711,0.1714,0.1712,0.2095,0.2234,0.2407,0.2464,0.2474,0.2474,0.2472,0.2474,0.2476,0.2481,0.224,0.2289,0.1918,0.172,0.1719,0.1718,0.1717,0.1716,0.0395,0.0114,0.1715,0.0167,0.1714,0.0168,0.009,0.0058,0.0046,0.004,0.0036,0.0033,0.0031,0.0029,0.0027,0.0026,0.0024],"undefined":[null,null,null,null,null,null,null,null,null,null,null,null,null,null,null,null,null,null,null,null,null,null,null,null,null,null,null,null,null,null,null,null,null,null,null,null,null,null,null,null,null,null,null,null,null,null,null,null,null,null,null,null,null,null,null,null,null,null,null,null,null,null,null,null,null,null],"x2":[0.3351,0.2805,0.2727,0.0464,0.2337,0.023,0.0386,1.4589,0.8736,0.6473,0.6239,0.538,0.538,0.538,0.5614,0.5614,0.538,0.5146,0.6083,0.6005,0.5458,0.5693,0.5302,0.5224,0.5302,0.5302,0.5771,0.538,0.6083,0.6239,28.6793,128.8438,19.1038,2.5437,0.5146,0.2259,87.2016,438.3664,488.0936,496.0849,496.6936,182.1217,235.47,434.2459,102.4584,48.8839,47.3777,18.1049,3.8079,265.7417,270.549,360.2639,168.215,363.0109,189.1922,31.2312,4.7678,1.1702,0.5068,0.2961,0.2025,0.1634,0.1322,0.1088,0.2493,0.0932],"x3":[8.0084,8.0135,7.9818,7.9328,7.8948,7.9694,8.0128,8.1837,8.2207,8.2224,8.2026,8.1924,8.1797,8.1681,8.1488,8.1349,8.1265,8.1148,8.1049,8.0955,8.0868,8.0791,8.0723,8.0673,8.0617,8.0576,8.0525,8.0432,8.0382,7.9826,7.9557,7.9233,7.9158,7.9217,7.8697,7.9024,7.9132,7.9227,7.9318,7.931,7.9527,7.9233,7.8142,7.9354,8.0157,8.0268,8.0388,8.0202,8.0136,8.0106,7.9847,7.9866,7.9847,7.9649,7.9635,7.3991,7.9764,7.9501,7.9509,7.9597,7.9636,7.9713,7.9732,7.9707,7.9595,7.9754],"x4":[-999,-999,-999,-999,-999,-999,-999,-999,-999,-999,-999,-999,-999,-999,-999,-999,-999,-999,-999,-999,-999,-999,-999,-999,-999,-999,-999,-999,-999,-999,-999,-999,-999,-999,-999,-999,-999,-999,-999,-999,-999,-999,-999,-999,-999,-999,-999,-999,-999,-999,-999,-999,-999,-999,-999,-999,-999,-999,-999,-999,-999,-999,-999,-999,-999,-999],"x5":[8.2587,8.2414,8.2353,8.245,8.2605,8.2703,8.2814,8.2845,7.7593,7.5981,7.5816,7.58,7.5732,7.5711,7.5784,7.5826,7.5855,7.582,7.5763,7.5694,7.5584,7.5445,7.5254,7.496,7.4635,7.4286,7.386,7.3389,7.2865,7.2288,7.1701,7.1091,7.0397,6.968,6.8919,6.8183,6.7418,6.6673,6.5974,6.5296,6.4652,6.4051,6.3744,6.3578,6.3026,6.2374,6.1785,6.1225,6.07,6.0181,5.9582,5.8906,5.8365,5.7723,5.7215,5.6612,5.5846,5.5202,5.4653,5.4189,5.3787,5.3362,5.2963,5.2617,5.2315,5.2089],"x6":[0.0004,0.0004,0.0004,0.0004,0.0004,0.0003,0.0003,0.0004,0.1245,0.1201,0.1196,0.1196,0.1195,0.1196,0.1196,0.1197,0.1196,0.1197,0.1197,0.1197,0.1197,0.1197,0.1198,0.1198,0.1198,0.1199,0.1199,0.12,0.1199,0.1201,0.12,0.1473,0.157,0.1694,0.1733,0.1739,0.1736,0.1732,0.1732,0.1731,0.1734,0.1562,0.16,0.1345,0.1205,0.1202,0.1201,0.1201,0.12,0.0281,0.01,0.12,0.0133,0.1199,0.0134,0.0085,0.0065,0.0059,0.0055,0.0053,0.0051,0.005,0.0049,0.0048,0.0047,0.0046],"x7":[1,1,1,1,1,1,1,1,1,0,0,0,0,0,0,0,0,0,0,0,0,0,0,0,0,0,0,0,0,0,0,0,0,0,0,0,1,1,1,1,1,1,1,1,1,1,1,1,1,1,1,1,1,1,1,1,1,1,1,1,1,1,1,1,1,1],"x8":[1,1,1,1,1,1,1,1,1,0,0,0,0,0,0,0,0,0,0,0,0,0,0,0,0,0,0,0,0,0,0,0,0,0,0,0,1,1,1,1,1,1,1,1,1,1,1,1,1,1,1,1,1,1,1,1,1,1,1,1,1,1,1,1,1,1],"x9":[1,1,1,1,1,1,1,1,1,0,0,0,0,0,0,0,0,0,0,0,0,0,0,0,0,0,0,0,0,0,0,0,0,0,0,0,1,1,1,1,1,1,1,1,1,1,1,1,1,1,1,1,1,1,1,1,1,1,1,1,1,1,1,1,1,1],"x10":[1,1,1,1,1,1,1,1,1,0,0,0,0,0,0,0,0,0,0,0,0,0,0,0,0,0,0,0,0,0,0,0,0,0,0,0,1,1,1,1,1,1,1,1,1,1,1,1,1,1,1,1,1,1,1,1,1,1,1,1,1,1,1,1,1,1],"x11":[1,1,1,1,1,1,1,1,1,1,1,1,1,1,1,1,1,1,1,1,1,1,1,1,1,1,1,1,1,1,1,1,1,1,1,1,1,1,1,1,1,1,1,1,1,1,1,1,1,1,1,1,1,1,1,1,1,1,1,1,1,1,1,1,1,1],"x12":[1,1,1,1,1,1,1,1,1,0,0,0,0,0,0,0,0,0,0,0,0,0,0,0,0,0,0,0,0,0,0,0,0,0,0,0,1,1,1,1,1,1,1,1,1,1,1,1,1,1,1,1,1,1,1,1,1,1,1,1,1,1,1,1,1,1],"x13":[1,1,1,1,1,1,1,1,1,0,0,0,0,0,0,0,0,0,0,0,0,0,0,0,0,0,0,0,0,0,0,0,0,0,0,0,1,1,1,1,1,1,1,1,1,1,1,1,1,1,1,1,1,1,1,1,1,1,1,1,1,1,1,1,1,1],"x14":[1,1,1,1,1,1,1,1,1,1,1,1,1,1,1,1,1,1,1,1,1,1,1,1,1,1,1,1,1,1,1,1,1,1,1,1,1,1,1,1,1,1,1,1,1,1,1,1,1,1,1,1,1,1,1,1,1,1,1,1,1,1,1,1,1,1],"x15":[1,1,1,1,1,1,1,1,1,0,0,0,0,0,0,0,0,0,0,0,0,0,0,0,0,0,0,0,0,0,0,0,0,0,0,0,1,1,1,1,1,1,1,1,1,1,1,1,1,1,1,1,1,1,1,1,1,1,1,1,1,1,1,1,1,1],"x16":[1,1,1,1,1,1,1,1,1,0,0,0,0,0,0,0,0,0,0,0,0,0,0,0,0,0,0,0,0,0,0,0,0,0,0,0,1,1,1,1,1,1,1,1,1,1,1,1,1,1,1,1,1,1,1,1,1,1,1,1,1,1,1,1,1,1]}