{"M":[1576150808.288,1576150808.692,1576150809.1,1576150809.516,1576150809.92,1576150810.328,1576150810.74,1576150811.148,1576150811.552,1576150811.968,1576150812.372,1576150812.78,1576150813.192,1576150813.6,1576150814.008,1576150814.42,1576150814.828,1576150815.232,1576150815.648,1576150816.052,1576150816.46,1576150816.864,1576150817.28,1576150817.688,1576150818.092,1576150818.508,1576150818.912,1576150819.32,1576150819.732,1576150820.14,1576150820.544,1576150820.96,1576150821.364,1576150821.772,1576150822.188,1576150822.592],"y":[null,null,null,null,null,null,null,0.15875052250208496,0.2869133924270737,0.41517815705865097,0.570767988577093,0.7448123901193507,0.8637989828584262,0.9737109584079551,1.0652703425006131,1.147653296817591,1.284993308204983,1.3674777697791536,1.4132550819382566,1.431509337114803,null,null,null,null,null,null,null,null,null,null,null,null,null,null,null,null],"y1":[1.3742,1.3922,1.4012,1.3832,1.3742,1.3832,1.4102,1.5449,1.6706,1.7964,1.949,2.1197,2.2364,2.3442,2.434,2.5148,2.6495,2.7304,2.7753,2.7932,2.8202,2.8292,2.8561,2.8292,2.6855,2.4789,2.2274,1.9131,1.7245,1.7065,1.5269,1.4371,1.4281,1.4371,1.4281,1.4371],"x":[6.5151,6.4751,6.4126,6.3766,6.3059,6.2151,7.3385,7.4399,7.4476,7.4476,7.447,7.4452,7.4482,7.4458,7.4452,7.4446,7.4564,7.4835,7.5548,7.5961,7.6385,7.6857,7.711,7.7099,7.5637,7.4505,7.4423,7.4429,7.4405,7.4423,7.4405,7.4269,7.3544,7.2578,7.226,7.2012],"x1":[0.0022,0.0023,0.0023,0.0023,0.0023,0.1103,0.1682,0.1682,0.1683,0.1682,0.1683,0.1683,0.1683,0.1682,0.1683,0.1683,0.1683,0.1717,0.1817,0.1814,0.1795,0.1791,0.1789,0.1856,0.1718,0.1685,0.1683,0.1683,0.1683,0.1683,0.0531,0.0107,0.0071,0.0053,0.0044,0.0037],"undefined":[null,null,null,null,null,null,null,null,null,null,null,null,null,null,null,null,null,null,null,null,null,null,null,null,null,null,null,null,null,null,null,null,null,null,null,null],"x2":[-0.0317,-0.1175,-0.3516,-0.0629,160.9339,160.2237,25.7294,4.2371,1.4667,1.0141,0.858,0.8424,0.8112,0.78,0.7644,0.7644,0.8502,190.5969,44.0532,6.4925,1.7008,0.78,0.46,0.3507,19.3925,3.4411,1.2014,0.8658,0.8268,0.8034,314.8211,332.1382,424.4753,486.5406,495.164,131.0445],"x3":[8.0481,8.0545,8.0469,8.065,8.0335,8.0364,8.0147,8.0181,8.0047,7.994,7.9864,7.9838,7.978,7.9794,7.9836,7.9722,7.9251,7.7821,7.718,7.7166,7.716,7.7177,7.7313,7.7095,7.8218,7.9802,8.019,8.259,8.0767,7.9691,8.0367,7.2708,8.0939,8.0086,8.0083,7.6798],"x4":[-999,-999,-999,-999,-999,-999,-999,-999,-999,-999,-999,-999,-999,-999,-999,-999,-999,-999,-999,-999,-999,-999,-999,-999,-999,-999,-999,-999,-999,-999,-999,-999,-999,-999,-999,-999],"x5":[7.6414,7.7818,7.9118,8.0115,8.1186,8.2186,8.1485,8.2339,8.3045,8.3451,8.3459,8.3027,8.2159,8.0997,7.9639,7.8169,7.6633,7.5088,7.3548,7.2174,7.0815,6.9476,6.8157,6.6836,6.5653,6.4213,6.2463,6.0758,5.9232,5.7991,5.7093,5.6365,5.5826,5.5482,5.5144,5.4891],"x6":[0.0038,0.0038,0.0038,0.0038,0.0037,0.0803,0.1201,0.1198,0.1198,0.1198,0.1198,0.1198,0.1198,0.1198,0.1198,0.1199,0.1198,0.1222,0.1292,0.1289,0.1274,0.1269,0.1267,0.1315,0.122,0.12,0.1199,0.1199,0.1199,0.1199,0.0377,0.0093,0.0071,0.0059,0.0054,0.005],"x7":[1,1,1,1,1,1,1,0,0,0,0,0,0,0,0,0,0,0,0,0,1,1,1,1,1,1,1,1,1,1,1,1,1,1,1,1],"x8":[1,1,1,1,1,1,1,0,0,0,0,0,0,0,0,0,0,0,0,0,1,1,1,1,1,1,1,1,1,1,1,1,1,1,1,1],"x9":[1,1,1,1,1,1,1,0,0,0,0,0,0,0,0,0,0,0,0,0,1,1,1,1,1,1,1,1,1,1,1,1,1,1,1,1],"x10":[1,1,1,1,1,1,1,0,0,0,0,0,0,0,0,0,0,0,0,0,1,1,1,1,1,1,1,1,1,1,1,1,1,1,1,1],"x11":[1,1,1,1,1,1,1,1,1,1,1,1,1,1,1,1,1,1,1,1,1,1,1,1,1,1,1,1,1,1,1,1,1,1,1,1],"x12":[1,1,1,1,1,1,1,0,0,0,0,0,0,0,0,0,0,0,0,0,1,1,1,1,1,1,1,1,1,1,1,1,1,1,1,1],"x13":[1,1,1,1,1,1,1,0,0,0,0,0,0,0,0,0,0,0,0,0,1,1,1,1,1,1,1,1,1,1,1,1,1,1,1,1],"x14":[1,1,1,1,1,1,1,1,1,1,1,1,1,1,1,1,1,1,1,1,1,1,1,1,1,1,1,1,1,1,1,1,1,1,1,1],"x15":[1,1,1,1,1,1,1,0,0,0,0,0,0,0,0,0,0,0,0,0,1,1,1,1,1,1,1,1,1,1,1,1,1,1,1,1],"x16":[1,1,1,1,1,1,1,0,0,0,0,0,0,0,0,0,0,0,0,0,1,1,1,1,1,1,1,1,1,1,1,1,1,1,1,1]}