{"M":[1576150752.288,1576150752.692,1576150753.1,1576150753.516,1576150753.92,1576150754.328,1576150754.74,1576150755.148,1576150755.552,1576150755.968,1576150756.372,1576150756.78,1576150757.192,1576150757.6,1576150758.008,1576150758.412,1576150758.828,1576150759.232,1576150759.64,1576150760.052,1576150760.46,1576150760.864,1576150761.28,1576150761.688,1576150762.092,1576150762.508,1576150762.912,1576150763.32,1576150763.732,1576150764.14,1576150764.544,1576150764.96,1576150765.364,1576150765.772,1576150766.18,1576150766.592,1576150767,1576150767.404,1576150767.82,1576150768.224,1576150768.632,1576150769.044,1576150769.452,1576150769.856,1576150770.272,1576150770.68,1576150771.084,1576150771.5],"y":[null,null,null,null,null,null,null,null,null,null,0.1483510130541838,0.1575274062825255,null,0.2124835461297346,0.31321953234810496,0.368175670181321,0.41395547519694353,0.5055149803999519,0.6154273024726971,0.7801937535337701,0.8809297371378567,0.9908420520930279,1.1098289389030647,1.1923140053245254,1.29304975843919,1.4486396732949667,null,null,null,null,null,null,null,null,null,null,null,null,null,null,null,null,null,null,null,null,null,null],"y1":[1.3742,1.3742,1.3652,1.3742,1.3742,1.3652,1.3563,1.3832,1.3832,1.4281,1.5179,1.5269,1.5269,1.5808,1.6796,1.7335,1.7784,1.8682,1.976,2.1376,2.2364,2.3442,2.4609,2.5418,2.6406,2.7932,2.8741,2.9818,3.0626,3.0626,2.8741,2.5957,2.3622,2.1197,1.9221,1.9131,1.7874,1.4371,1.4191,1.4191,1.4281,1.4102,1.4191,1.4012,1.3922,1.3922,1.4012,1.3832],"x":[5.0499,4.8571,4.6968,4.553,4.4575,4.4245,4.3809,5.799,7.3291,7.4558,7.4806,7.4841,7.4794,7.4865,7.4865,7.4853,7.4853,7.4829,7.4823,7.4829,7.4823,7.4841,7.4859,7.4835,7.4806,7.4794,7.48,7.4859,7.4947,7.4994,7.48,7.4759,7.4747,7.4753,7.4776,7.4776,7.4818,7.4841,7.3981,7.269,7.1346,7.0167,6.9814,6.9377,6.903,6.8876,6.8393,6.8417],"x1":[0.0007,0.0007,0.0007,0.0007,0.0007,0.0007,0.0006,0.1679,0.1679,0.1682,0.1682,0.1682,0.1684,0.1685,0.1684,0.1684,0.1684,0.1685,0.1684,0.1685,0.1684,0.1685,0.1684,0.1684,0.1684,0.1685,0.1685,0.1684,0.1684,0.1684,0.1685,0.1684,0.1684,0.1685,0.1685,0.1686,0.1686,0.0218,0.0082,0.0059,0.0049,0.0042,0.0041,0.0037,0.0036,0.0038,0.0031,0.0028],"undefined":[null,null,null,null,null,null,null,null,null,null,null,null,null,null,null,null,null,null,null,null,null,null,null,null,null,null,null,null,null,null,null,null,null,null,null,null,null,null,null,null,null,null,null,null,null,null,null,null],"x2":[1.7633,0.9595,1.3106,1.0453,0.7253,-0.3516,-0.3516,-0.3516,-0.3516,-0.3516,-0.3516,-0.3516,0.3741,0.78,0.7565,0.9282,0.7253,0.7565,0.7565,0.7409,0.7644,0.7409,0.78,0.7722,0.8112,0.7331,0.7878,0.8112,290.3477,101.319,15.1003,2.9261,1.2638,0.9438,0.8268,0.7878,-0.3516,-0.3516,-0.3516,-0.3516,-0.1253,-0.0239,-0.0004,-0.0004,0.0074,0.0152,0.0074,0.0152],"x3":[6.418,6.3281,6.2702,6.3812,6.451,6.6832,7.109,8.1729,8.197,8.1812,8.1645,8.1666,8.135,8.112,8.0956,8.0952,8.0909,8.079,8.0568,8.0479,8.042,8.0316,8.0303,8.0233,8.0165,8.0079,8.0042,8.0725,8.0847,8.1243,8.1285,8.1172,8.1067,8.091,8.075,8.0627,8.0416,5.7149,8.0724,8.1574,7.9749,8.0297,8.0439,8.0259,8.0367,8.0601,8.0677,8.052],"x4":[-999,-999,-999,-999,-999,-999,-999,-999,-999,-999,-999,-999,-999,-999,-999,-999,-999,-999,-999,-999,-999,-999,-999,-999,-999,-999,-999,-999,-999,-999,-999,-999,-999,-999,-999,-999,-999,-999,-999,-999,-999,-999,-999,-999,-999,-999,-999,-999],"x5":[10.7409,10.7945,10.8404,10.8817,10.9105,10.9164,10.9228,10.55,10.2341,10.2388,10.2545,10.2425,10.1799,10.0832,9.9408,9.7621,9.5588,9.3433,9.1265,8.9132,8.7039,8.4999,8.3064,8.122,7.9475,7.783,7.6287,7.4823,7.3446,7.2164,7.1024,6.9924,6.8889,6.7964,6.7093,6.6278,6.5554,6.4933,6.4441,6.4144,6.3578,6.2738,6.2209,6.1998,6.2015,6.2471,6.3192,6.4011],"x6":[0.0021,0.002,0.0019,0.0018,0.0017,0.0017,0.0016,0.1249,0.1199,0.1197,0.1197,0.1196,0.1198,0.1199,0.1198,0.1198,0.1198,0.1199,0.1198,0.1199,0.1198,0.1199,0.1198,0.1198,0.1198,0.1199,0.1199,0.1198,0.1198,0.1198,0.1199,0.1199,0.1199,0.1199,0.1199,0.1199,0.1199,0.0165,0.0077,0.0063,0.0056,0.0052,0.0051,0.0049,0.0048,0.0049,0.0045,0.0043],"x7":[1,1,1,1,1,1,1,1,1,1,0,0,0,0,0,0,0,0,0,0,0,0,0,0,0,0,1,1,1,1,1,1,1,1,1,1,1,1,1,1,1,1,1,1,1,1,1,1],"x8":[1,1,1,1,1,1,1,1,1,1,0,0,1,0,0,0,0,0,0,0,0,0,0,0,0,0,1,1,1,1,1,1,1,1,1,1,1,1,1,1,1,1,1,1,1,1,1,1],"x9":[1,1,1,1,1,1,1,1,1,1,0,0,0,0,0,0,0,0,0,0,0,0,0,0,0,0,1,1,1,1,1,1,1,1,1,1,1,1,1,1,1,1,1,1,1,1,1,1],"x10":[1,1,1,1,1,1,1,1,1,1,0,0,0,0,0,0,0,0,0,0,0,0,0,0,0,0,1,1,1,1,1,1,1,1,1,1,1,1,1,1,1,1,1,1,1,1,1,1],"x11":[1,1,1,1,1,1,1,1,1,1,1,1,1,1,1,1,1,1,1,1,1,1,1,1,1,1,1,1,1,1,1,1,1,1,1,1,1,1,1,1,1,1,1,1,1,1,1,1],"x12":[1,1,1,1,1,1,1,1,1,1,1,1,0,0,0,0,0,0,0,0,0,0,0,0,0,0,1,1,1,1,1,1,1,1,1,1,1,1,1,1,1,1,1,1,1,1,1,1],"x13":[1,1,1,1,1,1,1,1,1,1,0,0,0,0,0,0,0,0,0,0,0,0,0,0,0,0,1,1,1,1,1,1,1,1,1,1,1,1,1,1,1,1,1,1,1,1,1,1],"x14":[1,1,1,1,1,1,1,1,1,1,1,1,1,1,1,1,1,1,1,1,1,1,1,1,1,1,1,1,1,1,1,1,1,1,1,1,1,1,1,1,1,1,1,1,1,1,1,1],"x15":[1,1,1,1,1,1,1,1,1,1,0,0,0,0,0,0,0,0,0,0,0,0,0,0,0,0,1,1,1,1,1,1,1,1,1,1,1,1,1,1,1,1,1,1,1,1,1,1],"x16":[1,1,1,1,1,1,1,1,1,1,0,0,0,0,0,0,0,0,0,0,0,0,0,0,0,0,1,1,1,1,1,1,1,1,1,1,1,1,1,1,1,1,1,1,1,1,1,1]}