{"M":[1573089138.288,1573089138.692,1573089139.1,1573089139.516,1573089139.92,1573089140.328,1573089140.74,1573089141.148,1573089141.552,1573089141.968,1573089142.372,1573089142.78,1573089143.192,1573089143.6,1573089144.008,1573089144.42,1573089144.828,1573089145.232,1573089145.648,1573089146.052,1573089146.46,1573089146.864,1573089147.28,1573089147.684,1573089148.092,1573089148.508,1573089148.912,1573089149.32,1573089149.732,1573089150.14,1573089150.544,1573089150.96,1573089151.364,1573089151.772,1573089152.184,1573089152.592,1573089153,1573089153.412,1573089153.82,1573089154.224,1573089154.632,1573089155.044,1573089155.452,1573089155.856,1573089156.272,1573089156.68,1573089157.084,1573089157.5,1573089157.904,1573089158.312,1573089158.724,1573089159.132,1573089159.536,1573089159.952,1573089160.356,1573089160.764,1573089161.172,1573089161.584,1573089161.992,1573089162.396,1573089162.812,1573089163.216,1573089163.624,1573089164.036,1573089164.444,1573089164.852,1573089165.264,1573089165.672,1573089166.076,1573089166.492,1573089166.896,1573089167.304,1573089167.716,1573089168.124,1573089168.528,1573089168.936,1573089169.352,1573089169.756,1573089170.164,1573089170.576,1573089170.984,1573089171.388,1573089171.804,1573089172.208,1573089172.616,1573089173.028,1573089173.436,1573089173.844,1573089174.256],"y":[null,null,null,null,null,null,null,null,null,null,null,0.2326942120232853,0.2968613444219356,0.32430244899087934,0.34266441682612764,0.38846815028970144,null,0.4160117890150595,0.45263496855414254,0.5167011330070352,0.6174904896265325,0.7182802247371539,0.7824471209561416,0.8466130743369581,0.9290403379651706,0.9748482106986842,1.0022905903238064,1.0480954903661206,1.0664576601766045,1.1488853168855306,1.2222329664818399,1.2404932475580386,null,1.2862976281325165,1.3780084354153752,1.423813053072183,null,null,1.478672470744975,1.4878547142065441,null,1.506237282405233,null,null,null,null,null,null,null,null,null,null,null,null,null,null,null,null,null,null,null,null,null,null,null,null,null,null,null,null,null,null,null,null,null,null,null,null,null,null,null,null,null,null,null,null,null,null,null],"y1":[-0.1706,-0.1796,-0.2066,-0.2066,-0.1976,-0.1976,-0.1796,-0.1706,-0.1347,-0.0719,-0.0269,0.0359,0.0988,0.1257,0.1437,0.1886,0.1886,0.2156,0.2515,0.3143,0.4131,0.5119,0.5748,0.6377,0.7185,0.7634,0.7903,0.8352,0.8532,0.934,1.0059,1.0238,1.0238,1.0687,1.1586,1.2035,1.1945,1.1945,1.2573,1.2663,1.2663,1.2843,1.2753,1.2843,1.2843,1.2933,1.3022,1.3022,1.2663,0.9161,0.7095,0.7185,0.6377,0.458,0.3772,0.0629,-0.0539,-0.009,0,0.0359,0.0269,0,-0.009,0,0,-0.009,0,0.0269,0.0359,0.009,0.0269,0.0539,0.0359,0.0449,0.0449,-0.018,-0.1078,-0.1437,-0.1617,-0.1527,-0.1347,-0.1257,-0.1437,-0.1257,-0.1168,-0.1168,-0.1257,-0.1078,-0.1168],"x":[12.8831,12.8406,12.7882,12.7169,12.6131,12.4929,12.4092,12.9703,13.1359,13.1737,13.1695,13.1972,13.2043,13.186,13.1748,13.1648,13.166,13.1631,13.1695,13.1925,13.186,13.1854,13.186,13.179,13.1801,13.2084,13.2126,13.2149,13.2137,13.2143,13.2096,13.2073,13.2055,13.2084,13.209,13.2096,13.2043,13.2067,13.2214,13.2403,13.2915,13.3523,13.3941,13.4194,13.4342,13.4477,13.4554,13.4613,13.3858,13.1843,13.1866,13.1937,13.1813,13.1778,13.1825,13.189,13.1684,13.1819,13.1931,13.1913,13.1825,13.1731,13.1825,13.189,13.1902,13.1866,13.186,13.2067,13.2291,13.2226,13.2137,13.1937,13.2255,13.2297,13.2249,13.2008,13.2002,13.0434,12.9568,12.9202,12.912,12.866,12.8577,12.8182,12.8035,12.7711,12.9126,13.1188,13.176],"x1":[0.0061,0.0054,0.0052,0.0045,0.0043,0.0044,0.0027,0.1759,0.1758,0.1761,0.1762,0.1763,0.1764,0.176,0.1764,0.1762,0.176,0.1759,0.1765,0.1765,0.1766,0.1765,0.1765,0.1765,0.1767,0.1766,0.1767,0.1764,0.1768,0.1768,0.1767,0.1765,0.1765,0.1769,0.177,0.1768,0.1766,0.2055,0.214,0.2176,0.2195,0.2205,0.2225,0.2282,0.229,0.2245,0.2262,0.2292,0.3233,0.1813,0.1784,0.178,0.1772,0.1772,0.177,0.1769,0.1769,0.177,0.177,0.177,0.1768,0.1768,0.1768,0.1769,0.1769,0.1768,0.1768,0.177,0.177,0.177,0.177,0.1769,0.177,0.1771,0.177,0.177,0.1767,0.0133,0.0094,0.0077,0.0066,0.0057,0.0045,0.0038,0.0034,0.0031,0.1764,0.1758,0.175],"undefined":[null,null,null,null,null,null,null,null,null,null,null,null,null,null,null,null,null,null,null,null,null,null,null,null,null,null,null,null,null,null,null,null,null,null,null,null,null,null,null,null,null,null,null,null,null,null,null,null,null,null,null,null,null,null,null,null,null,null,null,null,null,null,null,null,null,null,null,null,null,null,null,null,null,null,null,null,null,null,null,null,null,null,null,null,null,null,null,null,null],"x2":[0.2883,0.2805,0.4132,0.3741,0.3351,0.3898,6.391,98.7827,17.4805,3.285,1.2794,0.9751,0.8112,0.8424,0.7565,0.7019,0.8424,0.7409,0.7644,0.7487,0.8658,0.7644,0.7097,0.8034,0.7253,0.6941,0.7487,0.6707,0.8658,0.7097,0.6785,0.7253,0.7253,0.6863,0.9907,1.576,1.4745,216.0536,55.8216,9.497,2.3798,1.1546,0.6941,0.4912,0.3976,0.3507,0.3195,0.2883,114.1176,38.567,6.0321,19.0413,7.5929,19.2755,4.2449,1.3184,2.4266,26.463,6.0945,2.9729,2.8168,2.5593,3.0587,1.8647,1.217,1.1702,0.9438,0.8424,0.7956,0.7175,0.7722,0.7253,0.7175,0.8346,0.8268,0.8034,4.7444,100.3903,16.3021,2.5281,0.6473,0.3585,0.6629,0.5771,0.9282,1.0063,291.6744,87.3186,28.9056],"x3":[8.3454,8.3454,8.3454,8.3464,8.3474,8.3468,8.3347,8.3317,8.3246,8.3145,8.3153,8.31,8.3033,8.3041,8.2856,8.2846,8.2908,8.2949,8.2832,8.2713,8.2597,8.2594,8.266,8.2612,8.2522,8.258,8.2601,8.258,8.254,8.2502,8.2432,8.2432,8.2461,8.2362,8.1823,8.1532,8.1437,8.1219,8.1027,8.097,8.0945,8.0922,8.0922,8.0909,8.0893,8.088,8.0876,8.0871,8.1007,8.1626,8.1685,8.1629,8.1853,8.1803,8.1888,8.1849,8.1765,8.1827,8.1928,8.1971,8.1973,8.2006,8.2009,8.2052,8.2086,8.2077,8.211,8.2019,8.2019,8.1967,8.1968,8.1929,8.1911,8.1892,8.1873,8.1863,8.1897,8.1941,8.1675,8.1909,8.1967,8.2094,8.2108,8.2069,8.2184,8.2268,8.1913,8.1869,8.1852],"x4":[-999,-999,-999,-999,-999,-999,-999,-999,-999,-999,-999,-999,-999,-999,-999,-999,-999,-999,-999,-999,-999,-999,-999,-999,-999,-999,-999,-999,-999,-999,-999,-999,-999,-999,-999,-999,-999,-999,-999,-999,-999,-999,-999,-999,-999,-999,-999,-999,-999,-999,-999,-999,-999,-999,-999,-999,-999,-999,-999,-999,-999,-999,-999,-999,-999,-999,-999,-999,-999,-999,-999,-999,-999,-999,-999,-999,-999,-999,-999,-999,-999,-999,-999,-999,-999,-999,-999,-999,-999],"x5":[7.5347,7.5099,7.4862,7.4706,7.4624,7.461,7.4553,7.4635,7.4733,7.4513,7.4222,7.4051,7.3895,7.3859,7.4006,7.3963,7.3861,7.3809,7.3729,7.3742,7.3762,7.3637,7.3345,7.3206,7.3131,7.2941,7.2737,7.2514,7.2296,7.2066,7.1836,7.1617,7.1388,7.1173,7.1031,7.0826,7.0609,7.0359,7.0381,7.0178,6.9841,6.9505,6.9184,6.8888,6.8609,6.8316,6.8023,6.7714,6.759,6.7995,6.7719,6.7254,6.6755,6.6318,6.5662,6.5166,6.4716,6.3853,6.2908,6.2218,6.1794,6.1531,6.1283,6.1117,6.0905,6.075,6.0726,6.0657,6.0743,6.0836,6.0905,6.0963,6.097,6.1036,6.1109,6.1358,6.1556,6.187,6.17,6.1347,6.1125,6.1059,6.0982,6.1033,6.1037,6.1085,6.1351,6.1653,6.1813],"x6":[0.0088,0.0085,0.0083,0.008,0.0079,0.0079,0.0071,0.1096,0.1092,0.1092,0.1093,0.1093,0.1094,0.1092,0.1094,0.1093,0.1092,0.1092,0.1095,0.1095,0.1095,0.1095,0.1094,0.1095,0.1096,0.1095,0.1095,0.1093,0.1096,0.1096,0.1095,0.1094,0.1094,0.1096,0.1097,0.1096,0.1095,0.1274,0.1327,0.1349,0.1359,0.1364,0.1375,0.141,0.1414,0.1385,0.1396,0.1414,0.201,0.1124,0.1107,0.1104,0.1099,0.1099,0.1098,0.1097,0.1097,0.1098,0.1097,0.1097,0.1097,0.1097,0.1097,0.1097,0.1097,0.1097,0.1097,0.1097,0.1097,0.1097,0.1097,0.1097,0.1097,0.1097,0.1097,0.1098,0.1096,0.0125,0.0104,0.0096,0.0091,0.0086,0.0081,0.0077,0.0075,0.0074,0.1101,0.1092,0.1085],"x7":[1,1,1,1,1,1,1,1,0,0,0,0,0,0,0,0,0,0,0,0,0,0,0,0,0,0,0,0,0,0,0,0,0,0,0,0,0,0,0,0,0,0,0,0,1,1,1,1,1,1,1,1,1,1,1,1,1,1,1,1,1,1,1,1,1,1,1,1,1,1,1,1,1,1,1,1,1,1,1,1,1,1,1,1,1,1,1,1,1],"x8":[1,1,1,1,1,1,1,1,1,1,1,0,0,0,0,0,1,0,0,0,0,0,0,0,0,0,0,0,0,0,0,0,1,0,0,0,1,1,0,0,1,0,1,1,1,1,1,1,1,1,1,1,1,1,1,1,1,1,1,1,1,1,1,1,1,1,1,1,1,1,1,1,1,1,1,1,1,1,1,1,1,1,1,1,1,1,1,1,1],