{"M":[1576837459.288,1576837459.692,1576837460.1,1576837460.516,1576837460.92,1576837461.328,1576837461.74,1576837462.148,1576837462.552,1576837462.968,1576837463.372,1576837463.78,1576837464.188,1576837464.6,1576837465.008,1576837465.412,1576837465.828,1576837466.232,1576837466.64,1576837467.052,1576837467.46,1576837467.864,1576837468.28,1576837468.684,1576837469.092,1576837469.508,1576837469.912,1576837470.32,1576837470.732,1576837471.14,1576837471.544,1576837471.952,1576837472.364,1576837472.772,1576837473.18,1576837473.592,1576837474,1576837474.404,1576837474.82,1576837475.224,1576837475.632,1576837476.044,1576837476.452,1576837476.856,1576837477.272,1576837477.68,1576837478.084,1576837478.492,1576837478.904,1576837479.312,1576837479.716,1576837480.132,1576837480.536,1576837480.944,1576837481.356,1576837481.764,1576837482.172,1576837482.584,1576837482.992,1576837483.396,1576837483.812,1576837484.216,1576837484.624,1576837485.036,1576837485.444,1576837485.852,1576837486.256,1576837486.672,1576837487.076,1576837487.484,1576837487.896,1576837488.304,1576837488.708,1576837489.124,1576837489.528,1576837489.936,1576837490.352,1576837490.756,1576837491.164,1576837491.576,1576837491.984,1576837492.388,1576837492.804,1576837493.208,1576837493.616,1576837494.02,1576837494.436,1576837494.844,1576837495.248,1576837495.664,1576837496.068,1576837496.476],"y":[null,null,null,null,null,null,null,0.29302202800975585,0.36622650038203025,0.476134973086604,0.5768679092220722,0.6684244838106119,0.7783332659952809,0.9064920813850139,0.9522703651166446,1.016400724618839,1.0347528291861365,1.0896055717954978,1.1629100735270606,1.25446495046991,1.309418828123757,1.364373024834705,1.4741790502222936,1.584086455477145,1.6390402744540582,1.6939942380467405,1.7580223383521476,1.8037999484432716,1.858753966789894,1.8953562057830455,1.9503098314645004,2.0144393438696064,2.069392754467414,2.133420131361229,2.1975489702371735,2.3074552967336923,2.38065834298697,2.4264358388961096,2.472213984643497,2.517991823453822,2.582121945568856,2.6095482573678215,null,2.6187240466091195,2.646150177039992,2.6827522957706917,2.7652342099301754,2.7926605357640026,2.8658657381280306,2.9299962185721866,2.9940826126397755,3.039844470223162,3.0580866695044318,null,null,null,null,null,null,null,null,null,null,null,null,null,null,null,null,null,null,null,null,null,null,null,null,null,null,null,null,null,null,null,null,null,null,null,null,null,null,null],"y1":[-0.2694,-0.2515,-0.2784,-0.2515,-0.2156,-0.1527,-0.0719,0.009,0.0808,0.1886,0.2874,0.3772,0.485,0.6107,0.6556,0.7185,0.7365,0.7903,0.8622,0.952,1.0059,1.0598,1.1675,1.2753,1.3292,1.3831,1.4459,1.4908,1.5447,1.5806,1.6345,1.6974,1.7513,1.8141,1.877,1.9848,2.0566,2.1015,2.1464,2.1913,2.2542,2.2811,2.2811,2.2901,2.317,2.3529,2.4338,2.4607,2.5325,2.5954,2.6583,2.7032,2.7211,2.7211,2.7301,2.757,2.8199,2.6852,2.4338,2.1105,1.9578,1.7243,1.5986,1.4459,1.3741,1.1406,1.0059,0.7724,0.6377,0.4491,0.2515,0.1706,0.0539,0.0719,-0.018,-0.2335,-0.2515,-0.2515,-0.2425,-0.2515,-0.2605,-0.2335,-0.2245,-0.2515,-0.2605,-0.2605,-0.2694,-0.2694,-0.2694,-0.2784,-0.2515,-0.2605],"x":[6.4279,6.4314,6.4261,6.7208,6.8334,6.8411,6.844,6.8464,6.8411,6.8305,6.8428,6.8411,6.8428,6.8411,6.8405,6.8393,6.8393,6.8464,6.8057,6.778,6.7721,6.7721,6.7656,6.7515,6.7468,6.7444,6.7432,6.7385,6.7373,6.7373,6.7314,6.7244,6.7167,6.7085,6.6973,6.6796,6.6719,6.6672,6.669,6.6678,6.6696,6.6725,6.6731,6.6707,6.6719,6.6731,6.6731,6.6778,6.6861,6.6902,6.7627,6.8641,6.8876,6.9036,6.9142,6.9489,7.0049,7.0014,6.7326,6.6884,6.6796,6.692,6.7037,6.7273,6.7362,6.7474,6.7544,6.7839,6.7945,6.8039,6.8387,6.8423,6.8393,6.8411,6.8423,6.8434,6.8428,6.8311,6.821,6.758,6.6206,6.4786,6.323,6.2864,6.2864,6.2823,6.29,6.2929,6.2929,6.2965,6.3,6.3041],"x1":[0.0034,0.0034,0.0226,0.1679,0.1678,0.1679,0.1679,0.1679,0.1677,0.1678,0.1679,0.1678,0.1679,0.1678,0.1679,0.1678,0.1679,0.1678,0.1676,0.1676,0.1676,0.1676,0.1675,0.1675,0.1675,0.1674,0.1674,0.1675,0.1675,0.1674,0.1674,0.1674,0.1674,0.1673,0.1673,0.1673,0.1674,0.1674,0.1674,0.1674,0.1674,0.1674,0.1674,0.1674,0.1674,0.1674,0.1674,0.1675,0.1675,0.1675,0.1975,0.2142,0.2202,0.2221,0.2232,0.2241,0.2117,0.2158,0.182,0.168,0.1679,0.1677,0.1677,0.1676,0.1676,0.1675,0.1677,0.1677,0.1677,0.1679,0.1679,0.1679,0.1679,0.1679,0.1679,0.138,0.0081,0.006,0.0057,0.0047,0.004,0.0036,0.0034,0.0033,0.0032,0.0031,0.0029,0.0029,0.0027,0.0027,0.0027,0.0025],"undefined":[null,null,null,null,null,null,null,null,null,null,null,null,null,null,null,null,null,null,null,null,null,null,null,null,null,null,null,null,null,null,null,null,null,null,null,null,null,null,null,null,null,null,null,null,null,null,null,null,null,null,null,null,null,null,null,null,null,null,null,null,null,null,null,null,null,null,null,null,null,null,null,null,null,null,null,null,null,null,null,null,null,null,null,null,null,null,null,null,null,null,null,null],"x2":[0.179,0.1947,0.5068,0.9204,0.9282,1.0375,0.9673,0.9829,0.8658,0.8892,0.8502,1.0063,1.1936,0.9204,0.8658,0.8502,0.9516,0.9516,0.8814,0.8736,0.8346,0.9126,0.8892,0.8346,0.7644,0.9048,0.858,0.858,0.8502,0.8112,0.7956,0.8424,0.858,0.8424,0.8112,0.7253,0.819,0.6863,0.6629,0.7019,0.6629,0.6473,0.6395,0.6551,0.6707,0.6785,0.6629,0.6239,0.936,9.2863,107.2657,16.2709,2.4812,0.5536,0.3117,0.1947,0.1088,226.3939,85.274,14.835,9.9028,2.7934,2.6139,1.4043,1.5682,1.256,1.3575,1.2248,1.3184,1.5291,1.615,1.1311,1.0297,0.9126,0.8814,187.9045,269.4174,458.0325,453.5218,290.059,168.2774,28.2267,4.7912,1.295,0.7565,0.6863,0.5068,0.4912,0.9751,1.615,1.9506,3.0431],"x3":[8.0339,8.0557,8.0562,7.9725,8.0722,8.0308,8.0346,8.0401,8.0261,8.0187,8.0168,8.0124,8.002,8.0008,8.0064,8.0101,8.0139,7.9966,7.992,8.0017,8.0079,7.9869,7.9904,7.988,7.9978,7.9962,7.9886,7.9912,7.984,7.9819,7.9852,7.9827,7.9866,7.9794,7.9735,7.9657,7.9677,7.9692,7.9716,7.9633,7.9709,7.9754,7.9811,7.9838,7.9827,7.975,7.9709,7.9597,7.9474,7.968,7.9577,7.9572,7.9567,7.9608,7.97,8.0711,7.7617,7.9741,8.0117,8.0156,8.0081,7.9861,7.9911,7.9823,7.986,7.9853,7.9745,7.9853,7.9677,7.9899,7.9565,6.0816,7.9263,7.9352,7.9358,7.297,7.8884,7.8939,7.9551,7.966,8.0128,7.9857,7.9096,7.9735,7.9646,8.0517,8.1303,8.0156,8.03,8.0276,8.0258,8.014],"x4":[-999,-999,-999,-999,-999,-999,-999,-999,-999,-999,-999,-999,-999,-999,-999,-999,-999,-999,-999,-999,-999,-999,-999,-999,-999,-999,-999,-999,-999,-999,-999,-999,-999,-999,-999,-999,-999,-999,-999,-999,-999,-999,-999,-999,-999,-999,-999,-999,-999,-999,-999,-999,-999,-999,-999,-999,-999,-999,-999,-999,-999,-999,-999,-999,-999,-999,-999,-999,-999,-999,-999,-999,-999,-999,-999,-999,-999,-999,-999,-999,-999,-999,-999,-999,-999,-999,-999,-999,-999,-999,-999,-999],"x5":[9.9123,10.0163,10.113,10.1531,10.2284,10.3106,10.382,10.4319,10.4433,10.4041,10.3095,10.1766,10.0122,9.8307,9.6403,9.446,9.2528,9.0623,8.8881,8.7184,8.5524,8.3938,8.2459,8.1088,7.9764,7.8482,7.7318,7.6267,7.5295,7.4398,7.3582,7.2822,7.2125,7.1476,7.0875,7.0332,6.9801,6.9312,6.8848,6.8419,6.8022,6.7649,6.7311,6.7008,6.6725,6.6463,6.6219,6.5991,6.5763,6.5563,6.5258,6.4962,6.4836,6.4707,6.4606,6.449,6.4371,6.4376,6.4705,6.4561,6.4305,6.3938,6.3512,6.3104,6.2784,6.2559,6.2402,6.2279,6.2223,6.2215,6.2154,6.2185,6.2193,6.219,6.2202,6.2162,6.2137,6.203,6.1935,6.1686,6.2106,6.2738,6.3786,6.51,6.6852,6.8999,7.1321,7.3907,7.6728,7.9207,8.1542,8.3868],"x6":[0.0044,0.0044,0.0169,0.1218,0.1214,0.1214,0.1214,0.1214,0.1213,0.1214,0.1214,0.1214,0.1214,0.1214,0.1214,0.1214,0.1214,0.1214,0.1213,0.1214,0.1214,0.1214,0.1214,0.1214,0.1214,0.1214,0.1214,0.1215,0.1215,0.1214,0.1214,0.1214,0.1214,0.1214,0.1215,0.1215,0.1216,0.1216,0.1216,0.1216,0.1216,0.1216,0.1216,0.1216,0.1216,0.1216,0.1216,0.1217,0.1216,0.1216,0.1438,0.1558,0.1602,0.1616,0.1624,0.1628,0.1533,0.1564,0.1323,0.122,0.122,0.1218,0.1218,0.1216,0.1216,0.1215,0.1215,0.1214,0.1214,0.1216,0.1215,0.1215,0.1215,0.1215,0.1214,0.0994,0.0075,0.0061,0.006,0.0053,0.0049,0.0046,0.0044,0.0043,0.0042,0.0041,0.004,0.004,0.004,0.0039,0.0039,0.0038],