{"M":[1574419669.288,1574419669.692,1574419670.1,1574419670.516,1574419670.92,1574419671.328,1574419671.74,1574419672.148,1574419672.552,1574419672.968,1574419673.372,1574419673.78,1574419674.192,1574419674.6,1574419675.008,1574419675.42,1574419675.828,1574419676.232,1574419676.648,1574419677.052,1574419677.46,1574419677.864,1574419678.28,1574419678.684,1574419679.092,1574419679.508,1574419679.912,1574419680.32,1574419680.732,1574419681.14,1574419681.544,1574419681.96,1574419682.364,1574419682.772,1574419683.188,1574419683.592,1574419684,1574419684.412,1574419684.82,1574419685.224,1574419685.632,1574419686.044,1574419686.452,1574419686.856,1574419687.272,1574419687.68,1574419688.084,1574419688.5,1574419688.904,1574419689.312,1574419689.724,1574419690.132,1574419690.536,1574419690.952,1574419691.356,1574419691.764,1574419692.18,1574419692.584,1574419692.992,1574419693.396,1574419693.812,1574419694.216,1574419694.624,1574419695.036,1574419695.444,1574419695.852,1574419696.264,1574419696.672,1574419697.076,1574419697.492,1574419697.896,1574419698.304,1574419698.716,1574419699.124,1574419699.528,1574419699.936,1574419700.352,1574419700.756,1574419701.164],"y":[null,null,null,null,null,null,null,null,null,0.11222598206004195,0.19462364757733233,0.22215763487528892,0.27702155765465547,0.3595207974014369,0.3961308138603044,0.44191825777581095,0.5243163185289257,0.588459119313167,0.6159927929439075,0.6434245877968288,0.6983901051328318,0.7441778966017849,0.7807877167702549,0.8541090108405314,0.8815412824423969,0.9181477052809165,0.9914683143150659,1.0464341726671467,1.0830432645545391,1.1746172420912457,1.2020488799874136,1.2112267717540193,1.3119800924325888,1.3669456984335135,1.4127326306443617,1.4401627921639877,1.5043056072880934,1.5226619192489301,1.586702825151381,1.6416673912404067,1.6600233182366209,1.7240642492654934,1.8156389756076314,1.833993893157473,1.8523493517889644,1.9163907941372744,1.943923426377991,1.9805320691663681,2.0812851953847824,2.1178963051687667,2.1361511602910825,2.2094747799436014,2.2186463918138,2.246064967666826,2.2918525946871484,2.3102183136406835,null,null,null,null,null,null,null,null,null,null,null,null,null,null,null,null,null,null,null,null,null,null,null],"y1":[-0.0988,-0.0898,-0.1078,-0.1078,-0.1257,-0.1347,-0.1437,-0.1078,-0.0269,0.009,0.0898,0.1168,0.1706,0.2515,0.2874,0.3323,0.4131,0.476,0.503,0.5299,0.5838,0.6287,0.6646,0.7365,0.7634,0.7993,0.8712,0.9251,0.961,1.0508,1.0777,1.0867,1.1855,1.2394,1.2843,1.3112,1.3741,1.3921,1.4549,1.5088,1.5268,1.5896,1.6794,1.6974,1.7154,1.7782,1.8052,1.8411,1.9399,1.9758,1.9937,2.0656,2.0746,2.1015,2.1464,2.1644,2.1823,2.2093,2.2362,2.2272,2.2182,2.1823,2.0386,1.6974,1.5717,1.2663,1.0957,0.7634,0.5748,0.2964,0.1527,0.1886,0.1617,0.0808,-0.009,0,0.0269,0.009,0.0539],"x":[9.2311,9.1262,9.062,9.0018,8.9288,8.8374,9.5246,9.9066,9.9284,9.9302,9.9313,9.9384,9.9431,9.9284,9.9337,9.9243,9.9337,9.9166,9.9137,9.9119,9.9095,9.9107,9.9113,9.9089,9.9137,9.8724,9.8636,9.8683,9.8624,9.8518,9.8512,9.8512,9.8553,9.8571,9.8524,9.84,9.837,9.8412,9.8388,9.8335,9.8347,9.8329,9.8323,9.827,9.8252,9.827,9.8211,9.817,9.8193,9.8282,9.8341,9.8476,9.873,9.9083,9.9738,10.0321,10.0793,10.1347,10.1936,10.2325,10.259,10.2714,10.1294,9.8535,9.8358,9.8577,9.8518,9.8789,9.883,9.9213,9.9302,9.9319,9.9319,9.9325,9.9337,9.936,9.9337,9.9343,9.9337],"x1":[0.0041,0.0039,0.0038,0.0036,0.0034,0.0033,0.175,0.1752,0.1753,0.1753,0.1753,0.1753,0.1753,0.1753,0.1753,0.1753,0.1753,0.1752,0.1752,0.1751,0.1752,0.1752,0.1751,0.1752,0.1752,0.1751,0.175,0.1749,0.1749,0.1748,0.1748,0.1748,0.1749,0.1749,0.1748,0.1748,0.1748,0.1748,0.1748,0.1748,0.1748,0.1748,0.1748,0.1748,0.1748,0.1748,0.1748,0.1748,0.1748,0.1748,0.1747,0.1748,0.1843,0.2011,0.2117,0.2135,0.2163,0.2176,0.2177,0.2197,0.224,0.2177,0.2396,0.1775,0.1758,0.1751,0.175,0.1751,0.1751,0.1753,0.1753,0.1753,0.1753,0.1753,0.1754,0.1753,0.1753,0.1753,0.1753],"undefined":[null,null,null,null,null,null,null,null,null,null,null,null,null,null,null,null,null,null,null,null,null,null,null,null,null,null,null,null,null,null,null,null,null,null,null,null,null,null,null,null,null,null,null,null,null,null,null,null,null,null,null,null,null,null,null,null,null,null,null,null,null,null,null,null,null,null,null,null,null,null,null,null,null,null,null,null,null,null,null],"x2":[0.179,0.1478,0.1088,0.1166,0.0932,0.1322,-0.3516,0.1166,0.6395,0.6629,0.6395,0.6239,0.6161,0.6161,0.6083,0.6551,0.6395,0.6161,0.7253,0.6629,0.7019,0.6707,0.6239,0.6239,0.6161,0.6707,0.7331,0.6317,0.6629,0.5927,0.6161,0.6083,0.6083,0.6161,0.8268,0.6317,0.5771,0.6473,0.7175,0.7019,0.6395,0.5927,0.5693,0.5771,0.6161,0.6707,0.6317,0.6551,0.6083,0.5693,23.5677,166.9351,25.6982,3.3865,0.5849,0.1869,0.101,0.0698,0.062,0.0542,0.0386,1.3028,131.9498,43.702,6.7422,2.2315,1.4433,0.7956,1.7242,0.8424,2.6217,1.2326,0.7722,0.7331,0.6395,0.6161,0.6161,0.5771,0.6629],"x3":[8.1363,8.1422,8.1469,8.1475,8.159,8.1685,8.1287,8.0982,8.3292,8.0945,8.055,8.0598,8.0299,8.0642,8.0537,8.0694,8.0622,8.0673,8.069,8.0581,8.0647,8.0646,8.057,8.0597,8.0609,8.0524,8.0554,8.0626,8.0524,8.0576,8.0576,8.0572,8.0589,8.0528,8.0583,8.0554,8.0513,8.0559,8.0516,8.0468,8.055,8.0505,8.0466,8.0526,8.0394,8.0449,8.0523,8.0354,8.0432,8.0482,8.1399,8.1581,8.1566,8.1447,8.1454,8.1475,8.1505,8.1616,8.1396,8.1285,8.1365,8.0263,7.9574,8.0407,8.0788,8.0918,7.792,8.0538,7.8078,8.036,7.8735,8.0194,8.0285,8.0424,8.2713,8.0508,8.0526,8.0546,8.058],"x4":[-999,-999,-999,-999,-999,-999,-999,-999,-999,-999,-999,-999,-999,-999,-999,-999,-999,-999,-999,-999,-999,-999,-999,-999,-999,-999,-999,-999,-999,-999,-999,-999,-999,-999,-999,-999,-999,-999,-999,-999,-999,-999,-999,-999,-999,-999,-999,-999,-999,-999,-999,-999,-999,-999,-999,-999,-999,-999,-999,-999,-999,-999,-999,-999,-999,-999,-999,-999,-999,-999,-999,-999,-999,-999,-999,-999,-999,-999,-999],"x5":[3.5877,3.616,3.6461,3.6808,3.7215,3.7662,3.758,3.7813,3.8233,3.8658,3.913,3.9623,4.0197,4.0762,4.126,4.1726,4.2139,4.2514,4.2832,4.3114,4.3336,4.3521,4.3659,4.3767,4.3839,4.3923,4.3902,4.3826,4.3754,4.3694,4.363,4.3528,4.3392,4.3245,4.309,4.2947,4.2808,4.2675,4.2542,4.2401,4.2251,4.2087,4.1928,4.1795,4.1658,4.1513,4.1377,4.1232,4.1077,4.093,4.0799,4.067,4.0543,4.0394,4.0195,4.0008,3.9866,3.9729,3.9604,3.9517,3.9462,3.9424,3.9495,3.9753,3.9821,3.9919,4.0101,4.0214,4.0426,4.04,4.0554,4.0569,4.0708,4.0775,4.0831,4.0835,4.0861,4.0901,4.0939],"x6":[0.0062,0.0061,0.006,0.0058,0.0057,0.0056,0.1183,0.1174,0.1174,0.1174,0.1173,0.1174,0.1174,0.1174,0.1174,0.1174,0.1173,0.1174,0.1174,0.1173,0.1173,0.1173,0.1173,0.1174,0.1173,0.1174,0.1173,0.1173,0.1173,0.1173,0.1173,0.1173,0.1173,0.1173,0.1173,0.1173,0.1173,0.1173,0.1173,0.1173,0.1173,0.1173,0.1173,0.1173,0.1173,0.1173,0.1173,0.1174,0.1173,0.1173,0.1173,0.1173,0.1237,0.135,0.142,0.143,0.1448,0.1455,0.1453,0.1465,0.1494,0.145,0.1605,0.1191,0.118,0.1174,0.1174,0.1174,0.1173,0.1174,0.1174,0.1174,0.1174,0.1174,0.1174,0.1174,0.1174,0.1174,0.1174],"x7":[1,1,1,1,1,1,1,0,0,0,0,0,0,0,0,0,0,0,0,0,0,0,0,0,0,0,0,0,0,0,0,0,0,0,0,0,0,0,0,0,0,0,0,0,0,0,0,0,0,0,0,0,0,0,0,0,1,1,1,1,1,1,1,1,1,1,1,1,1,1,1,1,1,1,1,1,1,1,1],"x8":[1,1,1,1,1,1,1,1,1,0,0,0,0,0,0,0,0,0,0,0,0,0,0,0,0,0,0,0,0,0,0,0,0,0,0,0,0,0,0,0,0,0,0,0,0,0,0,0,0,0,0,0,0,0,0,0,1,1,1,1,1,1,1,1,1,1,1,1,1,1,1,1,1,1,1,1,1,1,1],"x9":[1,1,1,1,1,1,1,0,0,0,0,0,0,0,0,0,0,0,0,0,0,0,0,0,0,0,0,0,0,0,0,0,0,0,0,0,0,0,0,0,0,0,0,0,0,0,0,0,0,0,0,0,0,0,0,0,1,1,1,1,1,1,1,1,1,1,1,1,1,1,1,1,1,1,1,1,1,1,1],"x10":[1,1,1,1,1,1,1,0,0,0,0,0,0,0,0,0,0,0,0,0,0,0,0,0,0,0,0,0,0,0,0,0,0,0,0,0,0,0,0,0,0,0,0,0,0,0,0,0,0,0,0,0,0,0,0,0,1,1,1,1,1,1,1,1,1,1,1,1,1,1,1,1,1,1,1,1,1,1,1],"x11":[1,1,1,1,1,1,1,1,1,1,1,1,1,1,1,1,1,1,1,1,1,1,1,1,1,1,1,1,1,1,1,1,1,1,1,1,1,1,1,1,1,1,1,1,1,1,1,1,1,1,1,1,1,1,1,1,1,1,1,1,1,1,1,1,1,1,1,1,1,1,1,1,1,1,1,1,1,1,1],"x12":[1,1,1,1,1,1,1,0,0,0,0,0,0,0,0,0,0,0,0,0,0,0,0,0,0,0,0,0,0,0,0,0,0,0,0,0,0,0,0,0,0,0,0,0,0,0,0,0,0,0,0,0,0,0,0,0,1,1,1,1,1,1,1,1,1,1,1,1,1,1,1,1,1,1,1,1,1,1,1],