{"M":[1575363266.288,1575363266.692,1575363267.1,1575363267.516,1575363267.92,1575363268.328,1575363268.74,1575363269.148,1575363269.552,1575363269.968,1575363270.372,1575363270.78,1575363271.192,1575363271.6,1575363272.008,1575363272.412,1575363272.828,1575363273.232,1575363273.64,1575363274.052,1575363274.46,1575363274.864,1575363275.28,1575363275.688,1575363276.092,1575363276.508,1575363276.912,1575363277.32,1575363277.732,1575363278.14,1575363278.544,1575363278.952,1575363279.364,1575363279.772,1575363280.18,1575363280.592,1575363281,1575363281.404,1575363281.82,1575363282.224,1575363282.632,1575363283.044,1575363283.452,1575363283.856,1575363284.272,1575363284.68,1575363285.084,1575363285.5,1575363285.904,1575363286.312,1575363286.716,1575363287.132,1575363287.536,1575363287.944,1575363288.356,1575363288.764,1575363289.172,1575363289.584,1575363289.992,1575363290.396,1575363290.812,1575363291.216,1575363291.624,1575363292.036],"y":[null,null,null,0.13734892307860402,0.24726938478693394,0.3205835358292666,0.38461836912594916,0.4213258964230919,0.47618383977109213,0.6227111900366616,0.6594191793710408,0.7875912978934702,0.842551177005783,1.0165072264992372,1.108073025788069,1.245420952739285,1.3369869140093045,1.391947004703597,1.529296172358261,1.5750790772347258,1.6941765551970642,1.7491368205500772,1.7949196449674345,1.8864856537704822,1.9413435819638383,2.023834624445521,2.097046859923449,2.1520062891075367,2.252749628226252,2.289355184430077,2.3991723800148868,2.4358798798682804,2.4816639892933434,2.527447413423322,2.5640532275046137,2.591432481982692,2.6372025992775985,2.6647070750031743,2.68297275123627,null,null,null,null,null,null,null,null,null,null,null,null,null,null,null,null,null,null,null,null,null,null,null,null,null],"y1":[1.5718,1.5808,1.5808,1.7065,1.8143,1.8862,1.949,1.985,2.0388,2.1825,2.2185,2.3442,2.3981,2.5687,2.6585,2.7932,2.883,2.9369,3.0716,3.1165,3.2333,3.2872,3.3321,3.4219,3.4757,3.5566,3.6284,3.6823,3.7811,3.817,3.9247,3.9607,4.0056,4.0505,4.0864,4.1133,4.1582,4.1852,4.2031,4.2211,4.2031,4.2301,4.1852,3.8709,3.7092,3.5296,3.1794,2.9459,2.8292,2.5957,2.2364,2.1287,2.0658,1.7514,1.5718,1.5539,1.5449,1.5449,1.5359,1.5359,1.5269,1.5359,1.5179,1.5539],"x":[8.1655,8.0293,8.3629,8.6111,8.6423,8.6458,8.6346,8.617,8.617,8.6482,8.647,8.6447,8.6423,8.6523,8.6482,8.6329,8.6317,8.6323,8.6329,8.6317,8.6352,8.637,8.6352,8.6346,8.6335,8.6335,8.6346,8.6305,8.6323,8.6293,8.624,8.6223,8.6276,8.6299,8.6287,8.6394,8.6812,8.7101,8.8097,8.891,8.937,8.9989,8.9789,8.723,8.6399,8.6299,8.6299,8.6299,8.6388,8.6452,8.6541,8.6553,8.6547,8.6506,8.6276,8.5669,8.439,8.123,7.4871,7.315,7.1647,7.0698,6.8959,6.5776],"x1":[0.0058,0.0051,0.1729,0.1731,0.1732,0.1733,0.1733,0.1731,0.1734,0.1733,0.1733,0.1733,0.1735,0.1733,0.1735,0.1734,0.1734,0.1734,0.1734,0.1735,0.1734,0.1734,0.1734,0.1734,0.1735,0.1735,0.1735,0.1735,0.1735,0.1734,0.1735,0.1735,0.1735,0.1734,0.1734,0.2093,0.223,0.2439,0.2479,0.2494,0.2519,0.2522,0.2263,0.1757,0.1742,0.1737,0.1736,0.1736,0.1736,0.1736,0.1736,0.1736,0.1736,0.1735,0.0116,0.0066,0.0051,0.0044,0.0041,0.0037,0.0034,0.0032,0.0032,0.0029],"undefined":[null,null,null,null,null,null,null,null,null,null,null,null,null,null,null,null,null,null,null,null,null,null,null,null,null,null,null,null,null,null,null,null,null,null,null,null,null,null,null,null,null,null,null,null,null,null,null,null,null,null,null,null,null,null,null,null,null,null,null,null,null,null,null,null],"x2":[4.5337,6.5627,-0.3516,-0.3516,0.1244,0.4756,0.6473,0.6005,0.6473,0.8112,0.6551,0.5849,0.5693,0.6317,0.5693,0.5771,0.538,0.5302,0.5927,0.5927,0.7097,0.6473,0.5927,0.5536,0.5927,0.5536,0.5693,0.5536,0.5614,0.5224,0.5614,0.5068,0.538,0.5927,388.6939,110.5121,15.7324,2.4188,0.5771,0.2571,0.1634,0.1244,48.3688,80.6852,13.4459,2.8792,1.615,0.7878,0.6395,0.7722,0.6707,0.6707,1.1077,0.6239,4.3776,0.6395,0.1088,0.0386,-0.3516,-0.3204,0.1166,1.0063,240.1446,196.1377],"x3":[8.0086,7.9991,7.9845,7.9811,7.9771,7.9635,7.9572,7.9485,7.939,7.932,7.923,7.9166,7.9048,7.904,7.8937,7.8955,7.8891,7.8803,7.8791,7.8548,7.8706,7.8707,7.865,7.8621,7.8567,7.8559,7.8554,7.8511,7.8485,7.8421,7.8438,7.8442,7.8398,7.8645,7.8388,7.838,7.8408,7.846,7.852,7.8897,7.8544,7.863,7.7926,7.818,7.8816,7.9175,7.9242,7.9191,7.9089,7.9068,7.8977,7.8904,7.8676,7.8935,7.869,7.8689,7.8643,7.8705,7.8875,7.885,7.8897,7.8573,7.8874,7.9032],"x4":[-999,-999,-999,-999,-999,-999,-999,-999,-999,-999,-999,-999,-999,-999,-999,-999,-999,-999,-999,-999,-999,-999,-999,-999,-999,-999,-999,-999,-999,-999,-999,-999,-999,-999,-999,-999,-999,-999,-999,-999,-999,-999,-999,-999,-999,-999,-999,-999,-999,-999,-999,-999,-999,-999,-999,-999,-999,-999,-999,-999,-999,-999,-999,-999],"x5":[7.2398,7.2717,7.2515,7.2272,7.2151,7.1999,7.1931,7.191,7.1878,7.1622,7.13,7.0934,7.0569,7.013,6.9736,6.9208,6.8687,6.8107,6.752,6.6944,6.6314,6.5718,6.5062,6.4443,6.38,6.3123,6.249,6.1813,6.1162,6.0511,5.9849,5.9214,5.8558,5.7941,5.7332,5.6737,5.6147,5.5525,5.4811,5.416,5.3584,5.3014,5.2503,5.2366,5.2067,5.1651,5.1264,5.0964,5.0636,5.03,4.9934,4.9637,4.9257,4.8851,4.8599,4.8108,4.7788,4.78,4.8168,4.8042,4.7931,4.7907,4.7867,4.7949],"x6":[0.0067,0.0062,0.1203,0.1197,0.1197,0.1198,0.1198,0.1197,0.1199,0.1198,0.1198,0.1198,0.1199,0.1198,0.1199,0.1199,0.1199,0.1199,0.1199,0.1199,0.1199,0.1199,0.1199,0.1199,0.1199,0.1199,0.1199,0.1199,0.1199,0.1199,0.1199,0.12,0.1199,0.1199,0.1199,0.1452,0.1547,0.1696,0.1719,0.1727,0.1742,0.1741,0.1559,0.1212,0.1204,0.1201,0.12,0.12,0.12,0.12,0.1199,0.1199,0.1199,0.1199,0.0102,0.0073,0.0064,0.0059,0.0053,0.005,0.0048,0.0047,0.0045,0.0042],"x7":[1,1,1,0,0,0,0,0,0,0,0,0,0,0,0,0,0,0,0,0,0,0,0,0,0,0,0,0,0,0,0,0,0,0,0,0,0,0,0,1,1,1,1,1,1,1,1,1,1,1,1,1,1,1,1,1,1,1,1,1,1,1,1,1],"x8":[1,1,1,0,0,0,0,0,0,0,0,0,0,0,0,0,0,0,0,0,0,0,0,0,0,0,0,0,0,0,0,0,0,0,0,0,0,0,0,1,1,1,1,1,1,1,1,1,1,1,1,1,1,1,1,1,1,1,1,1,1,1,1,1],"x9":[1,1,1,0,0,0,0,0,0,0,0,0,0,0,0,0,0,0,0,0,0,0,0,0,0,0,0,0,0,0,0,0,0,0,0,0,0,0,0,1,1,1,1,1,1,1,1,1,1,1,1,1,1,1,1,1,1,1,1,1,1,1,1,1],"x10":[1,1,1,0,0,0,0,0,0,0,0,0,0,0,0,0,0,0,0,0,0,0,0,0,0,0,0,0,0,0,0,0,0,0,0,0,0,0,0,1,1,1,1,1,1,1,1,1,1,1,1,1,1,1,1,1,1,1,1,1,1,1,1,1],"x11":[1,1,1,1,1,1,1,1,1,1,1,1,1,1,1,1,1,1,1,1,1,1,1,1,1,1,1,1,1,1,1,1,1,1,1,1,1,1,1,1,1,1,1,1,1,1,1,1,1,1,1,1,1,1,1,1,1,1,1,1,1,1,1,1],"x12":[1,1,1,1,0,0,0,0,0,0,0,0,0,0,0,0,0,0,0,0,0,0,0,0,0,0,0,0,0,0,0,0,0,0,0,0,0,0,0,1,1,1,1,1,1,1,1,1,1,1,1,1,1,1,1,1,1,1,1,1,1,1,1,1],"x13":[1,1,1,0,0,0,0,0,0,0,0,0,0,0,0,0,0,0,0,0,0,0,0,0,0,0,0,0,0,0,0,0,0,0,0,0,0,0,0,1,1,1,1,1,1,1,1,1,1,1,1,1,1,1,1,1,1,1,1,1,1,1,1,1],"x14":[1,1,1,1,1,1,1,1,1,1,1,1,1,1,1,1,1,1,1,1,1,1,1,1,1,1,1,1,1,1,1,1,1,1,1,1,1,1,1,1,1,1,1,1,1,1,1,1,1,1,1,1,1,1,1,1,1,1,1,1,1,1,1,1],"x15":[1,1,1,0,0,0,0,0,0,0,0,0,0,0,0,0,0,0,0,0,0,0,0,0,0,0,0,0,0,0,0,0,0,0,0,0,0,0,0,1,1,1,1,1,1,1,1,1,1,1,1,1,1,1,1,1,1,1,1,1,1,1,1,1],"x16":[1,1,1,0,0,0,0,0,0,0,0,0,0,0,0,0,0,0,0,0,0,0,0,0,0,0,0,0,0,0,0,0,0,0,0,0,0,0,0,1,1,1,1,1,1,1,1,1,1,1,1,1,1,1,1,1,1,1,1,1,1,1,1,1]}