{"M":[1575372232.288,1575372232.692,1575372233.1,1575372233.516,1575372233.92,1575372234.328,1575372234.74,1575372235.148,1575372235.552,1575372235.968,1575372236.372,1575372236.78,1575372237.192,1575372237.6,1575372238.008,1575372238.42,1575372238.828,1575372239.232,1575372239.64,1575372240.052,1575372240.46,1575372240.864,1575372241.28,1575372241.688,1575372242.092,1575372242.508,1575372242.912,1575372243.32,1575372243.732,1575372244.14,1575372244.544,1575372244.96,1575372245.364,1575372245.772,1575372246.18,1575372246.592,1575372247,1575372247.404,1575372247.82,1575372248.224,1575372248.632,1575372249.044,1575372249.452,1575372249.856,1575372250.272,1575372250.68,1575372251.084,1575372251.5,1575372251.904,1575372252.312,1575372252.724,1575372253.132,1575372253.536,1575372253.944,1575372254.356,1575372254.764,1575372255.172,1575372255.584,1575372255.992,1575372256.396],"y":[null,null,null,null,null,null,null,null,null,null,null,0.06937984985903826,0.13341663999420972,0.2249832478316904,0.3349043184907001,0.3990420340150683,0.5088611304461832,0.5821754617143664,0.747056621927889,0.8752291655080173,1.0400079876749855,1.177356540993293,1.2506702651527706,1.4246226629500296,1.5711465185409692,1.699317469970265,1.8092365340935233,2.0015454832666797,2.1571466323441073,2.3494544489197784,2.5509471942174944,2.624141759137568,2.6699237559358715,2.6882865168103316,null,null,null,null,null,null,null,null,null,null,null,null,null,null,null,null,null,null,null,null,null,null,null,null,null,null],"y1":[1.5898,1.5898,1.5808,1.5898,1.5898,1.5808,1.5718,1.5718,1.5628,1.5808,1.5988,1.6527,1.7155,1.8053,1.9131,1.976,2.0837,2.1556,2.3173,2.443,2.6046,2.7393,2.8112,2.9818,3.1255,3.2512,3.359,3.5476,3.7002,3.8888,4.0864,4.1582,4.2031,4.2211,4.2301,4.3109,4.3199,4.3019,4.266,4.1043,3.7002,3.368,2.9908,2.8741,2.6136,2.3083,1.949,1.7155,1.6437,1.5718,1.5359,1.5628,1.5628,1.5539,1.5628,1.5628,1.5539,1.5539,1.5359,1.5449],"x":[2.0651,1.9979,1.9225,1.9183,1.8535,1.8211,1.8441,1.8258,1.8547,1.8859,6.959,8.383,8.6841,8.6971,8.7172,8.7272,8.7337,8.7289,8.7272,8.7213,8.7142,8.6977,8.6924,8.6553,8.6346,8.6246,8.617,8.617,8.6181,8.6122,8.6959,8.7248,8.7649,8.8315,8.9476,9.0107,9.0343,9.0537,9.0625,8.8209,8.6382,8.6181,8.6282,8.6441,8.6953,8.713,8.7289,8.7136,8.6942,8.6883,8.6818,8.5061,8.0847,7.8124,7.4965,7.022,6.7615,6.5505,6.5033,6.4196],"x1":[0.0005,0.0005,0.0005,0.0005,0.0005,0.0005,0.0005,0.0004,0.0005,0.0428,0.1725,0.1726,0.173,0.1733,0.1733,0.1735,0.1734,0.1736,0.1736,0.1737,0.1734,0.1733,0.1735,0.1732,0.1733,0.1733,0.1733,0.1732,0.1733,0.1733,0.1794,0.1954,0.2011,0.2041,0.201,0.1947,0.1947,0.1949,0.1942,0.174,0.1738,0.1735,0.1735,0.1737,0.1738,0.1739,0.1739,0.1738,0.1737,0.1737,0.0187,0.0101,0.0077,0.0082,0.0068,0.0061,0.006,0.0054,0.0055,0.0202],"undefined":[null,null,null,null,null,null,null,null,null,null,null,null,null,null,null,null,null,null,null,null,null,null,null,null,null,null,null,null,null,null,null,null,null,null,null,null,null,null,null,null,null,null,null,null,null,null,null,null,null,null,null,null,null,null,null,null,null,null,null,null],"x2":[0.0152,0.0152,0.0152,0.0152,0.0152,0.0152,0.0074,0.0152,-0.3516,-0.3516,-0.1331,0.46,0.5458,0.5614,0.6629,0.5458,0.5146,0.5536,0.6941,0.5849,0.5771,0.5458,0.5458,0.5302,0.538,0.5224,0.538,0.5302,0.5302,0.5536,389.8021,190.9091,29.0227,4.4556,2.9573,6.0789,2.4422,0.499,0.1947,271.4777,278.0798,79.9204,13.5005,2.6685,1.0843,0.819,0.7722,0.7331,0.6551,0.6785,122.9439,20.2432,2.6217,0.46,0.1634,0.101,0.062,0.0542,0.0542,0.0542],"x3":[7.4667,7.4075,7.5105,7.3365,7.3448,7.349,7.3185,7.5246,7.5965,8.2463,8.265,8.2289,8.1987,8.1767,8.1539,8.1295,8.1084,8.0798,8.0659,8.0354,8.0236,8.0158,7.9895,7.9897,7.9711,7.9623,7.9466,7.9412,7.9248,7.9136,7.924,7.9386,7.9547,7.9678,7.9797,7.98,7.9883,7.9961,7.9893,7.9422,8.0359,8.0313,8.013,7.9979,7.9814,7.9682,7.9295,7.9275,7.9243,7.2121,7.8897,7.8964,7.9129,7.9049,7.913,7.9254,7.9403,7.9282,7.9311,7.9335],"x4":[-999,-999,-999,-999,-999,-999,-999,-999,-999,-999,-999,-999,-999,-999,-999,-999,-999,-999,-999,-999,-999,-999,-999,-999,-999,-999,-999,-999,-999,-999,-999,-999,-999,-999,-999,-999,-999,-999,-999,-999,-999,-999,-999,-999,-999,-999,-999,-999,-999,-999,-999,-999,-999,-999,-999,-999,-999,-999,-999,-999],"x5":[8.2051,8.2193,8.2312,8.2276,8.2397,8.2387,8.2293,8.2185,8.2049,8.2272,7.527,7.3093,7.2869,7.2822,7.2745,7.2769,7.289,7.2783,7.2866,7.2887,7.2851,7.2852,7.2746,7.27,7.2576,7.2304,7.2056,7.1718,7.1301,7.0892,7.0302,6.9795,6.9129,6.8216,6.7224,6.6375,6.5674,6.4991,6.4295,6.4091,6.3764,6.3258,6.2695,6.2183,6.163,6.104,6.0432,5.9845,5.9097,5.8433,5.7778,5.7281,5.7125,5.677,5.6571,5.6583,5.6375,5.6056,5.5369,5.483],"x6":[-0.0001,-0.0002,-0.0002,-0.0002,-0.0003,-0.0003,-0.0003,-0.0003,-0.0003,0.0332,0.1245,0.1201,0.1194,0.1196,0.1196,0.1196,0.1196,0.1197,0.1197,0.1198,0.1196,0.1196,0.1198,0.1196,0.1198,0.1198,0.1198,0.1198,0.1198,0.1199,0.1239,0.135,0.139,0.1409,0.1382,0.1336,0.1335,0.1336,0.1331,0.1197,0.1201,0.12,0.12,0.1201,0.12,0.12,0.12,0.1199,0.1199,0.1199,0.0147,0.0093,0.0077,0.0079,0.0069,0.0063,0.0061,0.0057,0.0057,0.0153],"x7":[1,1,1,1,1,1,1,1,1,1,1,0,0,0,0,0,0,0,0,0,0,0,0,0,0,0,0,0,0,0,0,0,0,0,1,1,1,1,1,1,1,1,1,1,1,1,1,1,1,1,1,1,1,1,1,1,1,1,1,1],"x8":[1,1,1,1,1,1,1,1,1,1,1,0,0,0,0,0,0,0,0,0,0,0,0,0,0,0,0,0,0,0,0,0,0,0,1,1,1,1,1,1,1,1,1,1,1,1,1,1,1,1,1,1,1,1,1,1,1,1,1,1],"x9":[1,1,1,1,1,1,1,1,1,1,1,0,0,0,0,0,0,0,0,0,0,0,0,0,0,0,0,0,0,0,0,0,0,0,1,1,1,1,1,1,1,1,1,1,1,1,1,1,1,1,1,1,1,1,1,1,1,1,1,1],"x10":[1,1,1,1,1,1,1,1,1,1,1,0,0,0,0,0,0,0,0,0,0,0,0,0,0,0,0,0,0,0,0,0,0,0,1,1,1,1,1,1,1,1,1,1,1,1,1,1,1,1,1,1,1,1,1,1,1,1,1,1],"x11":[1,1,1,1,1,1,1,1,1,1,1,1,1,1,1,1,1,1,1,1,1,1,1,1,1,1,1,1,1,1,1,1,1,1,1,1,1,1,1,1,1,1,1,1,1,1,1,1,1,1,1,1,1,1,1,1,1,1,1,1],"x12":[1,1,1,1,1,1,1,1,1,1,1,0,0,0,0,0,0,0,0,0,0,0,0,0,0,0,0,0,0,0,0,0,0,0,1,1,1,1,1,1,1,1,1,1,1,1,1,1,1,1,1,1,1,1,1,1,1,1,1,1],"x13":[1,1,1,1,1,1,1,1,1,1,1,0,0,0,0,0,0,0,0,0,0,0,0,0,0,0,0,0,0,0,0,0,0,0,1,1,1,1,1,1,1,1,1,1,1,1,1,1,1,1,1,1,1,1,1,1,1,1,1,1],"x14":[1,1,1,1,1,1,1,1,1,1,1,1,1,1,1,1,1,1,1,1,1,1,1,1,1,1,1,1,1,1,1,1,1,1,1,1,1,1,1,1,1,1,1,1,1,1,1,1,1,1,1,1,1,1,1,1,1,1,1,1],"x15":[1,1,1,1,1,1,1,1,1,1,1,0,0,0,0,0,0,0,0,0,0,0,0,0,0,0,0,0,0,0,0,0,0,0,1,1,1,1,1,1,1,1,1,1,1,1,1,1,1,1,1,1,1,1,1,1,1,1,1,1],"x16":[1,1,1,1,1,1,1,1,1,1,1,0,0,0,0,0,0,0,0,0,0,0,0,0,0,0,0,0,0,0,0,0,0,0,1,1,1,1,1,1,1,1,1,1,1,1,1,1,1,1,1,1,1,1,1,1,1,1,1,1]}