{"M":[1575366667.288,1575366667.692,1575366668.1,1575366668.516,1575366668.92,1575366669.328,1575366669.74,1575366670.148,1575366670.552,1575366670.968,1575366671.372,1575366671.78,1575366672.192,1575366672.6,1575366673.008,1575366673.42,1575366673.828,1575366674.232,1575366674.64,1575366675.052,1575366675.46,1575366675.864,1575366676.28,1575366676.684,1575366677.092,1575366677.508,1575366677.912,1575366678.32,1575366678.732,1575366679.14,1575366679.544,1575366679.96,1575366680.364,1575366680.772,1575366681.188,1575366681.592,1575366682,1575366682.404,1575366682.82,1575366683.224,1575366683.632,1575366684.044,1575366684.452,1575366684.856,1575366685.272,1575366685.68,1575366686.084,1575366686.5,1575366686.904,1575366687.312,1575366687.724,1575366688.132,1575366688.536,1575366688.944,1575366689.356,1575366689.764,1575366690.172,1575366690.584,1575366690.992,1575366691.396,1575366691.812,1575366692.216,1575366692.624,1575366693.036,1575366693.444,1575366693.852,1575366694.264,1575366694.672,1575366695.076,1575366695.492,1575366695.896,1575366696.304,1575366696.708,1575366697.124,1575366697.528,1575366697.936,1575366698.352,1575366698.756,1575366699.164,1575366699.576,1575366699.984,1575366700.388,1575366700.804,1575366701.208,1575366701.616,1575366702.028],"y":[null,null,null,null,null,null,null,null,null,null,null,null,null,null,null,null,null,null,null,null,null,null,null,null,null,null,null,null,null,null,0.061696533551273976,0.1807962776340951,0.26318724858777337,0.3273257121819878,0.39136219375053577,0.4371462422287885,0.5470689084704962,0.583675965387512,0.6294598172149019,0.7943436393387571,0.849304575164771,0.9133407635354504,1.0690476273346823,1.096579090023157,1.2431086028256992,1.3712838392647606,1.3987133634786793,1.5178129025460994,1.6734173427326182,1.7009485708572043,1.7101257717664173,null,null,null,null,null,null,null,null,null,null,null,null,null,null,null,null,null,null,null,null,null,null,null,null,null,null,null,null,null,null,null,null,null,null,null],"y1":[1.5449,1.5628,1.5718,1.5718,1.5898,1.5808,1.5718,1.5628,1.5449,1.5449,1.5539,1.5539,1.5628,1.5718,1.5808,1.5718,1.5718,1.5628,1.5628,1.5808,1.5718,1.5539,1.5449,1.5449,1.5628,1.5718,1.5898,1.5628,1.5718,1.5718,1.6257,1.7425,1.8233,1.8862,1.949,1.9939,2.1017,2.1376,2.1825,2.3442,2.3981,2.4609,2.6136,2.6406,2.7843,2.91,2.9369,3.0537,3.2063,3.2333,3.2423,3.2423,3.2423,3.2512,3.2423,3.2153,2.9908,2.9369,2.901,2.6406,2.6046,2.5328,2.2813,2.2185,2.1017,1.958,1.949,1.8053,1.5808,1.5539,1.5628,1.5628,1.5539,1.5449,1.5539,1.5539,1.5628,1.5539,1.5449,1.5539,1.5359,1.5539,1.5539,1.5449,1.5539,1.5718],"x":[3.383,3.3777,3.373,3.3724,3.3748,3.3748,3.373,3.3706,3.3754,3.3742,3.3553,3.3294,3.2928,3.1968,3.0642,2.9197,2.826,2.7954,2.7288,2.552,2.3639,2.2201,8.2722,8.812,8.6953,8.5344,8.4348,8.8038,8.8952,8.8904,8.9258,8.9346,8.9364,8.937,8.9341,8.937,8.9405,8.9429,8.9411,8.94,8.9346,8.9323,8.9358,8.9329,8.937,8.9388,8.9376,8.937,8.9358,8.9317,8.9317,8.9305,8.9305,8.9282,8.9217,8.9052,8.8963,8.9064,8.9064,8.9069,8.9146,8.9158,8.9134,8.9211,8.9181,8.9258,8.9288,8.9252,8.917,8.6747,8.2321,7.5183,6.814,6.2853,5.746,5.3175,4.8943,4.817,4.843,4.8707,4.886,4.9108,4.9497,4.9839,5.0228,5.0475],"x1":[0.0004,0.0004,0.0004,0.0004,0.0004,0.0004,0.0004,0.0004,0.0004,0.0004,0.0004,0.0004,0.0004,0.0004,0.0004,0.0004,0.0004,0.0003,0.0004,0.0004,0.0003,0.031,0.1723,0.0133,0.009,0.0071,0.0062,0.1724,0.1727,0.1731,0.1737,0.1738,0.1736,0.1738,0.1735,0.1739,0.1739,0.1736,0.1741,0.1739,0.1738,0.1742,0.174,0.1738,0.1742,0.1741,0.174,0.1742,0.1741,0.1741,0.174,0.174,0.1739,0.1739,0.1739,0.1741,0.1741,0.174,0.1742,0.1741,0.1741,0.1741,0.1741,0.1741,0.1742,0.1742,0.1741,0.1743,0.0185,0.0076,0.0057,0.0053,0.006,0.0061,0.006,0.0046,0.0036,0.0039,0.0043,0.0041,0.0039,0.0039,0.0037,0.0034,0.0033,0.0032],"undefined":[null,null,null,null,null,null,null,null,null,null,null,null,null,null,null,null,null,null,null,null,null,null,null,null,null,null,null,null,null,null,null,null,null,null,null,null,null,null,null,null,null,null,null,null,null,null,null,null,null,null,null,null,null,null,null,null,null,null,null,null,null,null,null,null,null,null,null,null,null,null,null,null,null,null,null,null,null,null,null,null,null,null,null,null,null,null],"x2":[0.6785,0.6707,0.6707,0.6551,0.6785,0.6863,0.6629,0.6629,0.6629,0.6395,0.7175,0.5614,-0.3516,-0.3516,-0.3516,-0.0941,-0.3516,-0.3516,-0.3516,-0.3516,-0.2736,-0.3516,67.1453,178.4226,34.8289,17.8707,28.3515,6.3442,2.4188,1.693,0.9673,0.819,0.7956,0.7019,0.6083,0.6707,0.6707,0.6629,0.6707,0.6239,0.7019,0.6551,0.6317,0.7331,0.6785,0.7331,0.858,0.6551,0.5927,0.5927,0.6473,0.6161,0.5927,0.5849,0.5849,0.6473,0.6239,0.7175,0.6317,0.6395,0.6473,0.6161,0.6551,0.6785,0.6161,0.6005,0.6161,0.6473,-0.3516,-0.3516,-0.3516,-0.3516,-0.2502,-0.0551,-0.0239,0.062,0.0308,-0.0395,0.3663,4.8927,45.4345,32.4096,5.197,0.9751,0.4366,0.3429],"x3":[7.9927,7.9856,7.9928,7.9938,8.0047,7.9885,7.9925,7.9876,7.9904,7.9941,7.9819,7.944,7.8891,7.9175,8.1055,7.8243,7.8761,7.8211,6.9537,7.841,7.847,8.5967,8.6014,8.4933,8.4752,8.4473,8.4151,8.3821,8.3561,8.3238,8.2908,8.2605,8.2365,8.203,8.1865,8.1533,8.1404,8.1328,8.1082,8.0868,8.0838,8.0454,8.0437,8.0423,8.0863,8.0037,8.0026,7.9591,7.9728,7.975,7.9758,7.9771,7.9767,7.9762,7.9749,7.9701,7.9559,7.9463,7.944,7.9332,7.9202,7.9267,7.9161,7.9095,7.9391,7.8921,7.9383,7.9002,7.8209,7.8,7.7985,7.909,7.8616,7.8508,7.7846,7.7183,7.846,7.8253,7.8889,7.9399,7.8841,7.902,7.9111,7.9272,7.9367,7.9322],"x4":[-999,-999,-999,-999,-999,-999,-999,-999,-999,-999,-999,-999,-999,-999,-999,-999,-999,-999,-999,-999,-999,-999,-999,-999,-999,-999,-999,-999,-999,-999,-999,-999,-999,-999,-999,-999,-999,-999,-999,-999,-999,-999,-999,-999,-999,-999,-999,-999,-999,-999,-999,-999,-999,-999,-999,-999,-999,-999,-999,-999,-999,-999,-999,-999,-999,-999,-999,-999,-999,-999,-999,-999,-999,-999,-999,-999,-999,-999,-999,-999,-999,-999,-999,-999,-999,-999],"x5":[8.1677,8.1684,8.1695,8.1704,8.1699,8.1695,8.1707,8.1712,8.1693,8.1684,8.1713,8.1765,8.1717,8.2303,8.2703,8.2906,8.2957,8.3131,8.3203,8.331,8.3632,8.4151,7.5021,7.4588,7.4528,7.4595,7.4604,7.4229,7.4447,7.4531,7.4541,7.4473,7.4304,7.4095,7.3893,7.3634,7.3452,7.3057,7.262,7.2224,7.1752,7.1196,7.0556,6.9928,6.9256,6.8558,6.7875,6.7173,6.6431,6.5728,6.5018,6.4304,6.3604,6.2912,6.2219,6.1575,6.0999,6.0358,5.9696,5.9114,5.8511,5.7906,5.7331,5.675,5.622,5.5729,5.5213,5.475,5.4157,5.3622,5.3433,5.3781,5.417,5.4376,5.4587,5.4635,5.466,5.4327,5.4018,5.378,5.3411,5.2986,5.2967,5.2829,5.2749,5.2792],"x6":[0.0009,0.0008,0.0008,0.0008,0.0008,0.0008,0.0008,0.0008,0.0009,0.0008,0.0008,0.0008,0.0008,0.0007,0.0006,0.0005,0.0004,0.0004,0.0004,0.0002,0.0001,0.0234,0.1202,0.0113,0.0087,0.0076,0.007,0.1187,0.1186,0.1189,0.1192,0.1193,0.1191,0.1192,0.119,0.1193,0.1193,0.1191,0.1194,0.1193,0.1193,0.1195,0.1194,0.1193,0.1195,0.1194,0.1194,0.1195,0.1195,0.1194,0.1194,0.1194,0.1193,0.1193,0.1194,0.1196,0.1195,0.1195,0.1196,0.1195,0.1195,0.1195,0.1195,0.1195,0.1196,0.1195,0.1195,0.1196,0.0145,0.0079,0.0066,0.0061,0.0061,0.006,0.0056,0.0045,0.0036,0.0038,0.0041,0.0039,0.0039,0.0039,0.0038,0.0036,0.0036,0.0035],"x7":[1,1,1,1,1,1,1,1,1,1,1,1,1,1,1,1,1,1,1,1,1,1,0,0,0,0,0,0,0,0,0,0,0,0,0,0,0,0,0,0,0,0,0,0,0,0,0,0,0,0,0,1,1,1,1,1,1,1,1,1,1,1,1,1,1,1,1,1,1,1,1,1,1,1,1,1,1,1,1,1,1,1,1,1,1,1],"x8":[1,1,1,1,1,1,1,1,1,1,1,1,1,1,1,1,1,1,1,1,1,1,1,1,1,1,1,1,1,1,0,0,0,0,0,0,0,0,0,0,0,0,0,0,0,0,0,0,0,0,0,1,1,1,1,1,1,1,1,1,1,1,1,1,1,1,1,1,1,1,1,1,1,1,1,1,1,1,1,1,1,1,1,1,1,1],"x9":[1,1,1,1,1,1,1,1,1,1,1,1,1,1,1,1,1,1,1,1,1,1,0,0,0,0,0,0,0,0,0,0,0,0,0,0,0,0,0,0,0,0,0,0,0,0,0,0,0,0,0,1,1,1,1,1,1,1,1,1,1,1,1,1,1,1,1,1,1,1,1,1,1,1,1,1,1,1,1,1,1,1,1,1,1,1],"x10":[1,1,1,1,1,1,1,1,1,1,1,1,1,1,1,1,1,1,1,1,1,1,0,0,0,0,0,0,0,0,0,0,0,0,0,0,0,0,0,0,0,0,0,0,0,0,0,0,0,0,0,1,1,1,1,1,1,1,1,1,1,1,1,1,1,1,1,1,1,1,1,1,1,1,1,1,1,1,1,1,1,1,1,1,1,1],