{"M":[1566447858.288,1566447858.692,1566447859.108,1566447859.516,1566447859.92,1566447860.336,1566447860.74,1566447861.148,1566447861.56,1566447861.968,1566447862.372,1566447862.78,1566447863.192,1566447863.6,1566447864.008,1566447864.42,1566447864.828,1566447865.232,1566447865.648,1566447866.052,1566447866.46,1566447866.872,1566447867.28,1566447867.688,1566447868.1,1566447868.508,1566447868.912,1566447869.328,1566447869.732,1566447870.14,1566447870.544,1566447870.96,1566447871.364,1566447871.772,1566447872.188,1566447872.592,1566447873,1566447873.412,1566447873.82,1566447874.224,1566447874.64,1566447875.044,1566447875.452,1566447875.864,1566447876.272,1566447876.68,1566447877.092,1566447877.5,1566447877.904,1566447878.312,1566447878.724,1566447879.132,1566447879.536,1566447879.952,1566447880.356,1566447880.764,1566447881.18,1566447881.584,1566447881.992,1566447882.404,1566447882.812,1566447883.216,1566447883.632,1566447884.036,1566447884.444,1566447884.856,1566447885.264,1566447885.672,1566447886.076,1566447886.492,1566447886.896,1566447887.304,1566447887.716,1566447888.124,1566447888.528,1566447888.944,1566447889.352,1566447889.756,1566447890.172,1566447890.576,1566447890.984,1566447891.396,1566447891.804,1566447892.208,1566447892.624,1566447893.028,1566447893.436,1566447893.844,1566447894.256,1566447894.664,1566447895.068,1566447895.484,1566447895.888,1566447896.296,1566447896.708,1566447897.116,1566447897.52,1566447897.936,1566447898.344,1566447898.748,1566447899.164,1566447899.568],"y":[0.01839089931465032,null,null,0.027585207606071784,null,null,null,null,null,null,null,null,null,0.03667859986153499,null,null,null,null,null,null,0.09175211517307297,0.21109153703060593,0.3303297692910392,0.38540191703202514,0.40379320310759753,0.42218515819454444,null,0.4771562664298771,0.5231352062612561,0.5964963393075924,0.6515698579889153,0.6698594379361216,null,0.6974462349744868,0.7708083002053542,0.8258823622650139,0.8993464731132753,0.9544192962392295,1.0002943861113067,1.1012443000460486,1.1746062531556376,1.2020920851957577,1.257164167823874,1.348917534428705,1.3947931625928238,1.4315760267609279,1.4498649839678914,1.5233300491173258,1.6241769710087204,1.688445401304533,1.7343218360532227,1.7893936456294866,1.8719501590050707,1.945413459458946,2.0003853591123213,null,2.018776613856428,2.0921343550157623,2.174794861815563,2.2481579056562673,2.2665499981140704,2.33070904687623,2.4041675036288113,2.477478172188547,2.5141564913338956,2.5233549221321883,null,2.550850181365261,null,2.6059702475275066,2.6243815460799635,2.642678867789216,null,null,null,null,null,null,null,null,null,null,null,null,null,null,null,null,null,null,null,null,null,null,null,null,null,null,null,null,null,null],"y1":[0.3503,0.3413,0.3323,0.3593,0.3413,0.3503,0.3503,0.3503,0.3503,0.3413,0.3413,0.3503,0.3593,0.3682,0.3593,0.3503,0.3682,0.3503,0.3323,0.3503,0.4221,0.5389,0.6556,0.7095,0.7275,0.7455,0.7455,0.7993,0.8443,0.9161,0.97,0.9879,0.9879,1.0149,1.0867,1.1406,1.2125,1.2664,1.3113,1.4101,1.4819,1.5088,1.5627,1.6525,1.6974,1.7334,1.7513,1.8232,1.9219,1.9848,2.0297,2.0836,2.1644,2.2363,2.2901,2.2812,2.3081,2.3799,2.4608,2.5326,2.5506,2.6134,2.6853,2.7571,2.793,2.802,2.802,2.8289,2.82,2.8828,2.9008,2.9187,2.8828,2.9098,2.9277,2.9187,2.9277,2.8918,2.811,2.7391,2.5685,2.4967,2.4967,2.353,2.2273,2.0207,1.8501,1.7783,1.7154,1.5986,1.4639,1.2574,1.0778,0.943,0.8981,0.8622,0.8532,0.6556,0.494,0.4042,0.3682,0.3682],"x":[21.6051,21.469,21.4283,21.4165,21.5208,21.5992,21.5739,21.5951,21.5916,21.5173,21.5556,21.6599,21.6741,21.6429,21.6865,21.7207,21.7596,21.7195,21.6741,21.8556,21.8609,21.8686,21.8839,21.8857,21.8845,21.8904,21.8933,21.9016,21.904,21.901,21.9099,21.9116,21.9069,21.9087,21.9116,21.9205,21.9211,21.9228,21.9157,21.9193,21.9199,21.9228,21.9211,21.9211,21.9181,21.9175,21.9163,21.9193,21.9193,21.9199,21.9193,21.9181,21.9157,21.914,21.9181,21.9181,21.9175,21.9087,21.911,21.9134,21.9152,21.9028,21.8939,21.8998,21.9057,21.9128,21.9193,21.9399,21.9812,22.0236,22.0454,22.0578,22.0637,22.0684,22.0678,22.0684,22.0666,22.0666,22.0631,22.0065,21.9741,21.9258,21.9075,21.9051,21.9087,21.9093,21.9093,21.9093,21.9099,21.9081,21.9081,21.9116,21.911,21.9116,21.9093,21.9087,21.9075,21.9004,21.8898,21.8692,21.8574,21.8609],"x1":[0.0869,0.0909,0.0786,0.0849,0.1502,0.1161,0.1776,0.1843,0.1776,0.1677,0.1842,0.1843,0.1842,0.1843,0.1844,0.1843,0.1843,0.0012,0.1841,0.1846,0.1844,0.1844,0.1844,0.1844,0.1844,0.1844,0.1845,0.1845,0.1846,0.1846,0.1846,0.1846,0.1846,0.1846,0.1846,0.1846,0.1846,0.1846,0.1846,0.1846,0.1846,0.1847,0.1846,0.1846,0.1846,0.1846,0.1846,0.1846,0.1846,0.1846,0.1846,0.1846,0.1847,0.1846,0.1846,0.1847,0.1846,0.1846,0.1846,0.1846,0.1849,0.1853,0.1856,0.2428,0.2479,0.2491,0.2526,0.2541,0.255,0.2555,0.2487,0.2484,0.2492,0.2474,0.2462,0.244,0.2447,0.2448,0.2301,0.233,0.2791,0.2021,0.1855,0.1849,0.1847,0.1846,0.1846,0.1847,0.1846,0.1846,0.1846,0.1846,0.1846,0.1846,0.1846,0.1846,0.1846,0.1846,0.1845,0.1845,0.1844,0.1843],"undefined":[null,null,null,null,null,null,null,null,null,null,null,null,null,null,null,null,null,null,null,null,null,null,null,null,null,null,null,null,null,null,null,null,null,null,null,null,null,null,null,null,null,null,null,null,null,null,null,null,null,null,null,null,null,null,null,null,null,null,null,null,null,null,null,null,null,null,null,null,null,null,null,null,null,null,null,null,null,null,null,null,null,null,null,null,null,null,null,null,null,null,null,null,null,null,null,null,null,null,null,null,null,null],"x2":[36.9125,27.8599,28.3125,23.1619,18.5029,14.2653,15.1627,12.6342,13.9297,20.407,18.8228,14.6321,13.0166,14.554,12.0021,11.3544,9.458,42.3051,14.8896,6.9061,5.8838,5.4702,5.4311,5.8057,5.1424,5.1736,5.4311,5.5404,6.0555,5.9228,5.5404,6.0321,6.1725,5.4233,5.556,6.4691,6.1725,5.6653,5.439,5.5872,5.4936,5.9306,6.3988,5.7823,5.1268,6.0711,6.4301,6.0477,6.1179,5.6887,6.274,6.1881,5.6341,5.6262,6.5315,5.9774,5.3219,5.6262,5.9072,6.0711,5.6184,6.0321,236.1567,67.0438,8.8337,1.2092,0.2415,0.0854,0.0386,0.023,0.0074,-0.0004,-0.0082,-0.0082,-0.0161,-0.0082,-0.0082,-0.0161,-0.0082,29.4909,415.9143,484.8315,495.8195,428.5334,188.9581,41.033,14.6399,9.8248,9.38,7.4602,5.9852,5.6887,5.8448,5.6419,5.3297,5.3765,5.5794,5.7121,5.6419,5.2595,5.8604,5.4468],"x3":[8.6935,8.6947,8.6957,8.6952,8.6957,8.6974,8.6952,8.6957,8.6961,8.6987,8.699,8.6993,8.7004,8.7006,8.7011,8.7019,8.7025,8.699,8.6989,8.6838,8.6803,8.6784,8.6791,8.6782,8.6752,8.6756,8.6721,8.6742,8.6693,8.6665,8.6634,8.6618,8.6621,8.6596,8.6592,8.6579,8.6584,8.6583,8.6557,8.6557,8.6563,8.6568,8.6572,8.6572,8.6585,8.6591,8.6602,8.6615,8.6632,8.6651,8.6669,8.6686,8.6706,8.6724,8.6737,8.675,8.6766,8.6791,8.6813,8.6776,8.6748,8.6716,8.5024,8.4192,8.361,8.3145,8.2753,8.2463,8.225,8.2087,8.1816,8.1679,8.1569,8.145,8.1328,8.1196,8.0986,8.0634,8.0427,7.9574,8.0447,8.2073,8.3081,8.371,8.4228,8.467,8.4941,8.5133,8.5326,8.5464,8.5608,8.5707,8.5845,8.597,8.6105,8.622,8.6338,8.6465,8.6585,8.6682,8.6745,8.6763],"x4":[-999,-999,-999,-999,-999,-999,-999,-999,-999,-999,-999,-999,-999,-999,-999,-999,-999,-999,-999,-999,-999,-999,-999,-999,-999,-999,-999,-999,-999,-999,-999,-999,-999,-999,-999,-999,-999,-999,-999,-999,-999,-999,-999,-999,-999,-999,-999,-999,-999,-999,-999,-999,-999,-999,-999,-999,-999,-999,-999,-999,-999,-999,-999,-999,-999,-999,-999,-999,-999,-999,-999,-999,-999,-999,-999,-999,-999,-999,-999,-999,-999,-999,-999,-999,-999,-999,-999,-999,-999,-999,-999,-999,-999,-999,-999,-999,-999,-999,-999,-999,-999,-999],