{"M":[1573058152.288,1573058152.692,1573058153.108,1573058153.516,1573058153.92,1573058154.328,1573058154.74,1573058155.148,1573058155.552,1573058155.968,1573058156.372,1573058156.78,1573058157.192,1573058157.6,1573058158.008,1573058158.42,1573058158.828,1573058159.232,1573058159.648,1573058160.052,1573058160.46,1573058160.872,1573058161.28,1573058161.688,1573058162.092,1573058162.508,1573058162.912,1573058163.32,1573058163.732,1573058164.14,1573058164.544,1573058164.96,1573058165.364,1573058165.772,1573058166.188,1573058166.592,1573058167,1573058167.412,1573058167.82,1573058168.224,1573058168.64,1573058169.044,1573058169.452,1573058169.856,1573058170.272,1573058170.68,1573058171.084,1573058171.5,1573058171.904,1573058172.312,1573058172.724,1573058173.132,1573058173.536,1573058173.952,1573058174.356,1573058174.764,1573058175.18,1573058175.584,1573058175.992,1573058176.396,1573058176.812,1573058177.216,1573058177.624,1573058178.036,1573058178.444,1573058178.852,1573058179.264,1573058179.672,1573058180.076,1573058180.492,1573058180.896],"y":[null,null,null,null,null,null,null,null,null,null,null,null,null,null,null,null,null,null,0.2327197446984823,0.28770900348248785,0.3335163916856165,0.3885052297862044,0.4159490489290615,0.4343125831984119,null,0.46175624475524474,0.49848420437811863,0.5351097787848298,0.5900989914033772,0.6175426113674621,0.6817135901988166,0.7458847691068268,0.7825103243897195,0.8374990353260442,0.8924885389784756,0.9291141727650677,0.9382955960820507,0.9749213047651796,1.0207284109513353,1.066536097590892,1.112342842644108,1.1489680251032095,1.1947750561069184,null,null,null,null,null,null,null,null,null,null,null,null,null,null,null,null,null,null,null,null,null,null,null,null,null,null,null,null],"y1":[-0.1796,-0.1617,-0.1976,-0.1976,-0.1796,-0.1886,-0.1796,-0.1976,-0.1796,-0.1706,-0.1796,-0.1796,-0.1617,-0.1437,-0.1347,-0.1168,-0.0808,-0.018,0.0449,0.0988,0.1437,0.1976,0.2245,0.2425,0.2335,0.2694,0.3054,0.3413,0.3952,0.4221,0.485,0.5479,0.5838,0.6377,0.6916,0.7275,0.7365,0.7724,0.8173,0.8622,0.9071,0.943,0.9879,1.0328,1.0687,1.1316,1.1316,1.1316,1.1226,1.1226,1.1316,1.0957,1.0238,0.934,0.8263,0.7365,0.6017,0.5119,0.4491,0.3952,0.3054,0.1347,0.0449,-0.0359,-0.1437,-0.1886,-0.1796,-0.1886,-0.1976,-0.1886,-0.1706],"x":[9.741,9.7622,9.7763,9.7787,9.784,9.7734,9.7698,9.784,9.7934,9.781,9.784,9.7969,10.875,12.7758,13.5267,13.6452,13.6788,13.687,13.6941,13.6953,13.6953,13.6876,13.6918,13.6882,13.677,13.69,13.6971,13.6982,13.6976,13.6982,13.6965,13.6965,13.6971,13.6929,13.6947,13.6959,13.6929,13.6947,13.6929,13.6947,13.6912,13.6894,13.6876,13.69,13.6912,13.6929,13.6941,13.6923,13.6906,13.6918,13.6923,13.6918,13.6888,13.6894,13.6923,13.6929,13.6894,13.6876,13.6853,13.6864,13.6817,13.68,13.6788,13.6823,13.6617,13.6411,13.6582,13.6399,13.5432,13.5043,13.4059],"x1":[0.0005,0.0005,0.0005,0.0005,0.0005,0.0005,0.0005,0.0004,0.0005,0.0005,0.0005,0.0005,0.1557,0.1777,0.1778,0.1777,0.1778,0.178,0.1781,0.1782,0.1781,0.1781,0.1781,0.178,0.178,0.1782,0.1783,0.1783,0.1783,0.1784,0.1784,0.1783,0.1783,0.1784,0.1783,0.1783,0.1784,0.1784,0.1784,0.1783,0.1784,0.1784,0.1784,0.1784,0.1784,0.1783,0.1783,0.1783,0.1783,0.1783,0.1783,0.1792,0.1787,0.1785,0.1785,0.1785,0.1785,0.1785,0.1785,0.1785,0.1784,0.1785,0.1785,0.1783,0.1782,0.1782,0.1776,0.0057,0.0044,0.0039,0.0034],"undefined":[null,null,null,null,null,null,null,null,null,null,null,null,null,null,null,null,null,null,null,null,null,null,null,null,null,null,null,null,null,null,null,null,null,null,null,null,null,null,null,null,null,null,null,null,null,null,null,null,null,null,null,null,null,null,null,null,null,null,null,null,null,null,null,null,null,null,null,null,null,null,null],"x2":[-0.0161,-0.0161,-0.0082,-0.0161,-0.0161,-0.0082,-0.0161,-0.0161,-0.0161,-0.0161,-0.0161,-0.0161,0.4678,0.6629,0.78,0.6473,0.7878,0.6473,0.8268,0.8502,0.8658,0.7331,0.6395,0.7409,0.7019,0.6629,1.0609,0.9048,0.8112,0.7409,0.7331,0.7253,0.7253,0.78,0.9204,0.9595,0.897,0.7253,0.78,0.7409,0.7253,0.7878,0.7331,0.8814,0.7019,0.7019,0.7487,380.1095,284.9318,137.4516,140.9088,200.9294,89.0043,29.3817,10.7067,6.5003,2.5359,4.5025,2.0988,1.0609,0.8658,0.858,0.9048,0.9204,0.8892,0.7644,0.9516,19.7983,4.2215,0.5849,0.14],"x3":[7.4206,7.3866,7.3111,7.1414,7.1591,7.0632,7.202,7.1368,6.9515,6.9934,7.3284,8.4368,8.4609,8.4427,8.4277,8.4164,8.4177,8.4083,8.3938,8.3753,8.3694,8.3606,8.355,8.3454,8.3394,8.3337,8.3266,8.3206,8.3142,8.3069,8.3029,8.2996,8.2932,8.2902,8.2882,8.2874,8.2859,8.2821,8.278,8.2743,8.267,8.2643,8.2564,8.2542,8.2516,8.2505,8.2644,8.2665,8.2779,8.2797,8.2801,8.2766,8.2732,8.2685,8.266,8.2637,8.2619,8.2593,8.2535,8.2495,8.2478,8.241,8.24,8.2064,8.2227,8.2246,8.2281,8.2247,8.1994,8.245,8.2214],"x4":[-999,-999,-999,-999,-999,-999,-999,-999,-999,-999,-999,-999,-999,-999,-999,-999,-999,-999,-999,-999,-999,-999,-999,-999,-999,-999,-999,-999,-999,-999,-999,-999,-999,-999,-999,-999,-999,-999,-999,-999,-999,-999,-999,-999,-999,-999,-999,-999,-999,-999,-999,-999,-999,-999,-999,-999,-999,-999,-999,-999,-999,-999,-999,-999,-999,-999,-999,-999,-999,-999,-999],"x5":[9.5113,9.5085,9.505,9.5062,9.5064,9.5104,9.5123,9.5043,9.4971,9.5012,9.5047,9.5204,9.3263,9.0571,8.923,8.9052,8.9051,8.9044,8.9002,8.8916,8.8764,8.8571,8.833,8.8089,8.7807,8.7406,8.6955,8.6491,8.6017,8.5539,8.5071,8.4593,8.4139,8.3703,8.326,8.282,8.2419,8.2029,8.1656,8.1297,8.0971,8.0649,8.0345,8.0046,7.9761,7.9482,7.9214,7.8941,7.8661,7.8396,7.8165,7.8002,7.7883,7.7745,7.7607,7.7473,7.7327,7.719,7.7061,7.6922,7.6794,7.6691,7.6572,7.6383,7.6198,7.5506,7.4978,7.4896,7.4986,7.5044,7.5128],"x6":[0.005,0.005,0.005,0.005,0.005,0.005,0.005,0.005,0.005,0.005,0.005,0.005,0.1018,0.1113,0.1094,0.1091,0.1091,0.1091,0.1092,0.1093,0.1092,0.1092,0.1092,0.1092,0.1092,0.1093,0.1093,0.1093,0.1093,0.1094,0.1094,0.1093,0.1093,0.1094,0.1093,0.1093,0.1094,0.1094,0.1094,0.1093,0.1094,0.1094,0.1094,0.1094,0.1094,0.1093,0.1093,0.1093,0.1094,0.1093,0.1093,0.1099,0.1096,0.1095,0.1095,0.1094,0.1094,0.1094,0.1094,0.1094,0.1094,0.1095,0.1095,0.1093,0.1094,0.1094,0.109,0.0089,0.0083,0.0081,0.0078],"x7":[1,1,1,1,1,1,1,1,1,1,1,1,1,1,0,0,0,0,0,0,0,0,0,0,0,0,0,0,0,0,0,0,0,0,0,0,0,0,0,0,0,0,0,1,1,1,1,1,1,1,1,1,1,1,1,1,1,1,1,1,1,1,1,1,1,1,1,1,1,1,1],"x8":[1,1,1,1,1,1,1,1,1,1,1,1,1,1,1,1,1,1,0,0,0,0,0,0,1,0,0,0,0,0,0,0,0,0,0,0,0,0,0,0,0,0,0,1,1,1,1,1,1,1,1,1,1,1,1,1,1,1,1,1,1,1,1,1,1,1,1,1,1,1,1],"x9":[1,1,1,1,1,1,1,1,1,1,1,1,1,1,0,0,0,0,0,0,0,0,0,0,0,0,0,0,0,0,0,0,0,0,0,0,0,0,0,0,0,0,0,1,1,1,1,1,1,1,1,1,1,1,1,1,1,1,1,1,1,1,1,1,1,1,1,1,1,1,1],"x10":[1,1,1,1,1,1,1,1,1,1,1,1,1,1,0,0,0,0,0,0,0,0,0,0,0,0,0,0,0,0,0,0,0,0,0,0,0,0,0,0,0,0,0,1,1,1,1,1,1,1,1,1,1,1,1,1,1,1,1,1,1,1,1,1,1,1,1,1,1,1,1],"x11":[1,1,1,1,1,1,1,1,1,1,1,1,1,1,1,1,1,1,1,1,1,1,1,1,1,1,1,1,1,1,1,1,1,1,1,1,1,1,1,1,1,1,1,1,1,1,1,1,1,1,1,1,1,1,1,1,1,1,1,1,1,1,1,1,1,1,1,1,1,1,1],"x12":[1,1,1,1,1,1,1,1,1,1,1,1,1,1,0,0,0,0,0,0,0,0,0,0,0,0,0,0,0,0,0,0,0,0,0,0,0,0,0,0,0,0,0,1,1,1,1,1,1,1,1,1,1,1,1,1,1,1,1,1,1,1,1,1,1,1,1,1,1,1,1],"x13":[1,1,1,1,1,1,1,1,1,1,1,1,1,1,0,0,0,0,0,0,0,0,0,0,0,0,0,0,0,0,0,0,0,0,0,0,0,0,0,0,0,0,0,1,1,1,1,1,1,1,1,1,1,1,1,1,1,1,1,1,1,1,1,1,1,1,1,1,1,1,1],"x14":[1,1,1,1,1,1,1,1,1,1,1,1,1,1,1,1,1,1,1,1,1,1,1,1,1,1,1,1,1,1,1,1,1,1,1,1,1,1,1,1,1,1,1,1,1,1,1,1,1,1,1,1,1,1,1,1,1,1,1,1,1,1,1,1,1,1,1,1,1,1,1],"x15":[1,1,1,1,1,1,1,1,1,1,1,1,1,1,0,0,0,0,0,0,0,0,0,0,0,0,0,0,0,0,0,0,0,0,0,0,0,0,0,0,0,0,0,1,1,1,1,1,1,1,1,1,1,1,1,1,1,1,1,1,1,1,1,1,1,1,1,1,1,1,1],"x16":[1,1,1,1,1,1,1,1,1,1,1,1,1,1,0,0,0,0,0,0,0,0,0,0,0,0,0,0,0,0,0,0,0,0,0,0,0,0,0,0,0,0,0,1,1,1,1,1,1,1,1,1,1,1,1,1,1,1,1,1,1,1,1,1,1,1,1,1,1,1,1]}