{"M":[1606376020.952,1606376021.404,1606376021.864,1606376022.328,1606376022.788,1606376023.24,1606376023.7,1606376024.164,1606376024.624,1606376025.084,1606376025.536,1606376026,1606376026.46,1606376026.92,1606376027.38,1606376027.836,1606376028.296,1606376028.756,1606376029.216,1606376029.68,1606376030.132,1606376030.592,1606376031.052,1606376031.516,1606376031.968,1606376032.428,1606376032.888,1606376033.352,1606376033.812,1606376034.264,1606376034.724,1606376035.184,1606376035.648,1606376036.108,1606376036.56,1606376037.02,1606376037.484,1606376037.944,1606376038.404,1606376038.856,1606376039.32,1606376039.78,1606376040.24,1606376040.7,1606376041.156,1606376041.616,1606376042.076,1606376042.536,1606376042.992,1606376043.452,1606376043.912,1606376044.372,1606376044.836,1606376045.288,1606376045.748,1606376046.208,1606376046.672,1606376047.132,1606376047.584,1606376048.044,1606376048.508,1606376048.968,1606376049.42,1606376049.88,1606376050.344,1606376050.804,1606376051.264,1606376051.716,1606376052.18,1606376052.64,1606376053.1,1606376053.56,1606376054.016,1606376054.476,1606376054.936,1606376055.396,1606376055.852,1606376056.312,1606376056.772,1606376057.232,1606376057.692,1606376058.148,1606376058.608,1606376059.068,1606376059.528,1606376059.992,1606376060.444,1606376060.904,1606376061.364,1606376061.828,1606376062.288,1606376062.74,1606376063.2,1606376063.664],"y":[null,null,null,null,null,null,null,null,null,null,null,null,null,null,0.2749780607267484,0.3765350741766001,0.48726888293560106,0.579445574823993,0.6901798290192067,0.8101928138577396,0.8840155866645234,0.967015190937973,1.0592940015952328,1.1515723763838075,1.2623066941426146,1.3454078553927284,1.4192309540383277,1.5206859327650517,1.6036859375945562,1.6959645690993586,1.7513313322229795,1.8528887128178873,1.9635209053335894,2.065078112227375,2.157356387812891,2.240354385367645,2.351087179949565,2.4249089520667626,2.507907873151849,2.600187924443099,2.6740105442510007,2.7939186758562173,2.8861932728646376,2.9691895975632576,3.061466063175079,3.153741509013213,3.236740773309119,3.3290163181142307,3.4121114229882408,3.495105850775155,3.5596444205340863,3.651918273439511,3.744192825440464,3.818012599745222,3.9010099364973,3.97483032693833,4.067001337649082,4.159273339168445,4.196179043979784,4.269994301461954,null,null,null,null,null,null,null,null,null,null,null,null,null,null,null,null,null,null,null,null,null,null,null,null,null,null,null,null,null,null,null,null,null,null],"y1":[-0.396,-0.0339,-0.0068,0.0113,0.0113,-0.0068,0.0023,-0.0068,0.0023,0.0113,0.0204,0.0113,0.0113,0.0928,0.2285,0.3281,0.4367,0.5271,0.6357,0.7534,0.8258,0.9072,0.9977,1.0882,1.1968,1.2783,1.3507,1.4502,1.5316,1.6221,1.6764,1.776,1.8845,1.9841,2.0746,2.156,2.2646,2.337,2.4184,2.5089,2.5813,2.6989,2.7894,2.8708,2.9613,3.0518,3.1332,3.2237,3.3052,3.3866,3.4499,3.5404,3.6309,3.7033,3.7847,3.8571,3.9475,4.038,4.0742,4.1466,4.2009,4.228,4.2733,4.1556,3.8118,3.4409,3.088,2.7442,2.4094,2.0112,1.6493,1.2873,0.9525,0.6267,0.3462,0.1471,0.0023,-0.0158,-0.0158,-0.0158,-0.0068,-0.0249,-0.0068,0.0023,-0.0158,-0.0068,-0.0158,-0.0339,-0.0249,-0.0249,-0.0249,-0.0249,-0.0249,-0.0158],"x":[5.6505,5.2956,5.2178,5.1695,4.965,4.6361,4.3614,4.0933,3.8811,3.7461,3.7797,3.8752,8.0116,9.2329,9.3608,9.3702,9.3761,9.3885,9.3967,9.4015,9.405,9.4068,9.4127,9.4132,9.4162,9.4144,9.418,9.4162,9.4197,9.4215,9.4197,9.4209,9.4215,9.4215,9.4209,9.4127,9.4056,9.4015,9.3991,9.4074,9.4062,9.395,9.3791,9.3661,9.3602,9.3508,9.3514,9.3419,9.3189,9.3024,9.2865,9.2736,9.2647,9.2571,9.2535,9.2494,9.2358,9.2223,9.2052,9.1875,9.1722,9.1822,9.2075,9.2152,9.2482,9.2794,9.3372,9.3732,9.3908,9.4097,9.4132,9.415,9.4062,9.3973,9.3891,9.3802,9.3761,9.2117,8.8427,8.469,8.1944,8.0995,8.0765,7.9238,7.7994,7.7611,7.7511,7.691,7.5112,7.4099,7.3633,7.3085,7.1888,7.0415],"x1":[0.0021,0.002,0.002,0.0019,0.0019,0.0019,0.0019,0.0019,0.0018,0.0018,0.0018,0.0017,0.1704,0.1706,0.1706,0.1706,0.1707,0.1707,0.1707,0.1707,0.1708,0.1708,0.1708,0.1708,0.1708,0.1709,0.1709,0.1709,0.1709,0.1709,0.1709,0.1709,0.1709,0.1709,0.1709,0.1709,0.1708,0.1708,0.1708,0.1708,0.1707,0.1707,0.1706,0.1705,0.1705,0.1705,0.1705,0.1704,0.1702,0.1701,0.1701,0.17,0.17,0.1699,0.1699,0.1699,0.1698,0.1699,0.1697,0.1697,0.1719,0.2292,0.2339,0.1699,0.17,0.1704,0.1706,0.1708,0.1709,0.1709,0.1709,0.1709,0.1709,0.1708,0.1707,0.1707,0.021,0.0103,0.0075,0.0061,0.0057,0.0055,0.0048,0.0047,0.0042,0.0037,0.0034,0.0032,0.0029,0.0028,0.0026,0.0025,0.0024,0.0023],"undefined":[null,null,null,null,null,null,null,null,null,null,null,null,null,null,null,null,null,null,null,null,null,null,null,null,null,null,null,null,null,null,null,null,null,null,null,null,null,null,null,null,null,null,null,null,null,null,null,null,null,null,null,null,null,null,null,null,null,null,null,null,null,null,null,null,null,null,null,null,null,null,null,null,null,null,null,null,null,null,null,null,null,null,null,null,null,null,null,null,null,null,null,null,null,null],"x2":[48.97,49.77,48.99,53.77,45.58,41.17,34.08,26.42,42.95,36.27,50.05,36.32,5.08,1.69,1.3,1.22,1.16,1.2,1.22,1.17,1.19,1.25,1.22,1.26,1.19,1.22,1.32,1.25,1.2,1.24,1.22,1.31,1.31,1.16,1.16,1.2,1.25,1.24,1.19,1.24,1.27,1.27,1.19,1.72,1.25,1.25,1.31,1.22,1.15,1.36,1.22,1.12,1.2,1.27,1.18,1.15,1.22,1.14,1.08,1.09,353.35,75.59,22.93,96.25,17.29,3.07,1.53,1.39,1.3,1.27,1.26,1.3,1.24,1.25,1.19,1.25,234.73,46.04,15.09,20.74,33.2,39.25,44.68,43.6,45.57,51.01,53.37,56.7,59.36,61.98,77.7,65.4,64.97,72.83],"x3":[5.58,5.58,5.58,5.58,5.58,5.58,5.58,5.58,5.58,5.58,5.58,5.58,5.58,5.58,5.58,5.58,5.58,5.58,5.58,5.58,5.58,5.58,5.58,5.58,5.58,5.58,5.58,5.58,5.58,5.58,5.58,5.58,5.58,5.58,5.58,5.58,5.58,5.58,5.58,5.57,5.58,5.57,5.58,5.57,5.57,5.58,5.58,5.57,5.57,5.57,5.57,5.57,5.57,5.58,5.57,5.57,5.58,5.57,5.57,5.57,5.57,5.58,5.57,5.57,5.58,5.57,5.57,5.57,5.57,5.57,5.57,5.57,5.58,5.57,5.57,5.57,5.57,5.57,5.57,5.57,5.58,5.57,5.57,5.58,5.57,5.57,5.57,5.57,5.58,5.58,5.57,5.58,5.58,5.57],"x4":[-0.14,-0.14,-0.14,-0.14,61.97,62.65,63.39,63.82,64.57,65.42,65.88,66.9,64.49,58.41,54.57,53.03,50.66,48.21,47.37,45.83,44.99,44.61,44.02,43.83,43.5,43.12,42.98,42.81,42.68,42.6,42.53,42.47,42.39,42.36,42.37,42.35,42.32,42.36,42.38,42.37,42.42,42.4,42.37,42.44,42.53,42.55,42.61,42.67,42.7,42.76,42.8,42.93,43.08,43.19,43.27,43.38,43.42,43.48,43.5,43.52,42.49,40.89,36.22,28.91,29.44,34.87,38.3,39.46,40.86,41.28,41.77,41.99,42.06,42.14,42.2,42.25,42.27,42.27,42.35,43.05,43.68,45.69,46.79,47.48,49.24,51.09,52.28,53.95,54.66,55.81,56.83,57.23,57.86,58.43],"x5":[-0.03,-0.03,-0.03,-0.03,7.69,7.78,7.86,7.92,8.01,8.12,8.19,8.31,7.54,6.73,6.25,6.07,5.79,5.51,5.41,5.24,5.14,5.1,5.03,5,4.97,4.92,4.91,4.89,4.87,4.86,4.86,4.85,4.84,4.84,4.84,4.84,4.83,4.84,4.84,4.84,4.84,4.84,4.84,4.85,4.86,4.86,4.87,4.88,4.89,4.89,4.9,4.92,4.93,4.95,4.96,4.97,4.98,4.99,4.99,5,4.87,4.68,4.13,3.3,3.37,3.99,4.38,4.51,4.67,4.72,4.77,4.8,4.8,4.81,4.82,4.83,4.83,4.84,4.86,4.94,5.03,5.28,5.4,5.47,5.68,5.9,6.05,6.25,6.35,6.49,6.62,6.68,6.77,6.91],