{"M":[1566448342.288,1566448342.692,1566448343.108,1566448343.516,1566448343.92,1566448344.336,1566448344.74,1566448345.148,1566448345.56,1566448345.968,1566448346.372,1566448346.788,1566448347.192,1566448347.6,1566448348.008,1566448348.42,1566448348.828,1566448349.232,1566448349.648,1566448350.052,1566448350.46,1566448350.872,1566448351.28,1566448351.688,1566448352.1,1566448352.508,1566448352.912,1566448353.328,1566448353.732,1566448354.14,1566448354.552,1566448354.96,1566448355.364,1566448355.772,1566448356.188,1566448356.592,1566448357,1566448357.412,1566448357.82,1566448358.224,1566448358.64,1566448359.044,1566448359.452,1566448359.864,1566448360.272,1566448360.68,1566448361.092,1566448361.5,1566448361.904,1566448362.32,1566448362.724,1566448363.132,1566448363.536,1566448363.952,1566448364.356,1566448364.764,1566448365.18,1566448365.584,1566448365.992,1566448366.404,1566448366.812,1566448367.216,1566448367.632,1566448368.036,1566448368.444,1566448368.856,1566448369.264,1566448369.672,1566448370.084,1566448370.492,1566448370.896,1566448371.304,1566448371.716,1566448372.124,1566448372.528,1566448372.944,1566448373.352,1566448373.756,1566448374.172,1566448374.576,1566448374.984,1566448375.396,1566448375.804,1566448376.208,1566448376.624,1566448377.028,1566448377.436,1566448377.852,1566448378.256,1566448378.664,1566448379.068,1566448379.484,1566448379.888,1566448380.296,1566448380.708,1566448381.116,1566448381.52,1566448381.936,1566448382.344,1566448382.748,1566448383.164,1566448383.568,1566448383.976,1566448384.388,1566448384.796,1566448385.2,1566448385.616,1566448386.02,1566448386.428,1566448386.836,1566448387.248,1566448387.656,1566448388.06,1566448388.476,1566448388.88,1566448389.288,1566448389.7,1566448390.108,1566448390.516,1566448390.928,1566448391.336,1566448391.74,1566448392.156,1566448392.56,1566448392.968,1566448393.38,1566448393.788,1566448394.192,1566448394.6,1566448395.016,1566448395.42,1566448395.828,1566448396.24,1566448396.648,1566448397.052,1566448397.468,1566448397.872,1566448398.28,1566448398.692,1566448399.1,1566448399.508,1566448399.92,1566448400.328,1566448400.732,1566448401.148,1566448401.552,1566448401.96],"y":[0.009195900195404625,null,0.04587722623095304,null,null,0.055072733417659364,0.0825580728854034,0.17431363101493755,0.22938732618120022,0.32114243209341004,0.3762162355750181,0.4404856576762366,0.4496815662924405,null,0.513848806381432,0.5965103974561624,0.6331917852758633,0.715750920745106,0.7892160145250098,0.8258968770422779,0.9084565803494389,0.9635286325703954,0.9910147507572151,1.036892083430718,1.128750361319542,1.1654316198126087,1.2113090306999683,1.3213542342907376,1.367334115273651,1.422305207340478,1.5140613906444942,1.5599385163476853,null,1.58752665952752,1.6608900930766228,1.6884781628970489,1.7435509568966536,1.86279144120496,1.8719876395513122,1.9453518992765608,2.0371064771251075,2.064693626766075,2.1380537848844954,2.2482002869261026,2.294077754945455,2.33075961228197,2.4225147447331796,2.468392559625058,2.4958779897853987,2.5417556632681904,2.578438976002412,2.6060248139139714,2.6885863529513956,2.734463710348749,2.789536958735804,2.8812904842841656,2.9271673999560663,2.9638479172324437,3.1106773360884703,3.1840397631813935,3.229917678597708,3.3032807766722128,3.3308676613872663,3.3583537300637323,3.468500065445325,3.5051825619023247,3.5785466375078663,3.670300621078368,3.7345654596449656,3.762050016653149,3.8721943573091235,3.9547524356607155,3.9822371447167417,null,4.009825174985037,4.037310970902877,4.055602274950845,4.110671900951277,4.184131034313474,4.257494724421811,4.33085568634197,4.404217088119818,4.459291352638669,4.505168283473087,4.56024144197785,4.615317119907905,4.633609788429294,4.706974279473423,4.743759188464021,4.76204947377035,4.798732891330117,4.8812921072933015,4.908865535615933,4.972931255352594,4.991285718903762,null,null,null,null,null,null,null,null,null,null,null,null,null,null,null,null,null,null,null,null,null,null,null,null,null,null,null,null,null,null,null,null,null,null,null,null,null,null,null,null,null,null,null,null,null,null,null,null,null,null,null,null],"y1":[0.3144,0.3054,0.3503,0.3413,0.3503,0.3593,0.3862,0.476,0.5299,0.6197,0.6736,0.7365,0.7455,0.7455,0.8083,0.8892,0.9251,1.0059,1.0778,1.1137,1.1945,1.2484,1.2753,1.3202,1.4101,1.446,1.4909,1.5986,1.6436,1.6974,1.7872,1.8321,1.8321,1.8591,1.9309,1.9579,2.0118,2.1285,2.1375,2.2093,2.2991,2.3261,2.3979,2.5057,2.5506,2.5865,2.6763,2.7212,2.7481,2.793,2.8289,2.8559,2.9367,2.9816,3.0355,3.1253,3.1702,3.2061,3.3498,3.4216,3.4665,3.5383,3.5653,3.5922,3.7,3.7359,3.8077,3.8975,3.9604,3.9873,4.0951,4.1759,4.2028,4.2028,4.2298,4.2567,4.2746,4.3285,4.4004,4.4722,4.544,4.6158,4.6697,4.7146,4.7685,4.8224,4.8403,4.9121,4.9481,4.966,5.0019,5.0827,5.1097,5.1725,5.1905,5.2084,5.2264,5.2444,5.2264,5.0378,4.7146,4.5799,4.553,4.4183,4.2118,3.9155,3.6641,3.5473,3.4216,3.251,2.9187,2.6583,2.5865,2.6224,2.6224,2.5685,2.3261,2.0477,1.9669,1.9848,1.9579,1.877,1.5268,1.2753,1.2574,1.2664,1.2664,1.1406,0.8532,0.7814,0.7993,0.8263,0.8532,0.7275,0.7634,0.8173,0.7634,0.8981,0.9879,0.8892,0.5209,0.3233,0.3054,0.3054,0.3054,0.2964,0.3054],"x":[21.9806,21.9788,21.9712,21.9818,21.9747,21.9417,21.9446,21.9865,21.9941,21.9965,22.0006,22.0006,22.0006,22,22.0006,22.0024,22.0012,22.0012,22,21.9965,21.9994,21.993,21.9953,21.9947,21.9989,21.9977,21.9977,21.9994,22,21.9994,22.0024,22.0012,22.003,22.0024,22.003,22.0036,22.0018,22.0012,22.0018,22.0042,22.003,22.0012,21.9953,21.9947,21.9947,21.9953,21.9953,21.9959,21.9959,21.9959,21.9989,21.9959,22,21.9994,21.9994,21.9971,21.9959,21.9947,21.9959,21.9953,21.9959,21.9959,21.9947,21.9953,21.9947,21.9959,21.9971,21.9959,21.9906,21.9894,21.9871,21.9859,21.9853,21.9859,21.9853,21.9859,21.9877,21.9841,21.9782,21.9788,21.9776,21.9759,21.977,21.977,21.977,21.9794,21.9823,21.9835,21.9847,21.9853,21.9871,21.9871,21.9853,21.98,21.9735,21.9688,21.9611,21.9476,21.9346,21.9641,21.977,21.9776,21.9747,21.9747,21.9765,21.9841,21.9924,21.9912,21.99,21.9906,21.993,21.9935,21.9935,21.9941,21.9953,21.9941,21.9935,21.9941,21.9983,21.9989,21.9983,21.9965,22.0024,22.003,22.0036,22.003,22.0053,22.0012,22.0036,22.0036,22.0042,22.0036,22.0018,22.0024,22.003,22.0024,22.0018,22.0053,22.0083,22.0042,22,21.9888,21.9853,21.9812,21.9529,21.6688,21.4371],"x1":[0.1835,0.1836,0.1836,0.1835,0.1836,0.1836,0.1835,0.1835,0.1835,0.1836,0.1835,0.1835,0.1836,0.1836,0.1836,0.1835,0.1836,0.1836,0.1839,0.1839,0.1839,0.1838,0.1838,0.1838,0.1837,0.1836,0.1838,0.1839,0.1838,0.1837,0.1837,0.1837,0.1838,0.1838,0.1838,0.1838,0.1839,0.1838,0.1839,0.1838,0.1838,0.1837,0.1838,0.1837,0.1838,0.1838,0.1837,0.1836,0.1837,0.1836,0.1836,0.1837,0.1838,0.1837,0.1838,0.1837,0.1837,0.1838,0.1837,0.1837,0.1838,0.1838,0.1838,0.1838,0.1839,0.1838,0.1838,0.1839,0.1838,0.1839,0.1839,0.1839,0.1839,0.1839,0.1839,0.1839,0.1839,0.1841,0.1844,0.1842,0.1845,0.1844,0.1844,0.1846,0.1846,0.1846,0.1845,0.1844,0.1844,0.1844,0.1843,0.1843,0.1908,0.2409,0.2563,0.2679,0.2861,0.2953,0.2536,0.185,0.1848,0.1849,0.1847,0.1844,0.184,0.1837,0.1837,0.1837,0.1837,0.1837,0.1837,0.1837,0.1836,0.1836,0.1837,0.1837,0.1839,0.1839,0.1839,0.1839,0.1839,0.184,0.184,0.1839,0.1839,0.184,0.184,0.184,0.1841,0.1841,0.1841,0.1842,0.1842,0.1841,0.1841,0.1842,0.1842,0.1841,0.1841,0.1842,0.1842,0.1842,0.1842,0.0844,0.0225,0.0095,0.0072],