{"M":[1575968458.288,1575968458.692,1575968459.108,1575968459.516,1575968459.92,1575968460.336,1575968460.74,1575968461.148,1575968461.552,1575968461.968,1575968462.372,1575968462.78,1575968463.192,1575968463.6,1575968464.008,1575968464.42,1575968464.828,1575968465.232,1575968465.648,1575968466.052,1575968466.46,1575968466.872,1575968467.28,1575968467.684,1575968468.1,1575968468.508,1575968468.912,1575968469.32,1575968469.732,1575968470.14,1575968470.544,1575968470.96,1575968471.364,1575968471.772,1575968472.188,1575968472.592,1575968473,1575968473.412,1575968473.82,1575968474.224,1575968474.64,1575968475.044,1575968475.452,1575968475.864,1575968476.272,1575968476.68,1575968477.084,1575968477.5,1575968477.904,1575968478.312,1575968478.724,1575968479.132,1575968479.536,1575968479.952,1575968480.356,1575968480.764,1575968481.18,1575968481.584,1575968481.992,1575968482.404,1575968482.812,1575968483.216,1575968483.624,1575968484.036,1575968484.444,1575968484.852,1575968485.264,1575968485.672,1575968486.076,1575968486.492,1575968486.896,1575968487.304,1575968487.716],"y":[null,null,null,null,null,null,null,null,null,null,null,null,null,0.10378503808138317,0.19534617900495263,0.2686562513741855,0.32351135107537915,0.3968214205712681,0.47002958276247736,0.5525161494329229,0.5891202604888368,0.6165477915148787,0.6349008218748752,0.717285464969194,0.7539914320767562,0.8180230957381565,0.8638037185303763,0.8913332040520892,0.9371137037194593,0.9920709167984685,1.037851438805038,1.0836320156349433,1.1476634798921834,1.2026204199363264,1.2575773795900025,1.3033585936074121,1.3307876107652667,1.339967930855614,1.3675115291678122,1.394943269672803,null,1.4132996399229751,1.4224778405898875,null,1.431555363384416,1.4407340028312448,null,null,null,null,null,null,null,null,null,null,null,null,null,null,null,null,null,null,null,null,null,null,null,null,null,null,null],"y1":[1.4371,1.4102,1.4012,1.4012,1.3922,1.3922,1.3652,1.3473,1.3563,1.3742,1.3563,1.3832,1.4102,1.491,1.5808,1.6527,1.7065,1.7784,1.8502,1.9311,1.967,1.9939,2.0119,2.0927,2.1287,2.1915,2.2364,2.2634,2.3083,2.3622,2.4071,2.452,2.5148,2.5687,2.6226,2.6675,2.6944,2.7034,2.7304,2.7573,2.7573,2.7753,2.7843,2.7843,2.7932,2.8022,2.8022,2.8202,2.8292,2.8292,2.8292,2.8292,2.8292,2.7753,2.6406,2.5238,2.2634,2.0029,1.8502,1.6706,1.6347,1.6347,1.464,1.3832,1.3563,1.3383,1.3293,1.3652,1.3563,1.3832,1.3652,1.3652,1.3742],"x":[7.7829,7.7824,7.7835,7.7841,7.7841,7.7829,7.7841,7.7028,7.622,7.5089,7.3875,7.3987,7.7435,7.7682,7.7759,7.7776,7.7782,7.7788,7.7812,7.7824,7.7841,7.7835,7.7841,7.7847,7.7835,7.7847,7.7859,7.7853,7.7841,7.7853,7.7859,7.7847,7.7824,7.7806,7.7806,7.7894,7.8083,7.8596,8.0299,8.0741,8.0947,8.1101,8.1272,8.1448,8.1608,8.182,8.1949,8.2002,8.2079,8.2156,8.2291,8.2492,8.2663,8.1555,8.0016,7.8979,7.8148,7.7924,7.7906,7.7818,7.7776,7.7794,7.7818,7.7547,7.7063,7.6002,7.4865,7.3468,7.2106,7.0863,7.0096,6.9825,6.9171],"x1":[0.1698,0.1698,0.1698,0.1698,0.1698,0.1698,0.0163,0.0103,0.0085,0.0067,0.0057,0.1694,0.1697,0.1697,0.1697,0.1697,0.1697,0.1697,0.1697,0.1698,0.1698,0.1699,0.1698,0.1698,0.1698,0.1698,0.1698,0.1698,0.1698,0.1697,0.1698,0.1697,0.1697,0.1697,0.1699,0.1699,0.1699,0.1704,0.1712,0.1714,0.1714,0.1716,0.1718,0.172,0.1721,0.1722,0.1724,0.1724,0.1724,0.1723,0.1723,0.1725,0.1729,0.2053,0.2153,0.1791,0.1702,0.1701,0.17,0.1699,0.1699,0.1699,0.1678,0.0155,0.0107,0.0082,0.0064,0.0053,0.0048,0.0045,0.0043,0.0039,0.0035],"undefined":[null,null,null,null,null,null,null,null,null,null,null,null,null,null,null,null,null,null,null,null,null,null,null,null,null,null,null,null,null,null,null,null,null,null,null,null,null,null,null,null,null,null,null,null,null,null,null,null,null,null,null,null,null,null,null,null,null,null,null,null,null,null,null,null,null,null,null,null,null,null,null,null,null],"x2":[1.178,0.7565,0.7331,0.7331,0.7565,0.7253,85.0711,13.6254,1.7633,0.2805,47.1436,4.8849,0.6707,0.78,0.7331,0.7331,0.8034,0.7565,0.7644,0.7331,0.7331,0.7565,0.7722,0.7956,0.8424,0.7409,0.7331,0.8034,0.7487,0.7644,0.7722,0.7956,0.7722,0.7878,0.819,0.819,25.4094,126.3387,20.3992,2.77,0.499,0.1712,0.1166,0.0932,0.0776,0.062,0.0386,0.023,0.0152,0.0074,0.0074,0.0074,0.0074,191.7129,305.6904,62.8531,11.69,9.2239,13.1181,14.7804,25.9713,12.845,-0.3516,-0.3516,-0.3516,-0.3438,-0.0863,-0.0473,-0.0317,-0.0239,-0.0317,-0.0317,-0.0317],"x3":[8.1032,8.0949,8.1003,8.1041,8.0978,8.0729,8.0803,8.078,8.0743,8.041,8.0202,8.0486,8.0829,8.0914,8.0968,8.0877,8.093,8.0945,8.091,8.0932,8.0957,8.099,8.1011,8.0955,8.099,8.1018,8.0993,8.1004,8.0913,8.093,8.0974,8.0945,8.0892,8.0828,8.0778,8.0917,8.1112,8.1273,8.1448,8.1588,8.17,8.1799,8.1884,8.195,8.2011,8.2112,8.2175,8.2176,8.2191,8.2136,8.2093,8.2217,8.1884,8.0866,8.1007,8.1429,8.1967,8.2104,8.203,8.1556,8.1733,8.1657,8.1636,7.9758,8.0138,8.0604,8.0763,8.0835,8.0884,8.0931,8.0968,8.1003,8.1007],"x4":[-999,-999,-999,-999,-999,-999,-999,-999,-999,-999,-999,-999,-999,-999,-999,-999,-999,-999,-999,-999,-999,-999,-999,-999,-999,-999,-999,-999,-999,-999,-999,-999,-999,-999,-999,-999,-999,-999,-999,-999,-999,-999,-999,-999,-999,-999,-999,-999,-999,-999,-999,-999,-999,-999,-999,-999,-999,-999,-999,-999,-999,-999,-999,-999,-999,-999,-999,-999,-999,-999,-999,-999,-999],"x5":[4.9296,4.9206,4.9133,4.9096,4.9096,4.9033,4.8974,4.9034,4.9152,4.9332,4.9697,5.0164,5.0573,5.1596,5.2808,5.3975,5.491,5.5517,5.5806,5.5847,5.5711,5.5491,5.5205,5.4853,5.45,5.4145,5.3812,5.3475,5.3125,5.2799,5.2512,5.225,5.1977,5.172,5.1479,5.1276,5.1097,5.089,5.0559,5.0427,5.0337,5.0318,5.0519,5.1032,5.1862,5.2933,5.4174,5.5501,5.6906,5.8384,5.9894,6.1397,6.2842,6.4364,6.575,6.6906,6.7877,6.8564,6.9135,6.9423,6.9359,6.8949,6.8221,6.7399,6.6497,6.5744,6.489,6.4198,6.3762,6.3731,6.421,6.5,6.6089],"x6":[0.1199,0.1199,0.1199,0.1199,0.1199,0.1199,0.0129,0.0091,0.008,0.0069,0.0062,0.1208,0.1199,0.1199,0.1198,0.1198,0.1198,0.1198,0.1198,0.1199,0.1199,0.1199,0.1199,0.1199,0.1199,0.1199,0.1199,0.1199,0.1199,0.1198,0.1199,0.1198,0.1198,0.1198,0.1199,0.1199,0.1199,0.1201,0.1201,0.1201,0.12,0.1202,0.1202,0.1203,0.1204,0.1204,0.1205,0.1205,0.1205,0.1203,0.1203,0.1204,0.1206,0.1441,0.152,0.1262,0.1201,0.1201,0.12,0.12,0.12,0.12,0.1184,0.0125,0.0094,0.0078,0.0067,0.006,0.0056,0.0054,0.0052,0.005,0.0047],"x7":[1,1,1,1,1,1,1,1,1,1,1,1,0,0,0,0,0,0,0,0,0,0,0,0,0,0,0,0,0,0,0,0,0,0,0,0,0,0,0,0,0,0,0,0,0,0,1,1,1,1,1,1,1,1,1,1,1,1,1,1,1,1,1,1,1,1,1,1,1,1,1,1,1],"x8":[1,1,1,1,1,1,1,1,1,1,1,1,1,0,0,0,0,0,0,0,0,0,0,0,0,0,0,0,0,0,0,0,0,0,0,0,0,0,0,0,1,0,0,1,0,0,1,1,1,1,1,1,1,1,1,1,1,1,1,1,1,1,1,1,1,1,1,1,1,1,1,1,1],"x9":[1,1,1,1,1,1,1,1,1,1,1,1,0,0,0,0,0,0,0,0,0,0,0,0,0,0,0,0,0,0,0,0,0,0,0,0,0,0,0,0,0,0,0,0,0,0,1,1,1,1,1,1,1,1,1,1,1,1,1,1,1,1,1,1,1,1,1,1,1,1,1,1,1],"x10":[1,1,1,1,1,1,1,1,1,1,1,1,0,0,0,0,0,0,0,0,0,0,0,0,0,0,0,0,0,0,0,0,0,0,0,0,0,0,0,0,0,0,0,0,0,0,1,1,1,1,1,1,1,1,1,1,1,1,1,1,1,1,1,1,1,1,1,1,1,1,1,1,1],"x11":[1,1,1,1,1,1,1,1,1,1,1,1,1,1,1,1,1,1,1,1,1,1,1,1,1,1,1,1,1,1,1,1,1,1,1,1,1,1,1,1,1,1,1,1,1,1,1,1,1,1,1,1,1,1,1,1,1,1,1,1,1,1,1,1,1,1,1,1,1,1,1,1,1],"x12":[1,1,1,1,1,1,1,1,1,1,1,1,0,0,0,0,0,0,0,0,0,0,0,0,0,0,0,0,0,0,0,0,0,0,0,0,0,0,0,0,0,0,0,0,0,0,1,1,1,1,1,1,1,1,1,1,1,1,1,1,1,1,1,1,1,1,1,1,1,1,1,1,1],"x13":[1,1,1,1,1,1,1,1,1,1,1,1,0,0,0,0,0,0,0,0,0,0,0,0,0,0,0,0,0,0,0,0,0,0,0,0,0,0,0,0,0,0,0,0,0,0,1,1,1,1,1,1,1,1,1,1,1,1,1,1,1,1,1,1,1,1,1,1,1,1,1,1,1],"x14":[1,1,1,1,1,1,1,1,1,1,1,1,1,1,1,1,1,1,1,1,1,1,1,1,1,1,1,1,1,1,1,1,1,1,1,1,1,1,1,1,1,1,1,1,1,1,1,1,1,1,1,1,1,1,1,1,1,1,1,1,1,1,1,1,1,1,1,1,1,1,1,1,1],"x15":[1,1,1,1,1,1,1,1,1,1,1,1,0,0,0,0,0,0,0,0,0,0,0,0,0,0,0,0,0,0,0,0,0,0,0,0,0,0,0,0,0,0,0,0,0,0,1,1,1,1,1,1,1,1,1,1,1,1,1,1,1,1,1,1,1,1,1,1,1,1,1,1,1],"x16":[1,1,1,1,1,1,1,1,1,1,1,1,0,0,0,0,0,0,0,0,0,0,0,0,0,0,0,0,0,0,0,0,0,0,0,0,0,0,0,0,0,0,0,0,0,0,1,1,1,1,1,1,1,1,1,1,1,1,1,1,1,1,1,1,1,1,1,1,1,1,1,1,1]}