{"M":[1566461017.288,1566461017.692,1566461018.108,1566461018.516,1566461018.92,1566461019.336,1566461019.74,1566461020.148,1566461020.56,1566461020.968,1566461021.372,1566461021.788,1566461022.192,1566461022.6,1566461023.008,1566461023.42,1566461023.828,1566461024.232,1566461024.648,1566461025.052,1566461025.46,1566461025.872,1566461026.28,1566461026.688,1566461027.1,1566461027.508,1566461027.912,1566461028.328,1566461028.732,1566461029.14,1566461029.552,1566461029.96,1566461030.364,1566461030.772,1566461031.184,1566461031.592,1566461032,1566461032.412,1566461032.82,1566461033.224,1566461033.64,1566461034.044,1566461034.452,1566461034.864,1566461035.272,1566461035.68,1566461036.092,1566461036.5,1566461036.904,1566461037.32,1566461037.724,1566461038.132,1566461038.536,1566461038.952,1566461039.356,1566461039.764,1566461040.18,1566461040.584,1566461040.992,1566461041.404,1566461041.812,1566461042.216,1566461042.632,1566461043.036,1566461043.444,1566461043.856,1566461044.264,1566461044.672,1566461045.084,1566461045.492,1566461045.896,1566461046.304,1566461046.716,1566461047.124,1566461047.528,1566461047.944,1566461048.352,1566461048.756,1566461049.172,1566461049.576,1566461049.984,1566461050.396,1566461050.804,1566461051.208,1566461051.624,1566461052.028,1566461052.436,1566461052.852,1566461053.256,1566461053.664,1566461054.068,1566461054.484,1566461054.888,1566461055.296],"y":[null,null,null,null,null,null,null,null,null,null,null,null,null,null,null,null,null,null,null,null,0.0895216086447007,0.12620213841846625,0.19046949350586467,0.2638306123585172,0.3280980906152662,0.4106548258584937,0.474922101420211,0.5207975629624929,0.5941579625164415,0.6676212320474583,null,null,0.7043014676470638,0.8235376513020053,0.8694118276420799,0.8969983230140589,0.9336783618131484,null,0.9612658556178197,1.071306631437307,1.144771842897692,1.1906489658247033,1.254813494047046,1.2824000725088425,1.3006886485229536,1.3374706780602432,1.4567075432268994,1.557654776360418,1.6310154784032587,1.6402137068730578,1.6768935983425974,1.787038623237075,1.8879856722010278,1.9430547909587608,1.9705391064094913,1.9980227936956634,2.04389820873897,2.144844342904767,2.2457858004699154,2.2732636517862197,2.3100367035126235,2.3374941292010827,2.374176854713482,null,null,null,null,null,null,null,null,null,null,null,null,null,null,null,null,null,null,null,null,null,null,null,null,null,null,null,null,null,null,null],"y1":[0.5119,0.5299,0.5209,0.5119,0.503,0.5119,0.5209,0.5299,0.5299,0.5479,0.5389,0.4132,0.2874,0.2784,0.2784,0.2694,0.3144,0.3772,0.4491,0.5209,0.6018,0.6377,0.7006,0.7724,0.8353,0.9161,0.979,1.0239,1.0957,1.1676,1.1676,1.1676,1.2035,1.3202,1.3651,1.3921,1.428,1.428,1.455,1.5627,1.6346,1.6795,1.7423,1.7693,1.7872,1.8232,1.9399,2.0387,2.1105,2.1195,2.1554,2.2632,2.362,2.4159,2.4428,2.4697,2.5146,2.6134,2.7122,2.7391,2.7751,2.802,2.8379,2.9008,2.9008,2.9098,2.9008,2.8828,2.6942,2.5326,2.3799,2.0387,2.0477,1.904,1.6346,1.6166,1.6436,1.3831,1.3113,1.2215,0.9341,0.9161,0.7993,0.494,0.4581,0.467,0.485,0.4042,0.3233,0.3323,0.3593,0.3682,0.3772,0.3503],"x":[21.8686,21.868,21.8674,21.8698,21.8692,21.868,21.8651,21.8656,21.8639,21.8645,21.8668,21.8586,21.8332,21.7248,21.4631,21.7501,21.8303,21.848,21.8521,21.8692,21.8745,21.8745,21.8698,21.8721,21.8715,21.8721,21.8698,21.8639,21.8603,21.8621,21.8633,21.8621,21.8609,21.8574,21.848,21.8462,21.845,21.8468,21.848,21.8474,21.8568,21.8609,21.8586,21.8574,21.8556,21.8539,21.8544,21.8533,21.8533,21.8603,21.8586,21.8627,21.8609,21.855,21.8544,21.8521,21.8509,21.848,21.8385,21.825,21.8238,21.8409,21.8586,21.868,21.8768,21.8869,21.901,21.8998,21.901,21.8662,21.8562,21.8586,21.8586,21.8586,21.8556,21.8568,21.8521,21.8586,21.8603,21.8586,21.858,21.8574,21.848,21.8409,21.8374,21.835,21.8391,21.8326,21.8374,21.8415,21.8379,21.8385,21.8368,21.8379],"x1":[0.184,0.184,0.1839,0.184,0.184,0.1839,0.184,0.184,0.184,0.184,0.184,0.184,0.0165,0.0106,0.0679,0.1839,0.1839,0.1839,0.184,0.1841,0.1841,0.184,0.184,0.184,0.184,0.184,0.184,0.184,0.184,0.184,0.184,0.184,0.184,0.1841,0.1841,0.1841,0.1841,0.1841,0.1841,0.184,0.184,0.1841,0.1841,0.1841,0.1841,0.1841,0.1841,0.1841,0.1841,0.1841,0.184,0.184,0.184,0.184,0.184,0.1841,0.184,0.184,0.1855,0.1852,0.195,0.2353,0.2424,0.2928,0.2946,0.2952,0.2953,0.3045,0.1955,0.1967,0.1842,0.1843,0.1842,0.1841,0.1841,0.1841,0.184,0.184,0.184,0.184,0.184,0.184,0.1839,0.1839,0.1839,0.1839,0.1839,0.1839,0.1839,0.1839,0.1839,0.1839,0.1839,0.1839],"undefined":[null,null,null,null,null,null,null,null,null,null,null,null,null,null,null,null,null,null,null,null,null,null,null,null,null,null,null,null,null,null,null,null,null,null,null,null,null,null,null,null,null,null,null,null,null,null,null,null,null,null,null,null,null,null,null,null,null,null,null,null,null,null,null,null,null,null,null,null,null,null,null,null,null,null,null,null,null,null,null,null,null,null,null,null,null,null,null,null,null,null,null,null,null,null],"x2":[6.0164,5.595,5.8213,6.1023,5.9384,5.2282,5.5638,6.0399,6.0086,6.0867,5.7511,5.2673,162.7756,33.986,-0.3516,-0.3516,3.9874,5.4233,5.439,6.274,5.6809,5.3687,5.7433,5.4468,5.7355,5.2907,5.6028,5.08,4.8537,4.7912,5.119,5.2673,5.2985,5.4702,5.5638,6.2272,5.2517,5.6262,5.7355,5.8135,5.9228,5.7043,5.2439,5.5092,5.6341,5.5404,5.8057,5.6653,5.517,5.6653,5.4468,5.0956,5.0566,5.2673,5.119,5.1736,5.1424,5.2517,5.5404,9.1459,168.535,26.6581,3.3787,0.5068,0.1166,0.0464,0.023,2.2081,176.3156,216.6155,81.3408,29.4207,29.6158,20.1729,7.7802,8.2796,18.0268,10.574,6.9607,5.7277,5.4468,5.4077,6.7188,5.6028,5.7199,5.3765,5.4311,5.3843,5.3999,5.3297,5.236,5.478,5.0331,4.7132],"x3":[8.7413,8.7402,8.7406,8.7408,8.7414,8.7438,8.7372,8.7405,8.7401,8.7404,8.7347,8.7392,8.7451,8.7579,8.7495,8.7463,8.7487,8.7434,8.7367,8.738,8.7384,8.7379,8.7342,8.7316,8.7285,8.7265,8.7288,8.725,8.7224,8.7237,8.7248,8.7239,8.7205,8.7181,8.7182,8.7184,8.7192,8.7195,8.7155,8.7175,8.7194,8.7207,8.7215,8.7227,8.7226,8.7232,8.7241,8.7256,8.7278,8.73,8.732,8.7342,8.7366,8.7381,8.7396,8.7406,8.7423,8.7438,8.6618,8.5692,8.4981,8.4416,8.3934,8.3435,8.3033,8.2732,8.2513,8.1062,8.0399,8.1869,8.3626,8.452,8.5238,8.5766,8.6034,8.6308,8.6482,8.6604,8.6758,8.6852,8.6936,8.7036,8.7142,8.6693,8.7267,8.7353,8.7307,8.7351,8.7367,8.7404,8.7503,8.7503,8.7515,8.7531],"x4":[-999,-999,-999,-999,-999,-999,-999,-999,-999,-999,-999,-999,-999,-999,-999,-999,-999,-999,-999,-999,-999,-999,-999,-999,-999,-999,-999,-999,-999,-999,-999,-999,-999,-999,-999,-999,-999,-999,-999,-999,-999,-999,-999,-999,-999,-999,-999,-999,-999,-999,-999,-999,-999,-999,-999,-999,-999,-999,-999,-999,-999,-999,-999,-999,-999,-999,-999,-999,-999,-999,-999,-999,-999,-999,-999,-999,-999,-999,-999,-999,-999,-999,-999,-999,-999,-999,-999,-999,-999,-999,-999,-999,-999,-999],"x5":[5.0555,5.0592,5.0669,5.0735,5.0777,5.0825,5.0475,5.0013,5.0224,4.9915,4.642,4.3785,4.5756,4.6074,4.6009,4.5452,4.5315,4.5433,4.5524,4.5271,4.5101,4.5007,4.5142,4.5273,4.4962,4.4831,4.471,4.4888,4.4689,4.4342,4.4739,4.4989,4.4877,4.46,4.4687,4.4877,4.4985,4.5188,4.5546,4.53,4.5064,4.511,4.5123,4.5237,4.5345,4.5528,4.5703,4.6175,4.6429,4.7038,4.7315,4.6549,4.703,4.8717,5.1082,5.3049,5.4014,5.4468,5.6178,5.9429,6.1601,6.2582,6.2902,6.1355,6.3576,6.4896,6.5315,6.9361,7.8352,8.197,8.4229,8.848,8.3604,8.4434,8.5707,8.1936,8.0647,8.396,8.1551,8.1483,8.3042,7.9327,7.937,7.8556,7.2975,7.1286,7.1605,7.2136,7.0025,7.6231,7.9074,8.1143,8.1444,7.9936],