{"M":[1576155666.288,1576155666.692,1576155667.1,1576155667.516,1576155667.92,1576155668.328,1576155668.74,1576155669.148,1576155669.552,1576155669.968,1576155670.372,1576155670.78,1576155671.192,1576155671.6,1576155672.008,1576155672.42,1576155672.828,1576155673.232,1576155673.64,1576155674.052,1576155674.46,1576155674.864,1576155675.28,1576155675.684,1576155676.092,1576155676.508,1576155676.912,1576155677.32,1576155677.732,1576155678.14,1576155678.544,1576155678.96,1576155679.364,1576155679.772,1576155680.18,1576155680.592,1576155681,1576155681.404,1576155681.82,1576155682.224,1576155682.632,1576155683.044,1576155683.452,1576155683.856,1576155684.272,1576155684.68,1576155685.084,1576155685.5,1576155685.904,1576155686.312,1576155686.724,1576155687.132,1576155687.536,1576155687.944,1576155688.356,1576155688.764,1576155689.172,1576155689.584,1576155689.992,1576155690.396,1576155690.812,1576155691.216,1576155691.624,1576155692.036,1576155692.444,1576155692.852,1576155693.264,1576155693.672,1576155694.076,1576155694.492,1576155694.896,1576155695.304,1576155695.708,1576155696.124,1576155696.528,1576155696.936,1576155697.352,1576155697.756,1576155698.164,1576155698.576,1576155698.984,1576155699.388,1576155699.804,1576155700.208,1576155700.616,1576155701.028,1576155701.436,1576155701.844,1576155702.248,1576155702.664,1576155703.068,1576155703.476,1576155703.888,1576155704.296,1576155704.7,1576155705.116,1576155705.52,1576155705.928,1576155706.344,1576155706.748,1576155707.156,1576155707.568,1576155707.976,1576155708.38,1576155708.796,1576155709.2,1576155709.608,1576155710.016,1576155710.428,1576155710.836,1576155711.24,1576155711.656,1576155712.06,1576155712.468,1576155712.88],"y":[0.04577959674045917,null,null,null,null,null,null,0.06413242571462766,0.10991306247757542,0.18312078448213984,0.2198265599080075,0.2930340964894114,0.35716721553702024,0.4121239415718888,0.4945079457257942,0.5586409850302092,0.6226719649480985,0.6776286030858135,0.7142322834575351,0.7601145404761869,0.851674950583178,0.9157059746304687,0.9524116716312399,null,0.9798388104615978,1.0713991248359978,1.1537829156001826,1.2545199155292432,1.3552565417274303,1.4102132942145682,1.4651695684887083,1.5383771180995836,1.6025097861831619,1.6757170002886628,1.7123209551432719,1.7582033746401606,1.7856305756204887,1.8130578938893127,1.886367280186579,1.9779277503431245,2.0511353101157566,2.106091936837269,2.197651818326884,2.2526082576960285,2.3258158869747865,2.417376377210447,2.4906853686295474,2.527288988080259,2.5547165393940023,2.5913199456600515,2.655451637550676,2.719584476968703,2.783615710546147,2.811145470251915,2.9209554514058618,2.994265505718058,3.0674739956930654,3.1498581316462606,3.241418912352159,3.2597709108824566,3.2963745282763095,3.3238015010243434,3.378758064386781,3.442889994113853,3.5160981421049593,3.5893050763647647,3.635086275512692,3.717472637719889,3.763254679090252,3.8090352388577156,3.845639524178328,3.928126595174071,4.019580014563457,4.065358464524908,4.074533802019664,4.111136804057877,4.138665833317882,4.17526959287545,4.257652826690877,4.321788310200902,4.340039593136469,4.367465432106755,4.385819695618549,4.394996369703207,null,null,null,null,null,null,null,null,null,null,null,null,null,null,null,null,null,null,null,null,null,null,null,null,null,null,null,null,null,null,null],"y1":[1.4281,1.4191,1.4102,1.4012,1.4012,1.3832,1.3922,1.4461,1.491,1.5628,1.5988,1.6706,1.7335,1.7874,1.8682,1.9311,1.9939,2.0478,2.0837,2.1287,2.2185,2.2813,2.3173,2.3173,2.3442,2.434,2.5148,2.6136,2.7124,2.7663,2.8202,2.892,2.9549,3.0267,3.0626,3.1076,3.1345,3.1614,3.2333,3.3231,3.3949,3.4488,3.5386,3.5925,3.6643,3.7541,3.826,3.8619,3.8888,3.9247,3.9876,4.0505,4.1133,4.1403,4.248,4.3199,4.3917,4.4725,4.5623,4.5803,4.6162,4.6431,4.697,4.7599,4.8317,4.9035,4.9484,5.0292,5.0741,5.119,5.1549,5.2358,5.3255,5.3704,5.3794,5.4153,5.4423,5.4782,5.559,5.6219,5.6398,5.6667,5.6847,5.6937,5.6847,5.6847,5.7027,5.7296,5.7565,5.6847,5.4872,5.2088,4.9394,4.6431,4.3917,4.0954,3.7631,3.5206,3.1794,2.901,2.5957,2.2813,2.0029,1.7335,1.6886,1.6347,1.4281,1.3922,1.3832,1.3922,1.4102,1.3922,1.4012,1.4102,1.4191],"x":[4.2842,4.1911,4.1546,4.1687,4.1976,4.2536,6.7986,7.4723,7.6161,7.6462,7.6503,7.6497,7.6521,7.6556,7.6556,7.6539,7.6497,7.6497,7.6474,7.6497,7.6497,7.648,7.6474,7.6474,7.6438,7.6427,7.6403,7.6433,7.6409,7.6427,7.6385,7.6391,7.635,7.6321,7.6344,7.6374,7.6362,7.6362,7.6356,7.6368,7.6374,7.6362,7.6338,7.6326,7.6338,7.635,7.6303,7.6309,7.6326,7.6303,7.6214,7.6191,7.622,7.6238,7.6179,7.622,7.6268,7.6297,7.6309,7.6262,7.6256,7.6238,7.6238,7.6197,7.622,7.6209,7.6262,7.6397,7.6486,7.6503,7.6527,7.655,7.6338,7.6262,7.6214,7.6197,7.6173,7.6161,7.615,7.6256,7.6344,7.6822,7.7034,7.7128,7.7211,7.7293,7.7417,7.7611,7.7788,7.7706,7.7146,7.6427,7.6326,7.6285,7.6315,7.6256,7.6232,7.6232,7.6291,7.6321,7.6374,7.6385,7.6397,7.6474,7.6509,7.6515,7.6468,7.5702,7.3079,7.1234,6.9778,6.8629,6.7939,6.7403,6.6124],"x1":[0.0092,0.0102,0.0095,0.008,0.0082,0.0088,0.1694,0.1694,0.1695,0.1695,0.1695,0.1695,0.1695,0.1696,0.1695,0.1696,0.1695,0.1695,0.1696,0.1695,0.1695,0.1695,0.1695,0.1695,0.1694,0.1694,0.1695,0.1695,0.1695,0.1694,0.1694,0.1695,0.1694,0.1694,0.1695,0.1694,0.1694,0.1694,0.1695,0.1695,0.1695,0.1694,0.1694,0.1694,0.1694,0.1694,0.1694,0.1694,0.1694,0.1694,0.1694,0.1693,0.1694,0.1693,0.1694,0.1694,0.1694,0.1694,0.1693,0.1693,0.1693,0.1693,0.1693,0.1694,0.1693,0.1694,0.1695,0.1696,0.1697,0.1697,0.1697,0.1694,0.1695,0.1695,0.1694,0.1695,0.1694,0.1693,0.1694,0.1694,0.1702,0.1756,0.1772,0.178,0.1792,0.1796,0.1801,0.1809,0.18,0.1844,0.1699,0.1699,0.1694,0.1695,0.1694,0.1694,0.1694,0.1694,0.1694,0.1695,0.1695,0.1695,0.1696,0.1696,0.1696,0.1697,0.018,0.0078,0.0054,0.0044,0.0039,0.0034,0.0032,0.0029,0.0026],"undefined":[null,null,null,null,null,null,null,null,null,null,null,null,null,null,null,null,null,null,null,null,null,null,null,null,null,null,null,null,null,null,null,null,null,null,null,null,null,null,null,null,null,null,null,null,null,null,null,null,null,null,null,null,null,null,null,null,null,null,null,null,null,null,null,null,null,null,null,null,null,null,null,null,null,null,null,null,null,null,null,null,null,null,null,null,null,null,null,null,null,null,null,null,null,null,null,null,null,null,null,null,null,null,null,null,null,null,null,null,null,null,null,null,null,null,null],"x2":[0.0464,0.1712,0.1478,0.179,-0.0317,-0.3516,0.2025,0.8502,0.9126,0.8346,0.858,0.7956,0.7956,0.78,0.7722,0.78,0.8424,0.7878,0.8112,0.8268,0.7644,0.8112,0.7956,0.8268,0.8268,0.8112,0.7722,0.7644,0.78,0.8424,0.858,0.8502,0.7878,0.7565,0.7956,0.8502,0.8814,0.819,0.8502,0.8736,0.819,0.7956,0.8346,0.8424,0.858,0.819,1.217,1.0687,0.8502,0.858,1.0063,0.9829,0.8658,0.8346,0.8502,0.8892,0.8268,0.8034,0.8346,0.819,0.7956,0.819,0.7878,0.8346,0.819,0.7878,0.8112,0.819,0.78,0.9126,0.7956,0.819,0.819,0.78,0.8034,0.7878,0.78,0.819,0.858,84.8838,101.1785,14.835,1.9584,0.3663,0.14,0.0854,0.0698,5.2439,2.013,6.8983,125.5583,114.1878,24.6836,7.07,2.091,2.3017,1.1467,0.9516,0.9204,0.8424,0.8502,1.0141,0.9907,0.8736,1.1702,0.9595,392.0028,476.4656,494.0246,247.8471,117.9338,44.2639,20.9377,28.8588,386.0639],"x3":[7.4674,7.4945,7.4893,7.5811,7.9214,8.0635,7.9024,7.9535,7.9578,8.0014,7.9532,7.955,7.9598,7.9428,7.9404,7.9356,7.9358,7.9357,7.9356,7.929,7.928,7.9281,7.9269,7.929,7.9212,7.9189,7.9175,7.9132,7.9132,7.9136,7.9134,7.9119,7.9087,7.9089,7.9083,7.9092,7.9106,7.9073,7.9014,7.8996,7.9019,7.898,7.8977,7.8963,7.8939,7.893,7.8929,7.8947,7.8954,7.8972,7.8918,7.8895,7.8903,7.8859,7.8841,7.8841,7.8821,7.8795,7.881,7.882,7.884,7.8827,7.8807,7.879,7.8756,7.8773,7.8745,7.8745,7.8751,7.8756,7.8728,7.8684,7.8677,7.8693,7.871,7.8718,7.8723,7.8677,7.8828,7.8925,7.8972,7.9031,7.9087,7.9141,7.9192,7.923,7.8933,7.8565,8.0046,7.9553,7.9648,7.946,7.9447,7.9642,7.9344,7.9174,7.9102,7.9385,7.9132,7.9094,7.8972,7.8837,7.9124,7.8969,6.4021,7.6274,8.0643,7.8553,7.9023,7.904,7.9119,7.9125,7.9089,7.9115,7.8714],