{"M":[1576155404.288,1576155404.692,1576155405.1,1576155405.516,1576155405.92,1576155406.328,1576155406.74,1576155407.148,1576155407.552,1576155407.96,1576155408.372,1576155408.78,1576155409.188,1576155409.6,1576155410.008,1576155410.412,1576155410.828,1576155411.232,1576155411.64,1576155412.052,1576155412.46,1576155412.864,1576155413.28,1576155413.688,1576155414.092,1576155414.5,1576155414.912,1576155415.32,1576155415.724,1576155416.14,1576155416.544,1576155416.952,1576155417.364,1576155417.772,1576155418.18,1576155418.592,1576155419,1576155419.404,1576155419.82,1576155420.224,1576155420.632,1576155421.044,1576155421.452,1576155421.856,1576155422.264,1576155422.68,1576155423.084,1576155423.492,1576155423.904,1576155424.312,1576155424.716,1576155425.132,1576155425.536,1576155425.944,1576155426.356,1576155426.764,1576155427.172,1576155427.584,1576155427.992,1576155428.396,1576155428.812,1576155429.216,1576155429.624,1576155430.028,1576155430.444,1576155430.852,1576155431.256,1576155431.672,1576155432.076,1576155432.484,1576155432.896,1576155433.304,1576155433.708,1576155434.124,1576155434.528,1576155434.936,1576155435.352,1576155435.756,1576155436.164,1576155436.568,1576155436.984,1576155437.388,1576155437.796,1576155438.208,1576155438.616,1576155439.02,1576155439.436],"y":[null,null,null,null,null,null,0.02294095723760883,0.06872099346843998,0.16028107366682373,0.23348837722919746,0.31597400918484,0.38000487782364306,0.43496142958354267,0.5632270669829645,0.5906543388775203,0.6456107721640806,0.7097435840786307,0.7371710634833867,0.792127418840146,0.8470838991215244,0.929467735963675,1.0576313046520915,1.1583678060495919,1.2225006596720889,1.2591043242704287,1.3232373093958227,1.3690170939833106,1.423973521896441,1.4697535671013315,1.533784706772255,1.643698095717421,1.7352583899722869,1.7993912230177616,1.8634221949076628,1.9092021498124805,1.9459073230068313,2.009938425456799,2.0648946872168903,2.1198509498439115,2.147278438192699,2.174807118813665,2.2296618269954176,2.330398331708764,2.3487511675690227,2.385354863719797,2.4494877215646254,2.4952675278998093,2.5410478270410244,2.58682779461774,2.632607845848806,2.696638919124391,2.7149916716594453,2.788199195962526,2.7973760602578626,2.824803035680835,2.8889363228727243,2.91637250691709,2.9439022821272633,null,null,null,null,null,null,null,null,null,null,null,null,null,null,null,null,null,null,null,null,null,null,null,null,null,null,null,null,null],"y1":[1.3742,1.3832,1.3742,1.3832,1.3832,1.3652,1.4012,1.4461,1.5359,1.6077,1.6886,1.7514,1.8053,1.9311,1.958,2.0119,2.0748,2.1017,2.1556,2.2095,2.2903,2.416,2.5148,2.5777,2.6136,2.6765,2.7214,2.7753,2.8202,2.883,2.9908,3.0806,3.1435,3.2063,3.2512,3.2872,3.35,3.4039,3.4578,3.4847,3.5117,3.5655,3.6643,3.6823,3.7182,3.7811,3.826,3.8709,3.9158,3.9607,4.0235,4.0415,4.1133,4.1223,4.1492,4.2121,4.239,4.266,4.3019,4.3288,4.3648,4.1762,3.808,3.5835,3.3949,3.0537,2.8292,2.6495,2.3891,2.3891,2.4071,2.443,2.434,2.443,2.3083,2.0388,1.7874,1.482,1.3742,1.3652,1.3742,1.3652,1.3832,1.3832,1.3742,1.3832,1.3832],"x":[6.425,6.3861,6.3029,6.277,6.3407,7.411,7.546,7.5678,7.5749,7.5784,7.5784,7.5796,7.5831,7.5825,7.582,7.5831,7.5808,7.5867,7.5843,7.5849,7.589,7.5855,7.5855,7.5855,7.5843,7.5861,7.5825,7.5837,7.5837,7.5867,7.592,7.5937,7.5932,7.5937,7.5926,7.5884,7.5902,7.5884,7.5867,7.5873,7.5843,7.5861,7.5861,7.5849,7.5867,7.5867,7.5849,7.5867,7.5861,7.5861,7.5873,7.5855,7.5884,7.5914,7.5896,7.5908,7.5932,7.6291,7.6816,7.7317,7.7676,7.7128,7.6049,7.5896,7.589,7.5914,7.5914,7.589,7.5861,7.5837,7.5843,7.5855,7.5837,7.5855,7.5831,7.5802,7.5802,7.582,7.5507,7.4546,7.3698,7.2613,7.1918,7.1417,7.0963,7.0497,7.0061],"x1":[0.0021,0.002,0.002,0.002,0.1626,0.1686,0.1686,0.1687,0.1688,0.1689,0.1689,0.1689,0.1689,0.1689,0.1688,0.1689,0.1689,0.1689,0.1689,0.1689,0.169,0.1689,0.1689,0.1689,0.1689,0.1689,0.1689,0.1689,0.1689,0.169,0.169,0.169,0.169,0.169,0.169,0.169,0.1689,0.169,0.169,0.1689,0.1689,0.169,0.1689,0.1689,0.1689,0.1689,0.169,0.169,0.169,0.169,0.1689,0.1689,0.1689,0.1689,0.1689,0.1689,0.1637,0.167,0.1743,0.1806,0.1691,0.1702,0.1695,0.1694,0.1691,0.169,0.1691,0.169,0.169,0.169,0.169,0.169,0.169,0.169,0.169,0.169,0.169,0.1623,0.017,0.0139,0.0078,0.006,0.0065,0.0058,0.0051,0.0044,0.0037],"undefined":[null,null,null,null,null,null,null,null,null,null,null,null,null,null,null,null,null,null,null,null,null,null,null,null,null,null,null,null,null,null,null,null,null,null,null,null,null,null,null,null,null,null,null,null,null,null,null,null,null,null,null,null,null,null,null,null,null,null,null,null,null,null,null,null,null,null,null,null,null,null,null,null,null,null,null,null,null,null,null,null,null,null,null,null,null,null,null],"x2":[-0.0239,9.7234,182.8943,-0.3516,-0.3516,-0.3516,-0.3516,-0.3516,-0.3516,0.5693,0.7175,0.7644,0.78,0.78,0.8346,0.819,0.819,0.8034,0.8268,0.7878,0.7565,0.8034,0.7878,0.8112,0.78,0.7487,0.7644,0.7644,0.858,0.936,0.819,0.8268,0.8424,0.8424,0.8658,0.8736,0.858,0.8346,0.858,0.9595,0.9673,0.7878,0.78,0.8112,0.7565,0.7331,0.78,0.7878,0.8112,0.9048,0.858,0.8112,0.8112,0.7956,0.819,0.9673,211.098,80.615,11.2373,1.693,5.556,149.6805,143.3202,39.1835,8.8805,2.2549,1.1467,1.0219,0.9829,0.897,1.0843,1.1467,0.9048,1.3262,0.9751,0.8658,0.8502,-0.3516,-0.3516,-0.3516,-0.3516,-0.0707,-0.0317,-0.0239,-0.0082,-0.0082,-0.0082],"x3":[8.1019,8.1019,8.1036,8.104,8.0255,8.0702,8.0584,8.0502,8.0488,8.042,8.0382,8.0331,8.0262,8.0241,8.0245,8.0224,8.02,8.0179,8.0147,8.0102,8.0031,7.9983,7.9966,7.9958,7.9936,7.9907,7.9895,7.9898,7.9856,7.9806,7.9737,7.9732,7.9729,7.9709,7.9704,7.9688,7.9661,7.9665,7.9642,7.966,7.9625,7.9594,7.9603,7.9599,7.9594,7.9601,7.9569,7.9559,7.9543,7.9517,7.9515,7.9504,7.9495,7.9504,7.9656,8.1395,8.2413,8.3224,8.3947,8.433,6.7828,8.5047,8.2673,8.1071,8.2916,8.009,7.8173,8.1342,8.1327,8.0961,8.0843,8.0745,8.0697,7.8264,8.0672,8.3709,8.0801,8.2432,6.6916,7.8687,7.9684,7.9893,7.9822,7.9788,7.9878,7.9894,7.9965],"x4":[-999,-999,-999,-999,-999,-999,-999,-999,-999,-999,-999,-999,-999,-999,-999,-999,-999,-999,-999,-999,-999,-999,-999,-999,-999,-999,-999,-999,-999,-999,-999,-999,-999,-999,-999,-999,-999,-999,-999,-999,-999,-999,-999,-999,-999,-999,-999,-999,-999,-999,-999,-999,-999,-999,-999,-999,-999,-999,-999,-999,-999,-999,-999,-999,-999,-999,-999,-999,-999,-999,-999,-999,-999,-999,-999,-999,-999,-999,-999,-999,-999,-999,-999,-999,-999,-999,-999],"x5":[8.0455,8.1766,8.3054,8.405,8.4718,8.3742,8.4409,8.5196,8.5776,8.602,8.583,8.5168,8.4093,8.2772,8.1278,7.9669,7.8031,7.6394,7.4808,7.3286,7.1832,7.0474,6.9191,6.7989,6.6868,6.5817,6.4843,6.3934,6.3081,6.2297,6.156,6.0889,6.0263,5.9681,5.9141,5.865,5.8184,5.7756,5.7357,5.6981,5.6632,5.6303,5.6003,5.5724,5.545,5.5199,5.4969,5.4752,5.4543,5.4351,5.417,5.3996,5.3835,5.3678,5.3533,5.3388,5.3259,5.3129,5.2994,5.2885,5.3082,5.4162,5.6225,5.9014,6.2172,6.4986,6.7036,6.8235,6.87,6.8612,6.8167,6.7483,6.6657,6.5753,6.4845,6.3926,6.3018,6.2185,6.1473,6.0705,5.996,5.9374,5.878,5.8305,5.8195,5.8498,5.9175],"x6":[0.0037,0.0036,0.0036,0.0036,0.1191,0.1202,0.1198,0.1198,0.1198,0.1198,0.1198,0.1199,0.1198,0.1199,0.1198,0.1199,0.1198,0.1198,0.1198,0.1198,0.1199,0.1199,0.1199,0.1199,0.1198,0.1198,0.1198,0.1199,0.1199,0.1199,0.1199,0.1199,0.1199,0.1199,0.1199,0.1199,0.1199,0.1199,0.1199,0.1198,0.1199,0.1199,0.1199,0.1198,0.1199,0.1199,0.1199,0.1199,0.1199,0.1199,0.1199,0.1198,0.1199,0.1199,0.1199,0.1198,0.1161,0.1184,0.1235,0.1279,0.1194,0.1204,0.1202,0.1202,0.12,0.1199,0.1199,0.1199,0.1199,0.1199,0.1199,0.1199,0.1199,0.1199,0.1199,0.1199,0.1199,0.1151,0.0133,0.0113,0.0075,0.0064,0.0066,0.0062,0.0057,0.0053,0.0049],"x7":[1,1,1,1,1,1,0,0,0,0,0,0,0,0,0,0,0,0,0,0,0,0,0,0,0,0,0,0,0,0,0,0,0,0,0,0,0,0,0,0,0,0,0,0,0,0,0,0,0,0,0,0,0,0,0,0,0,0,1,1,1,1,1,1,1,1,1,1,1,1,1,1,1,1,1,1,1,1,1,1,1,1,1,1,1,1,1],"x8":[1,1,1,1,1,1,0,0,0,0,0,0,0,0,0,0,0,0,0,0,0,0,0,0,0,0,0,0,0,0,0,0,0,0,0,0,0,0,0,0,0,0,0,0,0,0,0,0,0,0,0,0,0,0,0,0,0,0,1,1,1,1,1,1,1,1,1,1,1,1,1,1,1,1,1,1,1,1,1,1,1,1,1,1,1,1,1],