{"M":[1575363524.288,1575363524.692,1575363525.1,1575363525.516,1575363525.92,1575363526.328,1575363526.74,1575363527.148,1575363527.552,1575363527.968,1575363528.372,1575363528.78,1575363529.192,1575363529.6,1575363530.008,1575363530.412,1575363530.828,1575363531.232,1575363531.64,1575363532.052,1575363532.46,1575363532.864,1575363533.28,1575363533.688,1575363534.092,1575363534.508,1575363534.912,1575363535.32,1575363535.732,1575363536.14,1575363536.544,1575363536.96,1575363537.364,1575363537.772,1575363538.18,1575363538.592,1575363539,1575363539.404,1575363539.82,1575363540.224,1575363540.632,1575363541.044,1575363541.452,1575363541.856,1575363542.272,1575363542.68,1575363543.084,1575363543.5,1575363543.904,1575363544.312,1575363544.724,1575363545.132],"y":[null,null,null,null,null,null,0.03048711833254189,0.07626967397340051,0.13122892806735578,0.18618812545879626,0.19536496000266357,null,null,null,null,null,null,0.2593992310156083,0.34188880227769897,0.4334533971352261,0.49748734534359973,0.598228553284506,0.6715415587565454,0.753911150837102,0.836293671299806,0.9096040436507563,0.9278596153676645,null,null,null,null,null,null,null,null,null,null,null,null,null,null,null,null,null,null,null,null,null,null,null,null,null],"y1":[1.5449,1.5539,1.5539,1.5628,1.5539,1.5449,1.5808,1.6257,1.6796,1.7335,1.7425,1.5718,1.5539,1.5539,1.5539,1.5898,1.7065,1.8053,1.8862,1.976,2.0388,2.1376,2.2095,2.2903,2.3711,2.443,2.4609,2.4609,2.452,2.4789,2.4699,2.4789,2.4609,2.2634,1.9939,1.985,1.9401,1.8233,1.6167,1.6077,1.6077,1.5988,1.5808,1.5718,1.5898,1.5898,1.5718,1.5808,1.5898,1.5898,1.5898,1.5808],"x":[0.9606,0.9753,0.9877,0.9953,1,5.9387,8.1767,8.3576,8.3847,8.3871,8.3953,8.3299,8.2008,8.0234,8.0765,8.3641,8.4018,8.4083,8.3995,8.3989,8.3971,8.39,8.3953,8.5291,8.6399,8.7272,8.8091,8.8704,8.9164,8.9618,9.0119,9.0567,9.0926,8.6912,8.4413,8.4118,8.4118,8.3983,8.36,8.2138,7.9492,7.8177,7.7464,7.612,7.5024,7.3774,7.2601,7.1511,7.0656,6.989,6.9047,6.7197],"x1":[0.0005,0.0004,0.0004,0.0004,0.0005,0.1714,0.171,0.1718,0.172,0.1715,0.1728,0.0169,0.0112,0.0089,0.1721,0.1725,0.1728,0.1726,0.1726,0.1726,0.1727,0.1726,0.1727,0.2323,0.2533,0.2657,0.2684,0.2686,0.2695,0.2707,0.2718,0.2717,0.2972,0.1985,0.1788,0.1768,0.1737,0.1731,0.0162,0.0102,0.0088,0.0075,0.0064,0.0056,0.005,0.0044,0.004,0.0036,0.0033,0.003,0.0028,0.0027],"undefined":[null,null,null,null,null,null,null,null,null,null,null,null,null,null,null,null,null,null,null,null,null,null,null,null,null,null,null,null,null,null,null,null,null,null,null,null,null,null,null,null,null,null,null,null,null,null,null,null,null,null,null,null],"x2":[0.1244,0.1634,0.1322,0.1947,1.615,1.5135,0.7565,0.7565,0.5536,0.5693,0.6707,197.8468,45.2004,9.3488,2.9651,1.0765,0.6785,0.819,0.6005,0.5302,0.538,0.5536,274.0374,125.6597,18.1361,2.6529,0.7331,0.4834,0.538,0.7644,0.5614,0.7487,6.5627,23.911,20.368,3.0743,134.4939,65.3269,207.4458,32.0428,21.406,20.0715,14.4916,3.129,0.8268,0.3585,0.2025,0.1556,0.14,0.1244,0.0854,0.1166],"x3":[7.9965,7.9957,8.0028,8.0048,8.2923,8.4008,8.4032,8.3606,8.2923,8.2885,8.2552,8.2002,8.1869,8.1945,8.1507,8.1327,8.1128,8.1016,8.0871,8.0743,8.0578,8.0504,8.0115,7.99,7.9695,7.9546,7.939,7.9328,7.9244,7.915,7.9086,7.8862,7.7606,7.6583,7.8831,7.9096,7.9292,7.9086,7.9036,7.9064,7.9119,7.9343,7.9718,7.9044,7.9099,7.901,7.9167,7.915,7.9208,7.9239,7.9165,7.9225],"x4":[-999,-999,-999,-999,-999,-999,-999,-999,-999,-999,-999,-999,-999,-999,-999,-999,-999,-999,-999,-999,-999,-999,-999,-999,-999,-999,-999,-999,-999,-999,-999,-999,-999,-999,-999,-999,-999,-999,-999,-999,-999,-999,-999,-999,-999,-999,-999,-999,-999,-999,-999,-999],"x5":[8.5998,8.6001,8.6002,8.6039,8.6129,7.8452,7.5185,7.522,7.5016,7.4857,7.5063,7.5399,7.5497,7.5697,7.5651,7.533,7.5321,7.519,7.5062,7.4811,7.4569,7.4284,7.3888,7.3409,7.2756,7.2047,7.121,7.0394,6.9662,6.8964,6.8276,6.7603,6.6913,6.7139,6.7118,6.7026,6.6712,6.6429,6.6111,6.5947,6.5839,6.566,6.5397,6.512,6.4375,6.3847,6.3448,6.3074,6.27,6.2337,6.198,6.1839],"x6":[-0.001,-0.001,-0.001,-0.001,-0.0009,0.1271,0.1196,0.1195,0.1196,0.1193,0.1201,0.0134,0.0099,0.0084,0.1206,0.12,0.1201,0.12,0.12,0.12,0.1201,0.12,0.1201,0.162,0.1766,0.185,0.1865,0.1864,0.1868,0.1875,0.188,0.1877,0.2056,0.1374,0.1243,0.1229,0.1208,0.1204,0.013,0.0093,0.0083,0.0075,0.0068,0.0063,0.0059,0.0055,0.0052,0.0049,0.0047,0.0045,0.0043,0.0042],"x7":[1,1,1,1,1,1,0,0,0,0,0,0,0,0,0,0,0,0,0,0,0,0,0,0,0,0,0,1,1,1,1,1,1,1,1,1,1,1,1,1,1,1,1,1,1,1,1,1,1,1,1,1],"x8":[1,1,1,1,1,1,0,0,0,0,0,1,1,1,1,1,1,0,0,0,0,0,0,0,0,0,0,1,1,1,1,1,1,1,1,1,1,1,1,1,1,1,1,1,1,1,1,1,1,1,1,1],"x9":[1,1,1,1,1,1,0,0,0,0,0,0,0,0,0,0,0,0,0,0,0,0,0,0,0,0,0,1,1,1,1,1,1,1,1,1,1,1,1,1,1,1,1,1,1,1,1,1,1,1,1,1],"x10":[1,1,1,1,1,1,0,0,0,0,0,0,0,0,0,0,0,0,0,0,0,0,0,0,0,0,0,1,1,1,1,1,1,1,1,1,1,1,1,1,1,1,1,1,1,1,1,1,1,1,1,1],"x11":[1,1,1,1,1,1,1,1,1,1,1,1,1,1,1,1,1,1,1,1,1,1,1,1,1,1,1,1,1,1,1,1,1,1,1,1,1,1,1,1,1,1,1,1,1,1,1,1,1,1,1,1],"x12":[1,1,1,1,1,1,0,0,0,0,0,0,0,0,0,0,0,0,0,0,0,0,0,0,0,0,0,1,1,1,1,1,1,1,1,1,1,1,1,1,1,1,1,1,1,1,1,1,1,1,1,1],"x13":[1,1,1,1,1,1,0,0,0,0,0,0,0,0,0,0,0,0,0,0,0,0,0,0,0,0,0,1,1,1,1,1,1,1,1,1,1,1,1,1,1,1,1,1,1,1,1,1,1,1,1,1],"x14":[1,1,1,1,1,1,1,1,1,1,1,1,1,1,1,1,1,1,1,1,1,1,1,1,1,1,1,1,1,1,1,1,1,1,1,1,1,1,1,1,1,1,1,1,1,1,1,1,1,1,1,1],"x15":[1,1,1,1,1,1,0,0,0,0,0,0,0,0,0,0,0,0,0,0,0,0,0,0,0,0,0,1,1,1,1,1,1,1,1,1,1,1,1,1,1,1,1,1,1,1,1,1,1,1,1,1],"x16":[1,1,1,1,1,1,0,0,0,0,0,0,0,0,0,0,0,0,0,0,0,0,0,0,0,0,0,1,1,1,1,1,1,1,1,1,1,1,1,1,1,1,1,1,1,1,1,1,1,1,1,1]}