{"M":[1575534993.288,1575534993.692,1575534994.1,1575534994.516,1575534994.92,1575534995.328,1575534995.74,1575534996.148,1575534996.552,1575534996.968,1575534997.372,1575534997.78,1575534998.192,1575534998.6,1575534999.008,1575534999.42,1575534999.828,1575535000.232,1575535000.64,1575535001.052,1575535001.46,1575535001.864,1575535002.28,1575535002.688,1575535003.092,1575535003.508,1575535003.912,1575535004.32,1575535004.732,1575535005.14,1575535005.544,1575535005.96,1575535006.364,1575535006.772,1575535007.188,1575535007.592,1575535008,1575535008.404,1575535008.82,1575535009.224,1575535009.632,1575535010.044,1575535010.452,1575535010.856,1575535011.272,1575535011.68,1575535012.084,1575535012.5,1575535012.904,1575535013.312,1575535013.724,1575535014.132,1575535014.536,1575535014.944,1575535015.356,1575535015.764,1575535016.172,1575535016.584,1575535016.992,1575535017.396,1575535017.812,1575535018.216,1575535018.624,1575535019.036,1575535019.444,1575535019.852,1575535020.264,1575535020.672,1575535021.076,1575535021.492,1575535021.896,1575535022.304,1575535022.708,1575535023.124,1575535023.528,1575535023.936,1575535024.352,1575535024.756,1575535025.164],"y":[null,null,null,null,null,0.03660494355019729,0.14652205138235422,0.21055556280920665,0.2838678064222044,0.35707842636209025,0.4487444654140348,0.5493831959176885,0.5952669816004535,0.6043417951260515,0.6410489060161102,0.6868308038181756,0.7050822851115103,0.7508641182880853,0.8333532199879066,0.8882095734988501,0.9065624289042383,0.9615206230464753,1.0073024251516913,1.053084304859385,1.1354713934055525,1.15382500703632,1.1996070432722246,1.2728166013410176,1.3369513994753954,1.3827329059712536,1.4285140084424441,1.4926487250285556,1.547505154987733,1.60246337044357,1.6299936014196306,1.6940267455863265,1.7398084964451357,1.813120145339778,1.8680773517077525,1.9229331131059781,1.987067601717171,2.0602771231478223,2.0786285638254642,2.124409230447306,2.161014040103573,2.234325783749628,2.2983592711841285,2.344140542739792,2.353317345581849,2.3716690559146327,2.3991047306930926,2.4174614820751126,2.444892997351131,null,null,null,null,null,null,null,null,null,null,null,null,null,null,null,null,null,null,null,null,null,null,null,null,null,null],"y1":[1.5449,1.5359,1.5359,1.5269,1.5269,1.5808,1.6886,1.7514,1.8233,1.8951,1.985,2.0837,2.1287,2.1376,2.1736,2.2185,2.2364,2.2813,2.3622,2.416,2.434,2.4879,2.5328,2.5777,2.6585,2.6765,2.7214,2.7932,2.8561,2.901,2.9459,3.0088,3.0626,3.1165,3.1435,3.2063,3.2512,3.3231,3.377,3.4308,3.4937,3.5655,3.5835,3.6284,3.6643,3.7362,3.799,3.8439,3.8529,3.8709,3.8978,3.9158,3.9427,3.9607,3.9786,4.0415,4.0325,4.0415,4.0235,4.0056,3.9158,3.6194,3.35,3.0447,2.6675,2.3262,1.967,1.8233,1.5628,1.5539,1.5628,1.5539,1.5359,1.5539,1.5359,1.5269,1.5179,1.5449,1.5539],"x":[6.2434,6.198,6.1025,6.4285,8.0046,8.1855,8.2179,8.2338,8.2439,8.2627,8.2722,8.2739,8.271,8.271,8.271,8.2704,8.268,8.2663,8.268,8.2627,8.2509,8.2439,8.2433,8.2439,8.2462,8.2474,8.2498,8.2421,8.2356,8.2321,8.2244,8.2197,8.2185,8.2144,8.2144,8.2144,8.2144,8.2103,8.2008,8.1949,8.1896,8.1867,8.1714,8.1655,8.1649,8.1649,8.1678,8.1655,8.1661,8.2008,8.2645,8.294,8.324,8.35,8.3794,8.4071,8.4331,8.4525,8.4672,8.4767,8.4684,8.2421,8.1855,8.2126,8.2303,8.248,8.2562,8.2533,8.2427,8.2014,8.1507,8.2391,8.2079,8.1672,8.1183,8.08,8.0558,8.0317,8.0034],"x1":[0.0021,0.002,0.002,0.1645,0.1715,0.1716,0.1716,0.1717,0.1719,0.1719,0.1719,0.1719,0.1719,0.1719,0.1719,0.1719,0.1719,0.1719,0.1719,0.1719,0.1719,0.1719,0.1719,0.1719,0.1719,0.1719,0.1719,0.1719,0.1719,0.1719,0.1719,0.1719,0.1719,0.1719,0.1719,0.1719,0.1719,0.1718,0.1718,0.1718,0.1718,0.1718,0.1718,0.1718,0.1719,0.1719,0.1719,0.1718,0.1718,0.1773,0.1792,0.1803,0.1815,0.1821,0.1824,0.1826,0.1829,0.1825,0.1822,0.176,0.2287,0.1724,0.1721,0.172,0.172,0.172,0.172,0.1719,0.0571,0.047,0.1718,0.0575,0.0241,0.0106,0.008,0.0068,0.0059,0.005,0.0042],"undefined":[null,null,null,null,null,null,null,null,null,null,null,null,null,null,null,null,null,null,null,null,null,null,null,null,null,null,null,null,null,null,null,null,null,null,null,null,null,null,null,null,null,null,null,null,null,null,null,null,null,null,null,null,null,null,null,null,null,null,null,null,null,null,null,null,null,null,null,null,null,null,null,null,null,null,null,null,null,null,null],"x2":[0.3273,0.421,0.4132,-0.3516,0.1322,0.6551,0.5458,0.538,0.5224,0.5927,0.5693,0.6083,0.5224,0.5068,0.538,0.5224,0.5224,0.538,0.5302,0.538,0.5771,0.5849,0.5536,0.5614,0.5458,0.5302,0.5302,0.5302,0.5302,0.5536,0.5536,0.5536,0.5771,0.5536,0.5614,0.538,0.538,0.538,0.5536,0.6083,0.6473,0.5693,0.5614,0.5693,0.5146,0.5614,0.5536,0.6785,25.5811,45.5906,5.9852,0.8112,0.1947,0.14,0.1712,0.0776,0.0776,0.1947,0.1634,0.0698,160.3564,445.7646,344.5856,154.675,50.5852,9.6375,2.7154,1.256,257.2978,45.7623,234.1901,256.6188,45.7076,6.672,1.3731,0.6629,0.4288,0.499,0.3976],"x3":[7.9876,7.9919,8.0173,8.0024,7.9244,7.9793,7.9658,7.9622,7.9556,7.9552,7.9505,7.9526,7.9526,7.9518,7.9538,7.9526,7.9517,7.9496,7.9472,7.9463,7.9442,7.9429,7.9409,7.9388,7.9347,7.9353,7.9332,7.9324,7.9315,7.9316,7.9305,7.9302,7.9282,7.9282,7.9285,7.9265,7.9237,7.9234,7.9222,7.9213,7.9218,7.9212,7.9212,7.9202,7.9191,7.9162,7.923,7.9395,7.9517,7.9603,7.9679,7.9747,8.0458,8.0385,8.0471,8.0136,8.0223,8.0168,7.9762,8.0348,7.9238,7.9688,7.9952,8.0025,7.9758,7.979,7.4783,7.9751,7.0719,8.1409,7.921,7.7504,8.0729,7.9378,7.9468,7.9519,7.9582,7.9627,7.9715],"x4":[-999,-999,-999,-999,-999,-999,-999,-999,-999,-999,-999,-999,-999,-999,-999,-999,-999,-999,-999,-999,-999,-999,-999,-999,-999,-999,-999,-999,-999,-999,-999,-999,-999,-999,-999,-999,-999,-999,-999,-999,-999,-999,-999,-999,-999,-999,-999,-999,-999,-999,-999,-999,-999,-999,-999,-999,-999,-999,-999,-999,-999,-999,-999,-999,-999,-999,-999,-999,-999,-999,-999,-999,-999,-999,-999,-999,-999,-999,-999],"x5":[5.5466,5.5612,5.5924,5.5767,5.4236,5.4382,5.467,5.4994,5.5346,5.5669,5.604,5.6389,5.672,5.7019,5.7265,5.7467,5.7614,5.7711,5.7758,5.7769,5.7747,5.7676,5.7561,5.7405,5.7205,5.6974,5.6725,5.6468,5.6192,5.5901,5.5605,5.5301,5.4982,5.4667,5.4343,5.4019,5.3702,5.3391,5.3089,5.278,5.2484,5.2188,5.1911,5.1626,5.1345,5.1066,5.0794,5.0526,5.025,4.9967,4.9671,4.9396,4.9118,4.8844,4.8581,4.8335,4.8101,4.7886,4.7698,4.752,4.7448,4.7602,4.7488,4.7372,4.7285,4.7208,4.7153,4.7075,4.7038,4.6858,4.6805,4.6669,4.6376,4.6121,4.5922,4.5778,4.5639,4.5478,4.5322],"x6":[0.0036,0.0035,0.0034,0.1202,0.1204,0.12,0.1199,0.1199,0.12,0.1199,0.1199,0.1199,0.1199,0.1199,0.1199,0.1199,0.1199,0.1199,0.1199,0.12,0.12,0.12,0.12,0.12,0.12,0.12,0.12,0.12,0.12,0.12,0.12,0.1201,0.1201,0.12,0.12,0.1201,0.1201,0.12,0.1201,0.1201,0.1201,0.1201,0.1201,0.1202,0.1202,0.1202,0.1202,0.1202,0.1202,0.1239,0.1251,0.1258,0.1266,0.1269,0.127,0.1271,0.1272,0.1268,0.1266,0.1222,0.1597,0.1204,0.1203,0.1202,0.1201,0.1201,0.12,0.12,0.0399,0.0331,0.1202,0.0402,0.018,0.0095,0.0079,0.0072,0.0067,0.0061,0.0057],"x7":[1,1,1,1,1,0,0,0,0,0,0,0,0,0,0,0,0,0,0,0,0,0,0,0,0,0,0,0,0,0,0,0,0,0,0,0,0,0,0,0,0,0,0,0,0,0,0,0,0,0,0,0,0,1,1,1,1,1,1,1,1,1,1,1,1,1,1,1,1,1,1,1,1,1,1,1,1,1,1],"x8":[1,1,1,1,1,0,0,0,0,0,0,0,0,0,0,0,0,0,0,0,0,0,0,0,0,0,0,0,0,0,0,0,0,0,0,0,0,0,0,0,0,0,0,0,0,0,0,0,0,0,0,0,0,1,1,1,1,1,1,1,1,1,1,1,1,1,1,1,1,1,1,1,1,1,1,1,1,1,1],"x9":[1,1,1,1,1,0,0,0,0,0,0,0,0,0,0,0,0,0,0,0,0,0,0,0,0,0,0,0,0,0,0,0,0,0,0,0,0,0,0,0,0,0,0,0,0,0,0,0,0,0,0,0,0,1,1,1,1,1,1,1,1,1,1,1,1,1,1,1,1,1,1,1,1,1,1,1,1,1,1],"x10":[1,1,1,1,1,0,0,0,0,0,0,0,0,0,0,0,0,0,0,0,0,0,0,0,0,0,0,0,0,0,0,0,0,0,0,0,0,0,0,0,0,0,0,0,0,0,0,0,0,0,0,0,0,1,1,1,1,1,1,1,1,1,1,1,1,1,1,1,1,1,1,1,1,1,1,1,1,1,1],"x11":[1,1,1,1,1,1,1,1,1,1,1,1,1,1,1,1,1,1,1,1,1,1,1,1,1,1,1,1,1,1,1,1,1,1,1,1,1,1,1,1,1,1,1,1,1,1,1,1,1,1,1,1,1,1,1,1,1,1,1,1,1,1,1,1,1,1,1,1,1,1,1,1,1,1,1,1,1,1,1],"x12":[1,1,1,1,1,0,0,0,0,0,0,0,0,0,0,0,0,0,0,0,0,0,0,0,0,0,0,0,0,0,0,0,0,0,0,0,0,0,0,0,0,0,0,0,0,0,0,0,0,0,0,0,0,1,1,1,1,1,1,1,1,1,1,1,1,1,1,1,1,1,1,1,1,1,1,1,1,1,1],