{"M":[1566461939.288,1566461939.692,1566461940.108,1566461940.516,1566461940.92,1566461941.336,1566461941.74,1566461942.148,1566461942.56,1566461942.968,1566461943.372,1566461943.78,1566461944.192,1566461944.6,1566461945.008,1566461945.42,1566461945.828,1566461946.232,1566461946.648,1566461947.052,1566461947.46,1566461947.872,1566461948.28,1566461948.688,1566461949.1,1566461949.508,1566461949.912,1566461950.328,1566461950.732,1566461951.14,1566461951.544,1566461951.96,1566461952.364,1566461952.772,1566461953.188,1566461953.592,1566461954,1566461954.412,1566461954.82,1566461955.224,1566461955.64,1566461956.044,1566461956.452,1566461956.864,1566461957.272,1566461957.68,1566461958.092,1566461958.5,1566461958.904,1566461959.312,1566461959.724,1566461960.132,1566461960.536,1566461960.952,1566461961.356,1566461961.764,1566461962.18,1566461962.584,1566461962.992,1566461963.404,1566461963.812,1566461964.216,1566461964.632,1566461965.036,1566461965.444,1566461965.856,1566461966.264,1566461966.672,1566461967.076,1566461967.492,1566461967.896,1566461968.304,1566461968.716,1566461969.124,1566461969.528,1566461969.944,1566461970.352,1566461970.756,1566461971.172,1566461971.576,1566461971.984,1566461972.396,1566461972.804,1566461973.208,1566461973.624,1566461974.028,1566461974.436,1566461974.844,1566461975.256,1566461975.664,1566461976.068,1566461976.484,1566461976.888,1566461977.296],"y":[null,null,null,null,null,null,null,null,null,null,null,null,null,null,null,null,null,null,null,0.06570554056605092,0.13906635827667413,0.20333360338824144,0.2858902574607255,0.3317666634198086,0.45110606759016236,0.5244665126643765,0.6162185118209518,0.7079705035181875,0.7630424766855974,0.8089188831687646,0.8639905154836434,0.9282577137979934,1.03829885990629,1.1209570748277784,1.1760281634580851,1.2035127491660333,1.2677791929756337,1.4328901829272191,1.5246399104837987,1.6347851822911392,1.6806618050482711,1.7081465099756172,1.781608419151861,1.9192327325011769,1.9925911064692132,2.065950398774731,2.111825888904395,2.1577014953170615,2.2311547899051285,2.3137115442547556,2.3229017916981376,2.387063627592287,null,null,null,null,null,null,null,null,null,null,null,null,null,null,null,null,null,null,null,null,null,null,null,null,null,null,null,null,null,null,null,null,null,null,null,null,null,null,null,null,null,null],"y1":[0.5299,0.5119,0.5209,0.5119,0.494,0.5119,0.503,0.503,0.5119,0.5389,0.5299,0.4132,0.3233,0.3233,0.3233,0.3323,0.3323,0.4132,0.485,0.5569,0.6287,0.6916,0.7724,0.8173,0.9341,1.0059,1.0957,1.1855,1.2394,1.2843,1.3382,1.4011,1.5088,1.5897,1.6436,1.6705,1.7334,1.895,1.9848,2.0926,2.1375,2.1644,2.2363,2.371,2.4428,2.5146,2.5595,2.6044,2.6763,2.7571,2.7661,2.8289,2.8379,2.8469,2.8738,2.7212,2.4248,2.3979,2.362,2.0567,1.8411,1.7513,1.7962,1.8591,1.913,1.913,1.9219,1.913,1.9489,1.9758,1.9309,1.6705,1.5897,1.5627,1.2394,1.1406,1.2125,1.0957,1.0867,1.1227,1.0688,0.9341,0.9071,0.943,0.979,0.9969,1.0059,0.8892,0.5209,0.476,0.485,0.476,0.4581,0.3772],"x":[21.8668,21.8674,21.8662,21.8656,21.8674,21.8686,21.8686,21.8656,21.8633,21.8586,21.8544,21.8403,21.8049,21.7,21.3965,21.5963,21.8032,21.8344,21.8397,21.8533,21.8568,21.8556,21.8598,21.8645,21.8668,21.8627,21.8615,21.8609,21.8621,21.8639,21.8633,21.8627,21.8621,21.8603,21.858,21.8574,21.8544,21.8491,21.8432,21.8491,21.8509,21.8509,21.8486,21.8409,21.8362,21.8338,21.8332,21.8332,21.8179,21.8238,21.8315,21.8486,21.8674,21.8939,21.9275,21.8774,21.8385,21.8338,21.8356,21.8421,21.8497,21.8503,21.8503,21.8509,21.8491,21.8491,21.8497,21.8515,21.8515,21.8509,21.8503,21.8533,21.855,21.8556,21.858,21.8615,21.8609,21.8592,21.8586,21.858,21.855,21.8586,21.8592,21.8562,21.8539,21.8539,21.855,21.8533,21.8326,21.8273,21.8191,21.8432,21.8409,21.8326],"x1":[0.184,0.184,0.184,0.184,0.184,0.184,0.184,0.184,0.184,0.184,0.1839,0.1839,0.0127,0.0095,0.0078,0.1838,0.1839,0.1839,0.1839,0.1839,0.1839,0.1839,0.184,0.184,0.184,0.184,0.184,0.1841,0.184,0.184,0.184,0.1841,0.1841,0.1841,0.1841,0.1841,0.1841,0.1842,0.1842,0.1841,0.1841,0.1841,0.1841,0.1842,0.1842,0.1842,0.1843,0.1844,0.1862,0.1883,0.199,0.2121,0.2202,0.2234,0.2125,0.1862,0.1854,0.1859,0.1844,0.1841,0.1841,0.1841,0.1841,0.184,0.184,0.184,0.184,0.184,0.184,0.184,0.184,0.184,0.184,0.184,0.184,0.184,0.184,0.184,0.184,0.184,0.184,0.184,0.184,0.1839,0.1839,0.1839,0.184,0.1839,0.1839,0.1839,0.1839,0.1839,0.1839,0.1839],"undefined":[null,null,null,null,null,null,null,null,null,null,null,null,null,null,null,null,null,null,null,null,null,null,null,null,null,null,null,null,null,null,null,null,null,null,null,null,null,null,null,null,null,null,null,null,null,null,null,null,null,null,null,null,null,null,null,null,null,null,null,null,null,null,null,null,null,null,null,null,null,null,null,null,null,null,null,null,null,null,null,null,null,null,null,null,null,null,null,null,null,null,null,null,null,null],"x2":[4.9629,4.9785,5.0956,5.0175,5.0331,5.3921,6.274,6.5939,5.6419,5.3843,5.0566,122.9751,98.7125,66.3258,91.1192,12.3065,5.8994,5.1502,4.8068,5.197,4.8537,5.1892,5.3453,5.3765,5.3765,5.158,5.5872,5.5716,5.3999,5.556,5.3843,5.5404,5.6809,5.2439,5.3687,5.7121,5.4546,5.5248,5.5794,6.1023,5.556,5.6575,5.4468,5.3375,5.7589,5.197,5.2282,5.6106,8.4279,393.0641,157.9527,23.0136,3.246,0.6317,89.4257,122.0855,92.9999,116.7788,48.1581,21.9522,10.2618,6.2115,6.0399,5.3141,5.3921,5.6028,5.3063,5.3063,5.6731,5.6575,5.3375,5.2517,5.0722,5.2829,5.2673,5.517,5.0409,5.3921,5.0488,5.1502,4.9317,5.0409,5.4702,5.0175,5.1034,6.1413,5.1658,5.0644,4.799,5.3687,5.2907,5.5326,5.119,5.0878],"x3":[8.8806,8.8761,8.8731,8.8704,8.8667,8.8637,8.8607,8.8569,8.7827,8.8188,8.8278,8.8337,8.8349,8.8407,8.8413,8.8306,8.8335,8.8215,8.8164,8.8105,8.8013,8.8024,8.801,8.7996,8.7968,8.7905,8.7891,8.7889,8.7871,8.7867,8.7844,8.7828,8.7806,8.7794,8.7782,8.7772,8.7769,8.7774,8.7773,8.7781,8.7781,8.7787,8.7787,8.7799,8.7799,8.7816,8.78,8.7783,8.6308,8.5519,8.4943,8.4113,8.3363,8.272,8.2137,8.1253,8.3634,8.496,8.5694,8.6094,8.6322,8.6577,8.6769,8.693,8.7012,8.7059,8.7099,8.7151,8.7254,8.7269,8.7328,8.732,8.7465,8.7413,8.7315,8.7375,8.7452,8.743,8.7465,8.7457,8.7468,8.7497,8.7524,8.7536,8.7535,8.7558,8.7559,8.7389,8.7087,8.7573,8.3333,8.8134,8.7478,8.7282],"x4":[-999,-999,-999,-999,-999,-999,-999,-999,-999,-999,-999,-999,-999,-999,-999,-999,-999,-999,-999,-999,-999,-999,-999,-999,-999,-999,-999,-999,-999,-999,-999,-999,-999,-999,-999,-999,-999,-999,-999,-999,-999,-999,-999,-999,-999,-999,-999,-999,-999,-999,-999,-999,-999,-999,-999,-999,-999,-999,-999,-999,-999,-999,-999,-999,-999,-999,-999,-999,-999,-999,-999,-999,-999,-999,-999,-999,-999,-999,-999,-999,-999,-999,-999,-999,-999,-999,-999,-999,-999,-999,-999,-999,-999,-999],"x5":[4.8645,4.865,4.8777,4.8945,4.9077,4.8958,4.9112,4.9222,4.9023,5.4014,5.4607,5.4277,5.3857,5.3823,5.3672,5.3485,5.3537,5.3727,5.3719,5.371,5.4005,5.4255,5.3512,5.3335,5.3228,5.2331,5.2358,5.2317,5.2421,5.2353,5.2228,5.2022,5.1821,5.1574,5.1524,5.1485,5.1019,5.0076,4.9624,4.9657,5.0866,5.2615,5.4053,5.4768,5.7194,6.0129,6.3625,6.5548,6.5378,6.6681,6.8194,6.7432,6.7956,6.7949,6.8022,7.7479,8.8721,8.4603,8.7068,9.0971,9.1704,9.0071,8.8295,8.6589,8.5589,8.4882,8.4331,8.3532,8.2319,8.1346,8.2253,8.3903,8.3584,8.3949,8.5184,8.6084,8.6222,8.6408,8.6579,8.6386,8.6559,8.6613,8.6426,8.5873,8.5482,8.5267,8.4663,8.4579,8.5842,8.3044,8.376,8.9196,8.7675,9.0713],"x6":[0.0953,0.0953,0.0953,0.0953,0.0953,0.0953,0.0953,0.0953,0.0953,0.0953,0.0953,0.0953,0.0143,0.0131,0.0124,0.0957,0.0954,0.0953,0.0953,0.0953,0.0953,0.0953,0.0953,0.0953,0.0953,0.0953,0.0953,0.0954,0.0953,0.0953,0.0953,0.0954,0.0954,0.0954,0.0954,0.0954,0.0954,0.0954,0.0955,0.0954,0.0954,0.0954,0.0954,0.0955,0.0955,0.0955,0.0955,0.0956,0.0965,0.0976,0.1029,0.1094,0.1135,0.1151,0.1095,0.0964,0.0961,0.0963,0.0956,0.0954,0.0954,0.0954,0.0954,0.0954,0.0954,0.0953,0.0954,0.0953,0.0953,0.0954,0.0953,0.0954,0.0953,0.0953,0.0953,0.0953,0.0953,0.0953,0.0953,0.0953,0.0953,0.0953,0.0953,0.0953,0.0953,0.0953,0.0953,0.0953,0.0954,0.0953,0.0953,0.0953,0.0953,0.0953],