{"M":[1571311523.288,1571311523.692,1571311524.1,1571311524.516,1571311524.92,1571311525.328,1571311525.74,1571311526.148,1571311526.552,1571311526.968,1571311527.372,1571311527.78,1571311528.184,1571311528.6,1571311529.008,1571311529.412,1571311529.828,1571311530.232,1571311530.64,1571311531.052,1571311531.46,1571311531.864,1571311532.28,1571311532.688,1571311533.092,1571311533.508,1571311533.912,1571311534.32,1571311534.732,1571311535.14,1571311535.544,1571311535.952,1571311536.364,1571311536.772,1571311537.18,1571311537.592,1571311538,1571311538.404,1571311538.82,1571311539.224,1571311539.632,1571311540.044,1571311540.452,1571311540.856,1571311541.272,1571311541.68,1571311542.084,1571311542.492,1571311542.904,1571311543.312,1571311543.716,1571311544.132,1571311544.536,1571311544.944,1571311545.356,1571311545.764,1571311546.172,1571311546.584,1571311546.992,1571311547.396,1571311547.812,1571311548.216,1571311548.624,1571311549.028,1571311549.444,1571311549.852,1571311550.256,1571311550.672,1571311551.076,1571311551.484,1571311551.896,1571311552.304,1571311552.708,1571311553.124,1571311553.528,1571311553.936,1571311554.352,1571311554.756,1571311555.164,1571311555.568,1571311555.984,1571311556.388,1571311556.796,1571311557.208,1571311557.616,1571311558.02,1571311558.436,1571311558.844,1571311559.248,1571311559.664,1571311560.068,1571311560.476,1571311560.888,1571311561.296,1571311561.7,1571311562.116,1571311562.52,1571311562.928,1571311563.336],"y":[null,null,null,null,null,null,null,null,null,null,null,null,null,null,null,null,null,null,null,null,null,null,null,null,null,null,null,null,null,null,null,0.08604722527315072,0.15494742302125789,0.197920648778581,0.24099584565302998,0.3097936388411441,0.3701194520130918,0.42176330501365134,0.49054051570376517,0.5336089947014261,0.567998146463962,0.6110634356840384,0.6454548643160186,0.6970937027104557,null,null,null,null,0.791715505009508,0.9293767614246855,1.0326551303520515,1.127365958181833,1.1359375387022488,null,1.1445104245256803,1.1531879685819326,1.161763052494504,null,null,null,null,null,null,null,null,null,null,null,null,1.2048318069034902,null,null,null,null,null,null,null,null,null,null,null,null,null,null,null,null,null,null,null,null,null,null,null,null,null,null,null,null,null],"y1":[0.0506,0.0337,0.0422,0.0506,0.059,0.0506,0.0506,0.0675,0.0422,0.0506,0.0675,0.059,0.059,0.0506,0.059,0.0422,0.0422,0.0506,0.059,0.0506,0.0506,0.059,0.0506,0.0337,0.0422,0.059,0.0422,0.0422,0.0506,0.0422,0.059,0.1349,0.2024,0.2445,0.2867,0.3541,0.4132,0.4638,0.5312,0.5734,0.6071,0.6493,0.683,0.7336,0.7251,0.7083,0.6577,0.6914,0.8263,0.9612,1.0624,1.1552,1.1636,1.1636,1.172,1.1805,1.1889,1.1805,1.172,1.172,1.1805,1.1636,1.1383,1.1467,1.1636,1.172,1.172,1.172,1.172,1.2311,1.1805,1.1552,1.1552,1.1636,1.1805,1.2395,1.2648,1.2732,1.2648,1.2564,1.1889,1.0708,0.9612,0.7926,0.6408,0.371,0.1602,0.0253,0.0422,0.0422,0.0253,0.0084,0,0.0169,0.0337,0.0253,0.0253,0.0253,0.0253],"x":[14.063,14.0376,14.0211,13.9575,13.9634,13.9787,13.9604,13.9351,13.8968,13.918,13.9163,13.9009,13.8556,13.7713,13.7348,13.7495,13.6865,13.6641,13.6924,13.7872,13.8473,13.8544,13.8856,13.9487,14.0152,14.0465,14.0706,14.1237,14.1679,14.9698,16.5666,16.9407,16.9843,16.9937,16.9973,17.0008,17.0049,16.9272,16.6962,16.6491,16.5689,16.5047,16.4629,16.4145,16.3745,16.4081,16.573,16.6479,16.4799,16.3273,16.2784,16.2684,16.2602,16.2572,16.259,16.2714,16.282,16.2802,16.2755,16.2849,16.2902,16.2908,16.2879,16.2855,16.2849,16.2855,16.2843,16.2843,16.2826,16.2761,16.2773,16.279,16.2767,16.2743,16.2749,16.2649,16.2572,16.2513,16.246,16.2443,16.2566,16.2796,16.2996,16.3167,16.3321,16.5495,16.7156,16.8529,16.7858,16.5913,16.4352,16.2867,16.2743,16.2419,16.0757,15.9567,15.8389,15.7976,15.6745],"x1":[0.0008,0.0007,0.0004,0.0004,0.0004,0.0004,0.0004,0.0005,0.0004,0.0005,0.0007,0.0008,0.0005,0.0004,0.0004,0.0001,-0.0004,-0.0004,-0.0004,-0.0004,-0.0004,-0.0004,-0.0004,-0.0004,-0.0004,-0.0004,-0.0004,-0.0004,-0.0003,0.1791,0.1795,0.1796,0.1797,0.1797,0.1797,0.1799,0.1799,0.1784,0.1781,0.1782,0.1774,0.1771,0.1768,0.1768,0.177,0.1767,0.177,0.1768,0.1763,0.1763,0.1762,0.1763,0.1763,0.1764,0.1763,0.1763,0.1764,0.1763,0.1763,0.1764,0.1763,0.1763,0.1763,0.1763,0.1763,0.1763,0.1763,0.1764,0.1763,0.1763,0.1764,0.1762,0.1763,0.1763,0.1763,0.1763,0.1763,0.1763,0.1762,0.1762,0.1763,0.1763,0.1763,0.1762,0.1778,0.1793,0.1793,0.1792,0.02,0.0098,0.0083,0.0076,0.0086,0.0063,0.008,0.0073,0.0054,0.0041,0.0043],"undefined":[null,null,null,null,null,null,null,null,null,null,null,null,null,null,null,null,null,null,null,null,null,null,null,null,null,null,null,null,null,null,null,null,null,null,null,null,null,null,null,null,null,null,null,null,null,null,null,null,null,null,null,null,null,null,null,null,null,null,null,null,null,null,null,null,null,null,null,null,null,null,null,null,null,null,null,null,null,null,null,null,null,null,null,null,null,null,null,null,null,null,null,null,null,null,null,null,null,null,null],"x2":[-0.0773,0.118,0.1571,0.0008,-0.0773,-0.0773,-0.0773,-0.0773,-0.0773,-0.0773,-0.0773,-0.1164,-0.1164,0.079,0.118,-0.2336,-0.1945,-0.2726,-0.0773,0.1962,-0.1164,-0.1164,-0.1164,0.2743,-0.3898,-0.2336,-0.3508,-1.64,-0.0773,1.1338,1.3291,1.1729,1.1729,0.8603,0.7822,0.7041,0.8603,0.8994,0.8213,1.0166,1.0557,1.0166,0.9775,0.9775,1.1338,1.3291,1.251,1.1729,1.0947,1.251,1.2119,1.5245,1.3682,1.7589,1.7979,1.251,0.8603,0.9775,1.7979,1.6026,1.0557,1.6026,1.5245,1.4073,1.5635,1.6417,1.6807,1.2901,1.0166,1.0166,1.4073,1.5635,1.1729,1.3682,1.3291,1.4463,1.2119,1.5635,1.3682,1.3682,1.0947,1.1338,1.1729,1.0166,1.0947,0.8603,1.0166,7.5018,16.7608,3.9857,1.4463,-1.64,2.6574,0.3915,0.1571,-0.7024,0.5478,0.3524,0.2352],"x3":[-999,-999,-999,-999,-999,-999,-999,-999,-999,-999,-999,-999,-999,-999,-999,-999,-999,-999,-999,-999,-999,-999,-999,-999,-999,-999,-999,-999,-999,-999,-999,-999,-999,-999,-999,-999,-999,-999,-999,-999,-999,-999,-999,-999,-999,-999,-999,-999,-999,-999,-999,-999,-999,-999,-999,-999,-999,-999,-999,-999,-999,-999,-999,-999,-999,-999,-999,-999,-999,-999,-999,-999,-999,-999,-999,-999,-999,-999,-999,-999,-999,-999,-999,-999,-999,-999,-999,-999,-999,-999,-999,-999,-999,-999,-999,-999,-999,-999,-999],"x4":[88.61,89.07,88.87,89.25,89.02,90.51,88.62,89.9,89.4,90.33,88.55,90.04,89.62,89.49,90.01,90.64,89.41,90.45,89.93,90.52,90.94,89.15,89.57,89.63,90.17,89.69,90.2,91.83,90.03,89.1,88.4,88.61,87.15,87.59,86.6,86.36,86.01,85.79,85.41,85.43,85.05,85.01,84.89,84.79,84.97,84.62,84.7,84.7,84.62,84.61,84.67,84.9,85.01,84.89,84.94,84.89,84.99,84.97,84.97,85.05,84.85,85.05,85.08,85.05,85.06,85.07,85.09,85.1,85.16,85.09,85,85.2,85,84.97,85.09,85.14,85.01,85.09,85.08,85.09,85.18,85.12,85.22,85.01,85.02,84.89,86.13,86.3,83.3,89.65,89.32,87.16,86.03,84.64,89.85,85.61,87.44,87.8,88.45],"x5":[-999,-999,-999,-999,-999,-999,-999,-999,-999,-999,-999,-999,-999,-999,-999,-999,-999,-999,-999,-999,-999,-999,-999,-999,-999,-999,-999,-999,-999,-999,-999,-999,-999,-999,-999,-999,-999,-999,-999,-999,-999,-999,-999,-999,-999,-999,-999,-999,-999,-999,-999,-999,-999,-999,-999,-999,-999,-999,-999,-999,-999,-999,-999,-999,-999,-999,-999,-999,-999,-999,-999,-999,-999,-999,-999,-999,-999,-999,-999,-999,-999,-999,-999,-999,-999,-999,-999,-999,-999,-999,-999,-999,-999,-999,-999,-999,-999,-999,-999],"x6":[0.0073,0.0073,0.0072,0.0072,0.0072,0.0072,0.0072,0.0072,0.0072,0.0072,0.0072,0.0072,0.0072,0.0071,0.0071,0.0072,0.0071,0.0071,0.0071,0.0071,0.0072,0.0072,0.0072,0.0072,0.0072,0.0073,0.0073,0.0073,0.0073,0.1067,0.1034,0.1026,0.1026,0.1026,0.1026,0.1027,0.1027,0.102,0.1023,0.1025,0.1022,0.1022,0.1021,0.1022,0.1024,0.1021,0.102,0.1017,0.1018,0.1021,0.1021,0.1022,0.1022,0.1023,0.1022,0.1022,0.1023,0.1022,0.1022,0.1023,0.1022,0.1022,0.1022,0.1022,0.1022,0.1022,0.1022,0.1023,0.1022,0.1022,0.1023,0.1021,0.1022,0.1022,0.1022,0.1022,0.1022,0.1022,0.1022,0.1022,0.1022,0.1022,0.1021,0.102,0.1029,0.1033,0.103,0.1026,0.0166,0.0118,0.0111,0.0107,0.0111,0.0102,0.0108,0.0105,0.0096,0.0091,0.0091],