{"M":[1606281990.952,1606281993.952,1606281994.404,1606281994.864,1606281995.328,1606281995.788,1606281996.24,1606281996.7,1606281997.164,1606281997.624,1606281998.084,1606281998.536,1606281999,1606281999.46,1606281999.92,1606282000.38,1606282000.836,1606282001.296,1606282001.756,1606282002.216,1606282002.68,1606282003.132,1606282003.592,1606282004.052,1606282004.516,1606282004.968,1606282005.428,1606282005.888,1606282006.352,1606282006.812,1606282007.264,1606282007.724,1606282008.184,1606282008.648,1606282009.108,1606282009.56,1606282010.02,1606282010.484,1606282010.944,1606282011.404,1606282011.856,1606282012.32,1606282012.78,1606282013.24,1606282013.7,1606282014.156,1606282014.616,1606282015.076,1606282015.536,1606282015.992,1606282016.452,1606282016.912,1606282017.372,1606282017.836,1606282018.288,1606282018.748,1606282019.208,1606282019.672,1606282020.132,1606282020.584,1606282021.044,1606282021.508,1606282021.968,1606282022.42,1606282022.88,1606282023.344,1606282023.804,1606282024.264,1606282024.716,1606282025.18,1606282025.64,1606282026.1,1606282026.56,1606282027.016,1606282027.476,1606282027.936,1606282028.396,1606282028.856,1606282029.312,1606282029.772,1606282030.232,1606282030.692,1606282031.156,1606282031.608,1606282032.068,1606282032.528,1606282032.992,1606282033.444,1606282033.904],"y":[null,null,null,null,null,null,null,null,null,null,null,null,null,null,null,null,0.16356224965409333,0.24666572602445516,0.3481224875211575,0.412769383740784,0.5142266180640734,0.5880504671289211,0.6434184090248709,0.7264192837834976,0.7633311107457184,0.8186988867415192,0.8925228182880703,0.994081540372364,1.0586262865220035,1.123273149074452,1.1970970179525124,1.280096904917814,1.3631996150274353,1.427744705760149,1.492391112041098,1.5569362293743598,1.6307591589350972,1.7137586336733843,1.778403880464497,1.8614046496662136,1.898314319265634,1.981415572960013,2.036782154185228,2.0828715714439445,2.1566952795040284,2.2027832920957966,2.2950632239529942,2.35971047423126,2.442708694913793,2.4980729542202518,2.5718953890356473,2.6548936262038763,2.6918040295597225,2.784082777696668,2.848627823597038,2.950185189609393,2.9870963395722296,3.060816955616316,3.116182466975703,3.1900051275663084,3.2453690332668588,3.30991090747452,3.3837308482036748,3.4298507514419687,null,null,null,null,null,null,null,null,null,null,null,null,null,null,null,null,null,null,null,null,null,null,null,null,null],"y1":[-0.4774,-0.4865,-0.0792,-0.052,-0.052,-0.0339,-0.052,-0.043,-0.052,-0.052,-0.0611,-0.0701,-0.0701,-0.0701,-0.052,-0.0249,0.0294,0.1109,0.2104,0.2738,0.3733,0.4457,0.5,0.5814,0.6176,0.6719,0.7443,0.8439,0.9072,0.9706,1.043,1.1244,1.2059,1.2692,1.3326,1.3959,1.4683,1.5497,1.6131,1.6945,1.7307,1.8122,1.8665,1.9117,1.9841,2.0293,2.1198,2.1832,2.2646,2.3189,2.3913,2.4727,2.5089,2.5994,2.6627,2.7623,2.7985,2.8708,2.9251,2.9975,3.0518,3.1151,3.1875,3.2328,3.2871,3.2871,3.3052,3.278,3.269,2.9975,2.6537,2.346,2.0927,1.7941,1.5226,1.224,0.9706,0.7715,0.5181,0.2919,0.1018,0.0747,0.0385,0.0475,0.0566,0.0475,0.0204,-0.0158,-0.0611],"x":[7.4546,5.9646,5.6864,5.4129,5.1383,4.8607,4.5766,4.3691,4.1828,4.0096,3.8893,3.7797,3.6901,4.1257,8.3523,9.2559,9.4846,9.5518,9.5618,9.5677,9.583,9.5842,9.5859,9.5871,9.5859,9.5848,9.5865,9.5865,9.5865,9.5859,9.5865,9.5783,9.5783,9.5806,9.5777,9.5789,9.573,9.5647,9.5553,9.5553,9.5423,9.5341,9.5282,9.5323,9.5335,9.5299,9.5329,9.5364,9.5235,9.5081,9.504,9.4952,9.4899,9.4887,9.4916,9.4905,9.4887,9.4863,9.4781,9.4763,9.4639,9.4557,9.4474,9.4457,9.4586,9.4857,9.5423,9.5683,9.5718,9.507,9.491,9.4952,9.507,9.5235,9.5335,9.5635,9.5724,9.5753,9.5806,9.5818,9.5777,9.5777,9.573,9.5747,9.5742,9.5765,9.5771,9.5777,9.5789],"x1":[0.0016,0.0013,0.0012,0.0011,0.001,0.001,0.0009,0.0009,0.0008,0.0008,0.0007,0.0007,0.0007,0.0681,0.1697,0.1701,0.1701,0.1701,0.1701,0.1701,0.1702,0.1702,0.1702,0.1702,0.1702,0.1702,0.1702,0.1702,0.1703,0.1702,0.1702,0.1702,0.1702,0.1702,0.1702,0.1701,0.1701,0.1701,0.1701,0.17,0.17,0.1699,0.1699,0.1699,0.1699,0.1699,0.1699,0.1699,0.1697,0.1697,0.1697,0.1697,0.1697,0.1697,0.1697,0.1698,0.1698,0.1698,0.1697,0.1697,0.1697,0.1697,0.1699,0.1905,0.1959,0.2017,0.2033,0.1936,0.1724,0.1698,0.1697,0.1698,0.1699,0.17,0.1701,0.1702,0.1702,0.1703,0.1703,0.1703,0.1703,0.1703,0.1703,0.1702,0.1703,0.1703,0.1704,0.1703,0.1703],"undefined":[null,null,null,null,null,null,null,null,null,null,null,null,null,null,null,null,null,null,null,null,null,null,null,null,null,null,null,null,null,null,null,null,null,null,null,null,null,null,null,null,null,null,null,null,null,null,null,null,null,null,null,null,null,null,null,null,null,null,null,null,null,null,null,null,null,null,null,null,null,null,null,null,null,null,null,null,null,null,null,null,null,null,null,null,null,null,null,null,null],"x2":[0.04,1.1,0.33,0.21,0.18,0.18,0.17,0.17,0.18,0.18,0.18,0.18,0.21,2.51,1.38,1.15,1.08,1.07,1.05,1.06,1.08,1.01,1.05,1.06,1.04,1.05,1.06,1.05,1.1,1.09,0.99,1.08,1.06,1.14,1.07,1.05,1.14,1.1,1.12,1.03,1.09,1.15,1.18,1.05,1.01,1.03,1.01,1.09,1.15,1.09,1.09,1.02,1.01,1.04,1.03,1.05,1.01,0.99,0.98,0.98,1.03,1.04,94.8,165.9,20.93,2.43,0.48,0.2,59.61,47.31,10.32,2.58,1.61,1.29,1.3,1.27,1.3,1.19,41.38,7.04,11.74,2.63,1.46,1.34,1.19,1.22,1.15,1.21,1.25],"x3":[7.55,7.58,7.58,7.58,7.58,7.58,7.58,7.58,7.59,7.59,7.59,7.59,7.65,7.59,7.59,7.58,7.58,7.58,7.58,7.58,7.57,7.57,7.57,7.57,7.57,7.57,7.56,7.57,7.56,7.56,7.56,7.56,7.56,7.56,7.56,7.56,7.56,7.56,7.56,7.56,7.56,7.56,7.56,7.56,7.56,7.56,7.56,7.56,7.56,7.56,7.56,7.56,7.56,7.56,7.56,7.56,7.56,7.56,7.56,7.56,7.56,7.56,7.54,7.52,7.49,7.49,7.48,7.46,7.37,7.47,7.52,7.53,7.54,7.54,7.54,7.54,7.54,7.55,7.55,7.55,7.55,7.55,7.55,7.55,7.55,7.55,7.55,7.55,7.55],"x4":[-0.14,-0.14,-0.14,-0.14,-0.14,48.2,48.49,48.82,48.98,49.33,49.73,49.92,50.36,50.84,51.38,51.31,50.68,49.68,48.89,48.46,47.7,47.18,46.99,46.83,46.64,46.36,46.12,46.04,46.05,46.18,46.23,46.2,46.21,46.04,45.85,45.84,45.76,45.75,45.74,45.72,45.72,45.8,45.92,45.99,46.03,46.09,46.12,46.15,46.15,46.15,46.18,46.18,46.25,46.34,46.38,46.42,46.43,46.49,46.5,46.47,46.46,46.49,46.48,46.24,38.74,33.98,27.65,25.31,22.31,17.85,16.13,25.99,34.78,37.35,40.87,42.27,43.39,44.02,44.17,44.45,44.69,44.74,44.88,44.9,44.93,44.98,44.98,44.99,45.02],"x5":[-0.03,-0.03,-0.03,-0.03,-0.03,5.81,5.85,5.9,5.93,5.98,6.03,6.06,6.12,6.09,5.95,5.87,5.78,5.66,5.57,5.51,5.42,5.37,5.34,5.33,5.31,5.27,5.24,5.23,5.24,5.25,5.26,5.25,5.26,5.24,5.22,5.21,5.2,5.2,5.2,5.2,5.2,5.21,5.23,5.24,5.24,5.25,5.25,5.25,5.26,5.26,5.26,5.26,5.27,5.28,5.28,5.29,5.29,5.3,5.3,5.3,5.3,5.3,5.3,5.27,4.4,3.85,3.13,2.86,2.52,2.02,1.83,2.96,3.96,4.25,4.65,4.81,4.94,5.01,5.02,5.05,5.08,5.09,5.1,5.11,5.11,5.11,5.11,5.12,5.12],"x6":[null,null,null,null,null,null,null,null,null,null,null,null,null,null,null,null,0.2138901496433992,0.21352014306199596,0.21346516710781757,0.2134327415610131,0.2134741159098984,0.2134675219581928,0.21345818106608774,0.2134515878759838,0.21345818106608774,0.2134642251005229,0.21345488443164418,0.21345488443164418,0.2135802985823091,0.21345818106608774,0.21345488443164418,0.21349994525538543,0.21349994525538543,0.21348730475881036,0.21350324296666415,0.21337120893452782,0.2134036200222763,0.21344922817520762,0.21350089898808752,0.21337538405628972,0.2134468335352644,0.2133663372071971,0.21339876798171603,0.2133762305344662,0.21336963490419342,0.21338942274016892,0.21337293267994936,0.21335369676497468,0.21317337255708865,0.2132579743995155,0.2132805070071767,0.213328882091066,0.21335802525811234,0.213364624564247,0.2133486767803839,0.21348045037004912,0.21349035504424957,0.21350356237987164,0.21342293211937943,0.2134328358445332,0.21350108077739238,0.21354622898194078,0.2138436716355693,0.23978225760835944,null,null,null,null,null,null,null,null,null,null,null,null,null,null,null,null,null,null,null,null,null,null,null,null,null],"x7":[1,1,1,1,1,1,1,1,1,1,1,1,1,1,1,1,0,0,0,0,0,0,0,0,0,0,0,0,0,0,0,0,0,0,0,0,0,0,0,0,0,0,0,0,0,0,0,0,0,0,0,0,0,0,0,0,0,0,0,0,0,0,0,0,1,1,1,1,1,1,1,1,1,1,1,1,1,1,1,1,1,1,1,1,1,1,1,1,1],