{"M":[1573071336.288,1573071336.692,1573071337.1,1573071337.516,1573071337.92,1573071338.328,1573071338.74,1573071339.148,1573071339.552,1573071339.968,1573071340.372,1573071340.78,1573071341.192,1573071341.6,1573071342.008,1573071342.412,1573071342.828,1573071343.232,1573071343.64,1573071344.052,1573071344.46,1573071344.864,1573071345.28,1573071345.684,1573071346.092,1573071346.508,1573071346.912,1573071347.32,1573071347.732,1573071348.14,1573071348.544,1573071348.96,1573071349.364,1573071349.772,1573071350.18,1573071350.592,1573071351,1573071351.404,1573071351.82,1573071352.224,1573071352.632,1573071353.044,1573071353.452,1573071353.856,1573071354.272,1573071354.68,1573071355.084,1573071355.5,1573071355.904,1573071356.312,1573071356.724,1573071357.132,1573071357.536,1573071357.944,1573071358.356,1573071358.764,1573071359.172,1573071359.584,1573071359.992,1573071360.396,1573071360.812,1573071361.216,1573071361.624,1573071362.036,1573071362.444,1573071362.852,1573071363.264,1573071363.672,1573071364.076,1573071364.492,1573071364.896,1573071365.304,1573071365.708,1573071366.124,1573071366.528,1573071366.936,1573071367.352,1573071367.756,1573071368.164,1573071368.576,1573071368.984,1573071369.388,1573071369.804,1573071370.208,1573071370.616,1573071371.028,1573071371.436,1573071371.844,1573071372.248,1573071372.664,1573071373.068,1573071373.476,1573071373.888,1573071374.296,1573071374.7,1573071375.116,1573071375.52],"y":[null,null,null,null,null,null,null,null,null,0.04432687403670955,0.1451214865799621,0.29172279266911794,0.3375293466207977,0.3833355986575476,0.44740357142680276,null,0.48413076914613407,0.529937264177735,null,null,null,null,0.5481989070337584,0.5665623661788077,0.7039821488524519,0.7406062682674673,0.7955942153426351,0.8322197716941793,0.8963899936080095,0.9605601667939209,1.0246275546442525,1.0704330710370713,1.1712283674495259,1.2353989511294425,1.2995686866964513,1.363636601697854,1.4002614168312355,1.4736130545187338,1.491873991517999,1.5376805004684717,1.6018502862687802,1.6292929826249172,1.6752017650619677,1.7118262798256036,1.7484516342530372,1.8126236788029308,1.8400662151110994,null,1.92249041502825,1.9500341309617262,null,1.959112680188988,1.9774835268327213,1.995856562416182,null,2.050752965730918,2.069117878080377,null,null,null,null,null,null,null,null,null,null,null,null,null,null,null,null,null,null,null,null,null,null,null,null,null,null,null,null,null,null,null,null,null,null,null,null,null,null,null,null],"y1":[0.0808,0.0898,0.0988,0.1078,0.0449,0.018,0.018,0.018,0.0269,0.1168,0.2156,0.3593,0.4042,0.4491,0.5119,0.5119,0.5479,0.5928,0.5838,0.5838,0.5928,0.5928,0.6107,0.6287,0.7634,0.7993,0.8532,0.8891,0.952,1.0149,1.0777,1.1226,1.2214,1.2843,1.3472,1.41,1.4459,1.5178,1.5357,1.5806,1.6435,1.6704,1.7154,1.7513,1.7872,1.8501,1.877,1.868,1.9578,1.9848,1.9758,1.9937,2.0117,2.0297,2.0297,2.0835,2.1015,2.0835,2.1015,2.0835,2.0925,2.1105,2.0925,2.0925,2.0835,2.0746,2.0656,2.0835,2.0925,2.0835,2.0835,2.0925,2.0746,2.0476,2.0207,1.9937,1.9219,1.7513,1.6794,1.6255,1.401,1.1945,1.1137,1.0957,0.8981,0.6107,0.494,0.485,0.4401,0.2245,0.0719,0.018,-0.009,-0.009,-0.009,0,0.009],"x":[13.5373,13.5379,13.5373,13.5438,13.5249,13.4589,13.2892,13.087,13.3316,13.4972,13.5338,13.5479,13.5497,13.5462,13.5491,13.5556,13.555,13.5556,13.5556,13.5532,13.5509,13.5568,13.5591,13.5597,13.5621,13.555,13.5527,13.5597,13.5621,13.5638,13.5597,13.5527,13.5574,13.5609,13.5597,13.5597,13.5603,13.5597,13.5574,13.558,13.5574,13.555,13.5568,13.555,13.558,13.5662,13.5638,13.5633,13.5886,13.598,13.5998,13.6163,13.6399,13.6699,13.6959,13.7212,13.7436,13.7601,13.7696,13.776,13.7843,13.7855,13.7896,13.7914,13.7949,13.7955,13.7967,13.7967,13.7996,13.8026,13.8043,13.8031,13.8067,13.7637,13.7041,13.6882,13.72,13.5933,13.5633,13.5638,13.5615,13.5574,13.5556,13.5538,13.5597,13.5656,13.5697,13.5727,13.5692,13.5603,13.5538,13.5344,13.5385,13.545,13.5479,13.5426,13.5397],"x1":[0.1771,0.1773,0.1773,0.1775,0.1614,0.0132,0.0095,0.0075,0.1778,0.1779,0.178,0.178,0.1779,0.178,0.178,0.1779,0.1779,0.178,0.178,0.1779,0.1779,0.178,0.178,0.1781,0.1781,0.1781,0.178,0.178,0.1781,0.1781,0.1781,0.1781,0.1781,0.1781,0.1781,0.1781,0.1782,0.1781,0.178,0.1782,0.1781,0.1781,0.1781,0.1781,0.1782,0.1781,0.1781,0.1781,0.193,0.197,0.1994,0.2034,0.2023,0.2008,0.1976,0.2053,0.2105,0.2129,0.2136,0.2139,0.2146,0.216,0.2176,0.2201,0.2228,0.2257,0.2282,0.2304,0.2321,0.2336,0.2351,0.2366,0.2127,0.2219,0.2287,0.2454,0.1889,0.1799,0.1787,0.1783,0.1782,0.1781,0.1777,0.1782,0.1782,0.1782,0.1775,0.1778,0.1782,0.1781,0.1781,0.1781,0.1781,0.178,0.178,0.1781,0.178],"undefined":[null,null,null,null,null,null,null,null,null,null,null,null,null,null,null,null,null,null,null,null,null,null,null,null,null,null,null,null,null,null,null,null,null,null,null,null,null,null,null,null,null,null,null,null,null,null,null,null,null,null,null,null,null,null,null,null,null,null,null,null,null,null,null,null,null,null,null,null,null,null,null,null,null,null,null,null,null,null,null,null,null,null,null,null,null,null,null,null,null,null,null,null,null,null,null,null,null],"x2":[1.0999,1.0297,0.9282,1.1155,207.1336,88.1302,25.1987,21.96,29.9435,5.0956,1.5135,1.295,1.2014,0.9907,0.9282,1.1467,0.8736,0.7956,0.897,0.7722,0.8736,0.8424,0.8892,0.9751,0.8346,0.8424,0.7878,0.7722,0.7644,0.9048,0.7644,0.7722,0.8502,0.7331,0.8346,1.7555,1.0687,0.8034,0.8112,0.7331,0.6863,0.8502,0.9282,0.819,0.819,0.8424,0.819,2.3173,71.1409,41.3686,13.399,2.2393,0.4366,0.2337,0.4834,0.2337,0.0698,0.0386,0.0386,0.0308,0.0308,0.0308,0.0308,0.023,0.023,0.023,0.023,0.023,0.023,0.0152,0.023,0.023,0.023,0.062,0.2103,6.8671,394.2659,183.066,38.7543,6.7344,1.9974,1.1311,0.9673,1.0375,1.8023,1.1233,0.9985,1.1624,1.5291,0.9438,0.8502,0.819,0.7253,0.6629,0.7331,0.7956,0.8502],"x3":[8.3109,8.3064,8.3013,8.2967,8.2952,8.2991,8.288,8.2906,8.2679,8.2669,8.2468,8.2543,8.2546,8.2543,8.253,8.2517,8.2513,8.2495,8.2491,8.2483,8.2465,8.2442,8.2444,8.2374,8.2375,8.2368,8.237,8.2361,8.2307,8.2314,8.229,8.2292,8.2217,8.2248,8.2216,8.2229,8.2187,8.2203,8.221,8.2154,8.2176,8.2184,8.2159,8.2154,8.214,8.214,8.2145,8.1858,8.0313,8.0124,7.9953,7.9971,8.0054,8.0105,8.0043,8.0435,8.0478,8.0462,8.042,8.0378,8.034,8.0305,8.0271,8.0241,8.0212,8.0187,8.0165,8.0138,8.0113,8.0088,8.0058,7.9976,7.9471,7.8844,7.8655,7.8353,7.8651,8.0261,8.0604,8.108,8.123,8.1329,8.1255,8.1333,8.1467,8.1543,8.1586,8.1608,8.1596,8.1667,8.1704,8.1759,8.1781,8.1818,8.1849,8.1877,8.1894],"x4":[-999,-999,-999,-999,-999,-999,-999,-999,-999,-999,-999,-999,-999,-999,-999,-999,-999,-999,-999,-999,-999,-999,-999,-999,-999,-999,-999,-999,-999,-999,-999,-999,-999,-999,-999,-999,-999,-999,-999,-999,-999,-999,-999,-999,-999,-999,-999,-999,-999,-999,-999,-999,-999,-999,-999,-999,-999,-999,-999,-999,-999,-999,-999,-999,-999,-999,-999,-999,-999,-999,-999,-999,-999,-999,-999,-999,-999,-999,-999,-999,-999,-999,-999,-999,-999,-999,-999,-999,-999,-999,-999,-999,-999,-999,-999,-999,-999],"x5":[8.4317,8.4303,8.422,8.4093,8.3971,8.3999,8.3846,8.3905,8.3171,8.2479,8.1811,8.1421,8.0983,8.0466,7.9988,7.9569,7.924,7.8903,7.858,7.8214,7.7869,7.752,7.7164,7.6827,7.646,7.6154,7.586,7.5565,7.5309,7.4979,7.4709,7.4431,7.4203,7.3895,7.3676,7.3431,7.3224,7.2961,7.2769,7.2597,7.2374,7.2213,7.2067,7.1901,7.1751,7.1582,7.1427,7.1297,7.112,7.0951,7.0805,7.0573,7.0235,6.9984,6.9787,6.9575,6.9332,6.8999,6.8579,6.8055,6.7452,6.68,6.6112,6.5419,6.4736,6.4082,6.346,6.2872,6.232,6.1796,6.1304,6.0842,6.04,6.0028,5.9684,5.9283,5.8851,5.8689,5.8464,5.7956,5.7586,5.7196,5.6738,5.6258,5.5905,5.5805,5.5778,5.5734,5.5735,5.5715,5.5542,5.5302,5.5384,5.5619,5.5926,5.6281,5.6652],