{"M":[1573089231.288,1573089231.692,1573089232.1,1573089232.516,1573089232.92,1573089233.328,1573089233.74,1573089234.148,1573089234.552,1573089234.968,1573089235.372,1573089235.78,1573089236.192,1573089236.6,1573089237.008,1573089237.42,1573089237.828,1573089238.232,1573089238.64,1573089239.052,1573089239.46,1573089239.864,1573089240.28,1573089240.688,1573089241.092,1573089241.508,1573089241.912,1573089242.32,1573089242.732,1573089243.14,1573089243.544,1573089243.96,1573089244.364,1573089244.772,1573089245.188,1573089245.592,1573089246,1573089246.404,1573089246.82,1573089247.224,1573089247.632,1573089248.044,1573089248.452,1573089248.856,1573089249.272,1573089249.68,1573089250.084,1573089250.5,1573089250.904,1573089251.312,1573089251.724,1573089252.132,1573089252.536,1573089252.952,1573089253.356,1573089253.764,1573089254.172,1573089254.584,1573089254.992,1573089255.396,1573089255.812,1573089256.216,1573089256.624,1573089257.036,1573089257.444,1573089257.852,1573089258.264,1573089258.672,1573089259.076,1573089259.492,1573089259.896,1573089260.304,1573089260.716,1573089261.124,1573089261.528,1573089261.936,1573089262.352,1573089262.756,1573089263.164,1573089263.576,1573089263.984,1573089264.388],"y":[null,null,null,null,null,null,null,null,0.05498329391656154,0.10997173518985066,0.18322034407144375,0.22902571210199174,0.30237500718834814,0.3665427039246644,0.4031658999505929,0.4397891835733629,0.568125138243374,0.6871766614392293,0.7238001259143404,0.7696063424924774,0.8337743958458466,0.9253862241677123,0.9711915921535722,1.0078151491561587,null,1.0536200441243384,1.1177866575034985,1.1727725993691243,1.209397268336755,1.2735644206638472,1.3651752824329002,1.4017975559068803,null,1.429341024693149,1.511768588037871,1.5667536632315342,1.6216371002383752,1.658361633278868,1.667440869386493,1.768227420262893,1.814030114029875,1.8690151577199012,1.8965584684970378,1.951442621483504,1.9972137511004149,2.015588055568455,null,null,null,null,null,null,null,null,null,null,null,null,null,null,null,null,null,null,null,null,null,null,null,null,null,null,null,null,null,null,null,null,null,null,null,null],"y1":[-0.0539,-0.0449,-0.0719,-0.0629,-0.0359,-0.0449,-0.0269,-0.0359,0,0.0539,0.1257,0.1706,0.2425,0.3054,0.3413,0.3772,0.503,0.6197,0.6556,0.7005,0.7634,0.8532,0.8981,0.934,0.934,0.9789,1.0418,1.0957,1.1316,1.1945,1.2843,1.3202,1.3202,1.3472,1.428,1.4819,1.5357,1.5717,1.5806,1.6794,1.7243,1.7782,1.8052,1.859,1.9039,1.9219,1.9219,1.9039,1.895,1.9129,1.9219,1.9039,1.9309,1.895,1.5627,1.3022,1.3292,1.3921,1.2933,1.0328,0.6736,0.6287,0.6197,0.6197,0.458,0.3054,0.2874,0.3054,0.3143,0.1527,-0.0449,-0.0629,-0.0539,-0.0629,-0.0449,-0.0359,-0.0269,-0.0449,-0.0359,-0.0539,-0.0539,-0.0359],"x":[11.4738,11.3294,11.1938,11.0394,10.875,10.6339,10.4441,11.6642,12.8742,13.2361,13.324,13.3334,13.3304,13.324,13.3151,13.3092,13.3145,13.3063,13.3051,13.3169,13.3192,13.3334,13.3352,13.3334,13.3299,13.3322,13.3222,13.3192,13.3257,13.321,13.3251,13.3175,13.3145,13.3134,13.308,13.301,13.2974,13.2927,13.2921,13.2715,13.2633,13.2585,13.2562,13.2568,13.2774,13.3446,13.3764,13.3894,13.4035,13.4159,13.4247,13.4324,13.4413,13.3717,13.2786,13.3033,13.3104,13.3045,13.3004,13.3139,13.3405,13.3517,13.3517,13.3487,13.3434,13.3499,13.3475,13.3293,13.3293,13.3369,13.3116,13.2992,13.3198,13.3157,13.2986,13.3434,13.3434,13.3369,13.3328,13.308,13.3446,13.3517],"x1":[0.0034,0.0033,0.0032,0.0031,0.003,0.0029,0.0029,0.1769,0.1771,0.1773,0.1773,0.1773,0.1774,0.1773,0.1773,0.1773,0.1774,0.1773,0.1773,0.1773,0.1775,0.1775,0.1774,0.1774,0.1773,0.1775,0.1773,0.1775,0.1775,0.1775,0.1774,0.1774,0.1774,0.1773,0.1773,0.1773,0.1773,0.1773,0.1773,0.1771,0.1772,0.1771,0.1771,0.1772,0.2176,0.2239,0.2242,0.2247,0.226,0.2266,0.227,0.2273,0.2267,0.1784,0.1776,0.1777,0.1778,0.1777,0.1775,0.1776,0.1776,0.1776,0.1776,0.1776,0.1776,0.1776,0.1776,0.1775,0.1775,0.1775,0.0314,0.1774,0.1775,0.1775,0.1773,0.1777,0.1775,0.1775,0.177,0.1775,0.1775,0.1773],"undefined":[null,null,null,null,null,null,null,null,null,null,null,null,null,null,null,null,null,null,null,null,null,null,null,null,null,null,null,null,null,null,null,null,null,null,null,null,null,null,null,null,null,null,null,null,null,null,null,null,null,null,null,null,null,null,null,null,null,null,null,null,null,null,null,null,null,null,null,null,null,null,null,null,null,null,null,null,null,null,null,null,null,null],"x2":[0.8736,0.8814,1.1702,0.6473,0.538,0.4444,0.4834,1.2404,0.8424,0.6785,0.6941,18.7292,4.1591,1.217,0.7019,0.7956,0.7097,0.6707,0.6239,0.6707,0.6551,0.6863,0.7331,0.6863,0.6317,0.6551,0.6239,0.6473,0.7956,0.7722,0.9595,0.9438,0.8814,0.7097,0.7253,0.6551,0.6863,0.7253,0.6941,0.7722,0.8112,0.8658,0.936,10.496,67.7618,10.1448,1.4667,0.3585,0.1556,0.1166,0.0932,0.0854,0.062,57.8351,17.5274,35.2034,78.7498,33.8846,16.427,6.5861,1.8569,13.6176,7.8816,17.8005,3.964,1.1389,0.7331,0.7722,0.78,0.78,168.3321,45.9027,6.8749,1.8959,1.2014,0.8346,0.7565,0.7331,6.1725,40.2839,10.7535,5.3843],"x3":[8.3709,8.3665,8.358,8.3602,8.3732,8.3736,8.3934,8.3617,8.3529,8.347,8.3474,8.3347,8.3262,8.3255,8.3299,8.3224,8.3119,8.3166,8.3182,8.3203,8.3094,8.3107,8.3148,8.3157,8.3161,8.3052,8.3056,8.306,8.3075,8.2915,8.2962,8.2963,8.299,8.291,8.2857,8.2881,8.2887,8.2897,8.2777,8.278,8.2804,8.2767,8.2784,8.1701,8.1344,8.1129,8.1006,8.0909,8.0818,8.076,8.0727,8.0731,8.1371,8.0617,8.127,8.1376,8.1478,8.1752,8.187,8.2043,8.1954,8.2085,8.2073,8.2195,8.2327,8.2255,8.2241,8.2279,8.2315,8.2323,8.2395,8.2234,8.2277,8.228,8.2238,8.2258,8.226,8.2201,8.2285,8.2284,8.2298,8.2306],"x4":[-999,-999,-999,-999,-999,-999,-999,-999,-999,-999,-999,-999,-999,-999,-999,-999,-999,-999,-999,-999,-999,-999,-999,-999,-999,-999,-999,-999,-999,-999,-999,-999,-999,-999,-999,-999,-999,-999,-999,-999,-999,-999,-999,-999,-999,-999,-999,-999,-999,-999,-999,-999,-999,-999,-999,-999,-999,-999,-999,-999,-999,-999,-999,-999,-999,-999,-999,-999,-999,-999,-999,-999,-999,-999,-999,-999,-999,-999,-999,-999,-999,-999],"x5":[7.3855,7.3993,7.413,7.4346,7.4607,7.4937,7.52,7.3467,7.1947,7.1555,7.1443,7.1375,7.1345,7.1362,7.1313,7.1276,7.1311,7.1287,7.1192,7.1092,7.1003,7.0837,7.0675,7.0478,7.0268,7.0073,6.9864,6.9637,6.9395,6.9152,6.889,6.8695,6.8471,6.8229,6.8009,6.7788,6.7565,6.7369,6.7191,6.7019,6.6827,6.6668,6.6487,6.6295,6.6104,6.5835,6.556,6.5335,6.514,6.4966,6.4772,6.4527,6.4221,6.4017,6.3956,6.3764,6.3373,6.2859,6.237,6.1826,6.1364,6.0849,6.0296,5.9806,5.94,5.9064,5.881,5.8619,5.8397,5.8258,5.8295,5.7835,5.7427,5.7326,5.7251,5.7144,5.7153,5.7233,5.7223,5.7298,5.737,5.7458],"x6":[0.007,0.0069,0.0067,0.0066,0.0065,0.0063,0.0062,0.1136,0.1106,0.1098,0.1096,0.1096,0.1097,0.1096,0.1096,0.1096,0.1097,0.1097,0.1097,0.1096,0.1097,0.1097,0.1097,0.1096,0.1096,0.1097,0.1096,0.1097,0.1097,0.1097,0.1097,0.1097,0.1097,0.1097,0.1097,0.1096,0.1097,0.1097,0.1097,0.1096,0.1097,0.1096,0.1097,0.1097,0.1348,0.1385,0.1386,0.1389,0.1396,0.14,0.1402,0.1404,0.14,0.1102,0.1099,0.1099,0.11,0.1099,0.1098,0.1098,0.1098,0.1097,0.1097,0.1097,0.1098,0.1097,0.1098,0.1098,0.1098,0.1097,0.0223,0.1098,0.1098,0.1097,0.1097,0.1098,0.1097,0.1097,0.1094,0.1098,0.1097,0.1096],"x7":[1,1,1,1,1,1,1,1,0,0,0,0,0,0,0,0,0,0,0,0,0,0,0,0,0,0,0,0,0,0,0,0,0,0,0,0,0,0,0,0,0,0,0,0,0,0,0,0,0,0,1,1,1,1,1,1,1,1,1,1,1,1,1,1,1,1,1,1,1,1,1,1,1,1,1,1,1,1,1,1,1,1],"x8":[1,1,1,1,1,1,1,1,0,0,0,0,0,0,0,0,0,0,0,0,0,0,0,0,1,0,0,0,0,0,0,0,1,0,0,0,0,0,0,0,0,0,0,0,0,0,1,1,1,1,1,1,1,1,1,1,1,1,1,1,1,1,1,1,1,1,1,1,1,1,1,1,1,1,1,1,1,1,1,1,1,1],"x9":[1,1,1,1,1,1,1,1,0,0,0,0,0,0,0,0,0,0,0,0,0,0,0,0,0,0,0,0,0,0,0,0,0,0,0,0,0,0,0,0,0,0,0,0,0,0,0,0,0,0,1,1,1,1,1,1,1,1,1,1,1,1,1,1,1,1,1,1,1,1,1,1,1,1,1,1,1,1,1,1,1,1],"x10":[1,1,1,1,1,1,1,1,0,0,0,0,0,0,0,0,0,0,0,0,0,0,0,0,0,0,0,0,0,0,0,0,0,0,0,0,0,0,0,0,0,0,0,0,0,0,0,0,0,0,1,1,1,1,1,1,1,1,1,1,1,1,1,1,1,1,1,1,1,1,1,1,1,1,1,1,1,1,1,1,1,1],"x11":[1,1,1,1,1,1,1,1,1,1,1,1,1,1,1,1,1,1,1,1,1,1,1,1,1,1,1,1,1,1,1,1,1,1,1,1,1,1,1,1,1,1,1,1,1,1,1,1,1,1,1,1,1,1,1,1,1,1,1,1,1,1,1,1,1,1,1,1,1,1,1,1,1,1,1,1,1,1,1,1,1,1],