{"M":[1576837300.288,1576837300.692,1576837301.108,1576837301.516,1576837301.92,1576837302.328,1576837302.74,1576837303.148,1576837303.552,1576837303.968,1576837304.372,1576837304.78,1576837305.192,1576837305.6,1576837306.008,1576837306.42,1576837306.828,1576837307.232,1576837307.648,1576837308.052,1576837308.46,1576837308.864,1576837309.28,1576837309.688,1576837310.092,1576837310.508,1576837310.912,1576837311.32,1576837311.732,1576837312.14,1576837312.544,1576837312.96,1576837313.364,1576837313.772,1576837314.184,1576837314.592,1576837315,1576837315.412,1576837315.82,1576837316.224,1576837316.632,1576837317.044,1576837317.452,1576837317.856,1576837318.272,1576837318.68,1576837319.084,1576837319.5,1576837319.904,1576837320.312,1576837320.724,1576837321.132,1576837321.536,1576837321.952,1576837322.356,1576837322.764,1576837323.18,1576837323.584,1576837323.992,1576837324.396,1576837324.812,1576837325.216,1576837325.624,1576837326.036,1576837326.444,1576837326.852,1576837327.264,1576837327.672,1576837328.076,1576837328.492,1576837328.896,1576837329.304,1576837329.716,1576837330.124,1576837330.528,1576837330.944,1576837331.352,1576837331.756,1576837332.164,1576837332.576],"y":[null,null,null,null,null,null,null,null,null,null,null,null,null,null,null,0.4120040568667617,0.5494402188960998,0.6409967930030495,0.6959507083280024,0.7965805364676574,0.8973118029912099,0.9430893556932737,0.9888672437330005,1.0255712292092587,1.0621732842133471,1.098775339217435,1.1263033471592288,1.1811555757062124,1.2270353768543705,1.2728134312131252,1.3185915469325584,1.3643696034215957,1.3917954843854794,1.4467497139853867,1.4833517792386381,1.5017037030068983,1.5291297857323076,1.5383058660214033,1.5840840897494535,1.6115098942048842,1.6298619399415357,1.6664639517131996,1.739770278706056,null,1.7671964611367927,1.8037987060482172,1.8129747112225525,1.831326535218316,null,null,null,null,null,null,null,null,null,null,null,null,null,null,null,null,null,null,null,null,null,null,null,null,null,null,null,null,null,null,null,null],"y1":[-0.1976,-0.1796,-0.1706,-0.1706,-0.2425,-0.2874,-0.2964,-0.3144,-0.3144,-0.3233,-0.3233,-0.3054,-0.1706,-0.0719,-0.018,0.0808,0.2156,0.3054,0.3593,0.458,0.5568,0.6017,0.6466,0.6826,0.7185,0.7544,0.7814,0.8352,0.8802,0.9251,0.97,1.0149,1.0418,1.0957,1.1316,1.1496,1.1765,1.1855,1.2304,1.2573,1.2753,1.3112,1.3831,1.3741,1.41,1.4459,1.4549,1.4729,1.4729,1.4998,1.5268,1.41,1.1137,0.9251,0.6646,0.5658,0.3323,0.2425,0.2425,0.0539,0.0269,0,-0.2156,-0.2874,-0.2964,-0.3054,-0.2784,-0.2784,-0.2784,-0.2784,-0.2964,-0.2964,-0.2964,-0.2964,-0.3054,-0.3144,-0.3233,-0.3144,-0.2964,-0.3054],"x":[6.7998,6.801,6.8039,6.8045,6.811,6.8057,6.7562,6.6637,6.5918,6.547,6.5033,6.7556,6.7998,6.8104,6.8104,6.801,6.7827,6.7898,6.7792,6.7615,6.7379,6.7244,6.722,6.7214,6.7214,6.7214,6.7214,6.722,6.7197,6.7197,6.7208,6.7208,6.7179,6.7208,6.7191,6.7197,6.7202,6.7214,6.722,6.7202,6.7208,6.7202,6.7238,6.7273,6.7255,6.7279,6.7279,6.7255,6.7291,6.7509,6.7892,6.745,6.7273,6.7244,6.7314,6.7603,6.7863,6.8087,6.811,6.8081,6.8122,6.8128,6.8098,6.7957,6.7267,6.6212,6.5193,6.4079,6.3024,6.254,6.2428,6.1927,6.0866,5.9693,5.8674,5.8196,5.8019,5.7849,5.7837,5.7518],"x1":[0.1678,0.1679,0.1679,0.1679,0.1678,0.0133,0.0102,0.0071,0.0057,0.0048,0.1518,0.1677,0.1678,0.1678,0.1678,0.1677,0.1678,0.1678,0.1677,0.1677,0.1678,0.1678,0.1678,0.1678,0.1678,0.1678,0.1678,0.1678,0.1678,0.1678,0.1679,0.1679,0.1679,0.1679,0.1678,0.1679,0.1679,0.1678,0.1678,0.1678,0.1678,0.1679,0.1679,0.1678,0.1679,0.1679,0.1679,0.1679,0.1679,0.1681,0.1679,0.1679,0.1679,0.1679,0.1678,0.1679,0.1679,0.1679,0.1679,0.1679,0.1678,0.1679,0.1616,0.0117,0.0085,0.0066,0.006,0.0051,0.0044,0.004,0.004,0.0036,0.0035,0.0033,0.0032,0.003,0.0029,0.0027,0.0026,0.0025],"undefined":[null,null,null,null,null,null,null,null,null,null,null,null,null,null,null,null,null,null,null,null,null,null,null,null,null,null,null,null,null,null,null,null,null,null,null,null,null,null,null,null,null,null,null,null,null,null,null,null,null,null,null,null,null,null,null,null,null,null,null,null,null,null,null,null,null,null,null,null,null,null,null,null,null,null,null,null,null,null,null,null],"x2":[0.858,0.8346,0.7722,0.7878,148.0572,123.6853,35.4844,42.1178,86.546,88.4034,44.7478,7.3275,1.8569,1.0921,0.9438,0.8736,0.8346,0.8814,0.8268,0.7722,0.7175,0.7331,0.7019,0.6629,0.7331,0.8424,0.6941,0.6707,0.6863,0.6629,0.6785,1.2092,0.8346,0.7253,0.6863,0.6863,0.8034,0.7565,0.7097,0.6395,0.6629,0.7019,0.6629,0.6239,0.6707,0.6629,0.7487,16.2709,263.3771,411.3099,217.0057,37.092,7.2651,2.6217,2.4266,1.6306,1.4043,1.1155,0.9751,0.858,0.9204,0.858,232.52,373.5541,436.5637,123.3732,51.943,61.5264,60.7928,47.8225,48.5795,39.722,38.4187,37.6773,43.4289,47.7757,49.2585,50.1325,45.7154,44.8648],"x3":[8.02,8.0275,8.0348,8.0157,8.008,7.9979,7.9214,7.8946,7.9007,7.9098,7.9458,8.0014,8.0267,8.0382,8.0403,8.0229,8.0283,8.0293,8.0237,8.0233,8.0296,8.0287,8.027,8.0304,8.0325,8.0346,8.0348,8.0301,8.0271,8.0198,8.0206,8.0268,8.0292,8.0283,8.0296,8.0348,8.0388,8.0395,8.0299,8.0316,8.0304,8.024,8.0241,8.0289,8.0498,8.0699,8.0749,8.0714,8.0579,8.0495,8.0509,8.0884,8.0864,8.0733,8.0597,8.0609,8.057,8.0382,8.0378,7.8383,8.0228,8.0228,7.9182,7.9851,7.9399,7.9631,7.8642,7.8817,7.8935,7.8642,7.8626,7.8614,7.8731,7.8996,7.9229,7.946,7.9551,7.9502,7.9556,7.9476],"x4":[-999,-999,-999,-999,-999,-999,-999,-999,-999,-999,-999,-999,-999,-999,-999,-999,-999,-999,-999,-999,-999,-999,-999,-999,-999,-999,-999,-999,-999,-999,-999,-999,-999,-999,-999,-999,-999,-999,-999,-999,-999,-999,-999,-999,-999,-999,-999,-999,-999,-999,-999,-999,-999,-999,-999,-999,-999,-999,-999,-999,-999,-999,-999,-999,-999,-999,-999,-999,-999,-999,-999,-999,-999,-999,-999,-999,-999,-999,-999,-999],"x5":[6.1326,6.1304,6.1289,6.1282,6.1209,6.1171,6.1151,6.122,6.13,6.1389,6.1495,6.1283,6.1479,6.1829,6.2241,6.2665,6.3047,6.3289,6.3446,6.352,6.3531,6.3476,6.3383,6.328,6.3177,6.3063,6.296,6.2859,6.2766,6.2689,6.2617,6.2571,6.2529,6.2491,6.248,6.2456,6.2438,6.2436,6.2425,6.2402,6.2377,6.2358,6.2339,6.233,6.2317,6.2313,6.2323,6.234,6.2331,6.227,6.2228,6.2266,6.2194,6.2152,6.2141,6.2136,6.2122,6.2101,6.2127,6.2128,6.2095,6.2084,6.2031,6.2,6.196,6.2018,6.2069,6.2196,6.2321,6.2435,6.2749,6.3424,6.4476,6.5784,6.7107,6.8398,6.9713,7.1357,7.2965,7.4697],"x6":[0.1215,0.1215,0.1215,0.1215,0.1214,0.0107,0.0087,0.0068,0.0058,0.0053,0.1105,0.1216,0.1215,0.1215,0.1215,0.1214,0.1215,0.1215,0.1215,0.1215,0.1217,0.1217,0.1218,0.1218,0.1218,0.1218,0.1218,0.1217,0.1218,0.1218,0.1218,0.1218,0.1218,0.1218,0.1217,0.1218,0.1218,0.1218,0.1217,0.1218,0.1218,0.1218,0.1218,0.1217,0.1218,0.1218,0.1218,0.1218,0.1218,0.1219,0.1216,0.1217,0.1218,0.1218,0.1217,0.1217,0.1216,0.1215,0.1215,0.1215,0.1215,0.1215,0.1168,0.0097,0.0076,0.0064,0.006,0.0054,0.0049,0.0047,0.0046,0.0044,0.0043,0.0041,0.004,0.0039,0.0037,0.0036,0.0036,0.0035],"x7":[0,0,0,0,0,0,0,0,0,0,0,0,0,0,0,0,0,0,0,0,0,0,0,0,0,0,0,0,0,0,0,0,0,0,0,0,0,0,0,0,0,0,0,0,0,0,0,0,1,1,1,1,1,1,1,1,1,1,1,1,1,1,1,1,1,1,1,1,1,1,1,1,1,1,1,1,1,1,1,1],"x8":[1,1,1,1,1,1,1,1,1,1,1,1,1,1,1,0,0,0,0,0,0,0,0,0,0,0,0,0,0,0,0,0,0,0,0,0,0,0,0,0,0,0,0,1,0,0,0,0,1,1,1,1,1,1,1,1,1,1,1,1,1,1,1,1,1,1,1,1,1,1,1,1,1,1,1,1,1,1,1,1],"x9":[0,0,0,0,0,0,0,0,0,0,0,0,0,0,0,0,0,0,0,0,0,0,0,0,0,0,0,0,0,0,0,0,0,0,0,0,0,0,0,0,0,0,0,0,0,0,0,0,1,1,1,1,1,1,1,1,1,1,1,1,1,1,1,1,1,1,1,1,1,1,1,1,1,1,1,1,1,1,1,1],"x10":[0,0,0,0,0,0,0,0,0,0,0,0,0,0,0,0,0,0,0,0,0,0,0,0,0,0,0,0,0,0,0,0,0,0,0,0,0,0,0,0,0,0,0,0,0,0,0,0,1,1,1,1,1,1,1,1,1,1,1,1,1,1,1,1,1,1,1,1,1,1,1,1,1,1,1,1,1,1,1,1],"x11":[1,1,1,1,1,1,1,1,1,1,1,1,1,1,1,1,1,1,1,1,1,1,1,1,1,1,1,1,1,1,1,1,1,1,1,1,1,1,1,1,1,1,1,1,1,1,1,1,1,1,1,1,1,1,1,1,1,1,1,1,1,1,1,1,1,1,1,1,1,1,1,1,1,1,1,1,1,1,1,1],"x12":[0,0,0,0,0,0,0,0,0,0,0,0,0,0,0,0,0,0,0,0,0,0,0,0,0,0,0,0,0,0,0,0,0,0,0,0,0,0,0,0,0,0,0,0,0,0,0,0,1,1,1,1,1,1,1,1,1,1,1,1,1,1,1,1,1,1,1,1,1,1,1,1,1,1,1,1,1,1,1,1],