{"M":[1575363171.288,1575363171.692,1575363172.108,1575363172.516,1575363172.92,1575363173.336,1575363173.74,1575363174.148,1575363174.552,1575363174.968,1575363175.372,1575363175.78,1575363176.192,1575363176.6,1575363177.008,1575363177.42,1575363177.828,1575363178.232,1575363178.648,1575363179.052,1575363179.46,1575363179.872,1575363180.28,1575363180.684,1575363181.1,1575363181.508,1575363181.912,1575363182.32,1575363182.732,1575363183.14,1575363183.544,1575363183.96,1575363184.364,1575363184.772,1575363185.188,1575363185.592,1575363186,1575363186.412,1575363186.82,1575363187.224,1575363187.64,1575363188.044,1575363188.452,1575363188.856,1575363189.272,1575363189.68,1575363190.084,1575363190.5,1575363190.904,1575363191.312,1575363191.724,1575363192.132,1575363192.536,1575363192.952,1575363193.356,1575363193.764,1575363194.18,1575363194.584,1575363194.992,1575363195.404,1575363195.812,1575363196.216,1575363196.624,1575363197.036,1575363197.444,1575363197.852,1575363198.264,1575363198.672,1575363199.076,1575363199.492,1575363199.896,1575363200.304,1575363200.716,1575363201.124,1575363201.528,1575363201.944,1575363202.352,1575363202.756,1575363203.172,1575363203.576,1575363203.984,1575363204.388,1575363204.804,1575363205.208,1575363205.616,1575363206.028,1575363206.436,1575363206.844,1575363207.256,1575363207.664,1575363208.068],"y":[null,null,null,null,null,null,null,null,null,null,0.0476186206365628,0.15753929432403307,0.2399290272395226,0.3040664270379583,0.3590268904062486,0.3682040240371759,null,0.4048102677238147,0.4505936143851407,0.5513373595060642,0.5971206113447508,0.6703332064498939,0.7436474984496737,0.7894307526525489,0.8993517459956533,0.9543116912802712,1.054953738966508,1.0916616983071712,1.2106586807707058,1.2381890389195531,1.3205795144160206,1.3571853988343823,1.4671065211563783,1.5403193345781594,1.6044571040743145,1.7052013124227448,1.7509844130790844,1.842551149798454,1.8883342767169924,2.0073296480042027,2.034758623520476,2.1721096428974294,2.208816983270834,2.3278121162049885,2.3827724063656124,2.4925877897760813,2.5659004779543806,2.666640906253528,2.7214939826999616,2.7948072943843414,2.8497638827031797,2.9137984714425587,2.977927467683581,3.0419583784388897,3.11527032806652,3.179304699020392,3.252620476114464,3.298343596400832,3.371565250139645,null,null,null,null,null,null,null,null,null,null,null,null,null,null,null,null,null,null,null,null,null,null,null,null,null,null,null,null,null,null,null,null],"y1":[1.5628,1.5718,1.5718,1.5718,1.5718,1.5718,1.5449,1.5449,1.5359,1.5808,1.6167,1.7245,1.8053,1.8682,1.9221,1.9311,1.9311,1.967,2.0119,2.1107,2.1556,2.2274,2.2993,2.3442,2.452,2.5059,2.6046,2.6406,2.7573,2.7843,2.8651,2.901,3.0088,3.0806,3.1435,3.2423,3.2872,3.377,3.4219,3.5386,3.5655,3.7002,3.7362,3.8529,3.9068,4.0145,4.0864,4.1852,4.239,4.3109,4.3648,4.4276,4.4905,4.5533,4.6252,4.688,4.7599,4.8048,4.8766,4.8945,4.9394,4.9574,4.9125,4.5982,4.3558,4.1223,3.7721,3.6374,3.4578,3.1435,2.9818,2.8381,2.5867,2.3083,2.2634,2.1197,1.8682,1.8413,1.8682,1.7155,1.5718,1.5628,1.5718,1.5539,1.5718,1.5718,1.5718,1.5898,1.6077,1.5808,1.5718],"x":[1.5246,1.468,1.4686,1.5028,1.5293,1.5105,1.5341,1.6254,8.238,8.5857,8.6836,8.6971,8.7119,8.7119,8.7136,8.7154,8.7119,8.7189,8.7195,8.7213,8.7183,8.7207,8.7166,8.7166,8.7195,8.713,8.7177,8.7142,8.7278,8.7183,8.7278,8.7236,8.7278,8.7289,8.7325,8.7348,8.7337,8.7337,8.7319,8.7278,8.7272,8.7325,8.7266,8.723,8.7213,8.703,8.6924,8.6771,8.65,8.6458,8.6293,8.627,8.5893,8.5704,8.5633,8.5627,8.571,8.591,8.657,8.6865,8.7431,8.8221,8.8333,8.6276,8.6293,8.66,8.7071,8.7331,8.7319,8.7313,8.7331,8.7319,8.7289,8.7289,8.7295,8.7248,8.7083,8.6847,8.6865,8.6906,8.6647,8.561,8.4313,8.3069,8.2739,8.2474,8.1991,8.1501,8.1195,8.09,8.06],"x1":[0.0005,0.0005,0.0005,0.0005,0.0005,0.0005,0.0005,0.1454,0.1723,0.1724,0.1731,0.1729,0.173,0.1731,0.1728,0.1727,0.1728,0.1732,0.1732,0.1733,0.1732,0.1734,0.1733,0.1735,0.1733,0.1734,0.1734,0.1734,0.1734,0.1734,0.1735,0.1734,0.1736,0.1735,0.1736,0.1735,0.1736,0.1736,0.1736,0.1736,0.1736,0.1736,0.1736,0.1736,0.1736,0.1736,0.1735,0.1735,0.1734,0.1734,0.1734,0.1734,0.1734,0.1734,0.1734,0.1735,0.1735,0.2084,0.211,0.2145,0.2157,0.2154,0.2068,0.1743,0.1739,0.1738,0.1737,0.1737,0.1737,0.1737,0.1737,0.1737,0.1737,0.1736,0.1736,0.1736,0.1735,0.1734,0.1735,0.1695,0.0154,0.0095,0.0069,0.0055,0.0047,0.0043,0.0039,0.0036,0.004,0.0041,0.0038],"undefined":[null,null,null,null,null,null,null,null,null,null,null,null,null,null,null,null,null,null,null,null,null,null,null,null,null,null,null,null,null,null,null,null,null,null,null,null,null,null,null,null,null,null,null,null,null,null,null,null,null,null,null,null,null,null,null,null,null,null,null,null,null,null,null,null,null,null,null,null,null,null,null,null,null,null,null,null,null,null,null,null,null,null,null,null,null,null,null,null,null,null,null],"x2":[-0.0004,-0.0004,-0.0004,-0.0004,-0.0004,-0.0004,-0.0161,-0.3516,-0.3516,-0.3516,-0.1799,0.421,0.4912,0.499,0.538,0.6005,0.5302,0.5927,0.538,0.5224,0.5146,0.5146,0.5224,0.5146,0.5068,0.5224,0.5224,0.5536,0.5614,0.5849,0.5927,0.538,0.5458,0.5536,0.538,0.6161,0.5927,0.5849,0.6473,0.6239,0.6239,0.5849,0.5927,0.5458,0.6473,0.5849,0.6863,0.5458,0.5614,0.5146,0.5302,0.5302,0.538,0.4834,0.4678,0.5927,203.1223,163.993,24.5198,3.5504,0.7253,0.2727,61.9868,76.9549,17.5664,5.8838,2.013,1.0453,0.7175,0.6551,0.7019,0.6239,0.6005,0.6083,0.7409,0.5927,0.5693,0.6863,0.6473,237.2493,136.7102,90.8148,45.1145,63.6335,39.7064,18.7292,8.8493,10.6989,13.1727,12.9932,10.3243],"x3":[7.7954,7.7969,7.802,7.6824,7.7314,7.7581,7.9079,8.4406,8.3106,8.3224,8.2555,8.212,8.1819,8.1643,8.1379,8.1264,8.1104,8.0931,8.0826,8.0651,8.05,8.0262,8.0211,7.9904,7.9965,7.9839,7.9764,7.9663,7.9569,7.9508,7.942,7.9364,7.9277,7.9229,7.9116,7.9098,7.8908,7.8956,7.8756,7.8832,7.8751,7.8702,7.8662,7.8592,7.8573,7.8516,7.8497,7.8439,7.8426,7.8358,7.8359,7.8226,7.8303,7.8176,7.8248,7.7842,7.756,7.727,7.7178,7.7027,7.7034,7.7141,7.6541,7.7339,7.7806,7.8046,7.8068,7.804,7.802,7.8008,7.7998,7.8011,7.8004,7.8003,7.7965,6.3658,7.8029,7.8108,7.7678,7.7985,7.7965,7.8024,7.8042,7.8007,7.827,7.8168,7.7926,7.8154,7.827,7.8301,7.8298],"x4":[-999,-999,-999,-999,-999,-999,-999,-999,-999,-999,-999,-999,-999,-999,-999,-999,-999,-999,-999,-999,-999,-999,-999,-999,-999,-999,-999,-999,-999,-999,-999,-999,-999,-999,-999,-999,-999,-999,-999,-999,-999,-999,-999,-999,-999,-999,-999,-999,-999,-999,-999,-999,-999,-999,-999,-999,-999,-999,-999,-999,-999,-999,-999,-999,-999,-999,-999,-999,-999,-999,-999,-999,-999,-999,-999,-999,-999,-999,-999,-999,-999,-999,-999,-999,-999,-999,-999,-999,-999,-999,-999],"x5":[8.6919,8.7184,8.7304,8.7315,8.7251,8.7321,8.7424,8.7447,7.5491,7.506,7.5106,7.5154,7.4926,7.4866,7.4853,7.4905,7.5009,7.5028,7.4964,7.4881,7.4733,7.4558,7.4308,7.3995,7.3597,7.3177,7.2685,7.2169,7.1571,7.0989,7.0319,6.9648,6.8956,6.8209,6.7501,6.677,6.6056,6.5287,6.458,6.3856,6.3193,6.251,6.1858,6.1199,6.0534,5.9906,5.9249,5.8637,5.8042,5.7448,5.6857,5.6299,5.5785,5.5269,5.4751,5.426,5.3767,5.3307,5.2859,5.2406,5.19,5.1371,5.096,5.0848,5.048,5.0077,4.9741,4.9404,4.9079,4.8794,4.8486,4.8147,4.7837,4.7576,4.7245,4.6899,4.6556,4.6091,4.5595,4.5257,4.5351,4.5134,4.4813,4.4682,4.4478,4.4194,4.4017,4.3893,4.3738,4.36,4.3466],"x6":[-0.0005,-0.0005,-0.0005,-0.0005,-0.0005,-0.0005,-0.0005,0.1209,0.1203,0.1193,0.1195,0.1193,0.1193,0.1194,0.1192,0.1191,0.1192,0.1195,0.1195,0.1196,0.1195,0.1196,0.1196,0.1197,0.1196,0.1196,0.1196,0.1196,0.1196,0.1196,0.1196,0.1196,0.1197,0.1196,0.1197,0.1196,0.1197,0.1197,0.1197,0.1197,0.1198,0.1197,0.1197,0.1198,0.1197,0.1198,0.1197,0.1198,0.1198,0.1198,0.1199,0.1199,0.12,0.12,0.1201,0.1202,0.1201,0.1448,0.1464,0.1487,0.1493,0.1488,0.1427,0.1205,0.1202,0.12,0.1199,0.1198,0.1198,0.1198,0.1198,0.1198,0.1198,0.1197,0.1197,0.1198,0.1197,0.1197,0.1198,0.1169,0.0126,0.0089,0.0074,0.0066,0.0061,0.0058,0.0056,0.0054,0.0056,0.0057,0.0055],