{"M":[1566447186.288,1566447186.692,1566447187.108,1566447187.516,1566447187.92,1566447188.336,1566447188.74,1566447189.148,1566447189.56,1566447189.968,1566447190.372,1566447190.788,1566447191.192,1566447191.6,1566447192.008,1566447192.42,1566447192.828,1566447193.232,1566447193.648,1566447194.052,1566447194.46,1566447194.872,1566447195.28,1566447195.688,1566447196.1,1566447196.508,1566447196.912,1566447197.328,1566447197.732,1566447198.14,1566447198.552,1566447198.96,1566447199.364,1566447199.772,1566447200.184,1566447200.592,1566447201,1566447201.412,1566447201.82,1566447202.224,1566447202.64,1566447203.044,1566447203.452,1566447203.864,1566447204.272,1566447204.68,1566447205.092,1566447205.5,1566447205.904,1566447206.312,1566447206.724,1566447207.132,1566447207.536,1566447207.952,1566447208.356,1566447208.764,1566447209.18,1566447209.584,1566447209.992,1566447210.404,1566447210.812,1566447211.216,1566447211.632,1566447212.036,1566447212.444,1566447212.856,1566447213.264,1566447213.672,1566447214.076,1566447214.492,1566447214.896,1566447215.304,1566447215.716,1566447216.124,1566447216.528,1566447216.944,1566447217.352,1566447217.756,1566447218.172,1566447218.576,1566447218.984,1566447219.396,1566447219.804,1566447220.208,1566447220.624,1566447221.028,1566447221.436,1566447221.844,1566447222.256,1566447222.664,1566447223.068,1566447223.484,1566447223.888,1566447224.296,1566447224.708,1566447225.116,1566447225.52,1566447225.936,1566447226.344,1566447226.748,1566447227.164,1566447227.568,1566447227.976,1566447228.388,1566447228.796,1566447229.2,1566447229.608,1566447230.02,1566447230.428,1566447230.836,1566447231.248,1566447231.656,1566447232.06,1566447232.476,1566447232.88,1566447233.288,1566447233.7,1566447234.108,1566447234.516],"y":[null,null,null,null,null,null,null,null,null,null,null,null,null,null,null,null,null,null,null,null,null,null,null,null,null,null,null,null,null,null,null,null,null,null,null,null,null,null,null,null,null,null,null,null,null,null,null,null,null,null,null,null,null,null,null,null,null,null,null,null,null,null,null,null,null,null,null,null,null,null,null,null,null,null,null,null,null,null,null,null,null,null,null,null,null,null,null,null,1.498925137839134,null,null,null,1.5172183753736095,null,null,null,null,null,null,null,null,null,null,null,null,null,null,null,null,null,null,null,null,null,null,null,null,null,null],"y1":[0.3054,0.3144,0.2964,0.2964,0.3144,0.3682,0.4132,0.4401,0.5209,0.6018,0.6287,0.6556,0.7006,0.7095,0.7544,0.7993,0.7993,0.7993,0.8892,0.9161,0.943,0.943,0.979,1.0149,1.0688,1.1047,1.1047,1.1227,1.1676,1.1855,1.2035,1.2304,1.2304,1.2664,1.2753,1.2933,1.2933,1.3562,1.3741,1.3921,1.4101,1.4101,1.4729,1.5448,1.5537,1.5897,1.6076,1.6166,1.6525,1.6615,1.6885,1.7334,1.7962,1.8142,1.8142,1.8232,1.8321,1.8591,1.904,1.913,1.9399,1.9579,1.9579,1.9938,2.0926,2.1195,2.1375,2.1734,2.2093,2.2093,2.2273,2.335,2.353,2.362,2.4428,2.4877,2.5146,2.5865,2.6044,2.6583,2.7302,2.7481,2.7751,2.811,2.82,2.8469,2.8649,2.8828,2.9098,2.9098,2.9098,2.9098,2.9277,2.9098,2.9726,2.9906,3.0265,3.0265,3.0175,2.9098,2.7032,2.4697,2.3261,2.1285,1.8321,1.5627,1.3741,1.1676,0.8981,0.6556,0.6287,0.6287,0.5119,0.3413,0.3413,0.3323,0.3054,0.2874,0.3144],"x":[21.8721,21.8763,21.8733,21.8627,21.9128,21.9205,21.9163,21.911,21.9116,21.9093,21.9081,21.8998,21.8987,21.8963,21.9087,21.9163,21.9187,21.9169,21.9187,21.9163,21.9157,21.9146,21.9169,21.9187,21.9187,21.9152,21.9075,21.8998,21.8951,21.9045,21.9093,21.9099,21.9057,21.9093,21.9087,21.9104,21.9187,21.9199,21.9205,21.9211,21.9258,21.9275,21.9258,21.9275,21.9258,21.9275,21.9269,21.9258,21.9269,21.9258,21.9293,21.9269,21.9264,21.9269,21.9281,21.9281,21.9252,21.9246,21.9281,21.9275,21.9269,21.9287,21.9264,21.9252,21.9246,21.9252,21.9234,21.9234,21.9222,21.9222,21.9216,21.9246,21.9234,21.924,21.9252,21.9252,21.9234,21.9234,21.9216,21.924,21.9258,21.9252,21.9264,21.9269,21.9293,21.9376,21.9452,21.9576,21.97,21.9812,21.9894,21.9965,22.003,22.0089,22.0171,22.0277,22.033,22.0389,22.0425,22.0431,22.0454,21.9906,21.9346,21.9252,21.9252,21.924,21.9234,21.924,21.9234,21.9246,21.9081,21.9205,21.9246,21.8957,21.8444,21.4631,21.2538,21.0817,21.0664],"x1":[0.1833,0.1833,0.1834,0.1838,0.184,0.1842,0.1843,0.1844,0.1844,0.1844,0.1842,0.1843,0.1843,0.1844,0.1844,0.1844,0.1843,0.1846,0.1845,0.1844,0.1844,0.1844,0.1845,0.1845,0.1846,0.1845,0.1844,0.1844,0.1845,0.1845,0.1846,0.1845,0.1846,0.1845,0.1846,0.1846,0.1847,0.1846,0.1845,0.1847,0.1846,0.1847,0.1847,0.1846,0.1846,0.1847,0.1847,0.1848,0.1847,0.1847,0.1847,0.1847,0.1847,0.1847,0.1847,0.1847,0.1847,0.1847,0.1847,0.1846,0.1847,0.1847,0.1847,0.1847,0.1847,0.1847,0.1847,0.1847,0.1847,0.1847,0.1848,0.1847,0.1847,0.1847,0.1847,0.1847,0.1848,0.1848,0.1848,0.1854,0.1853,0.1853,0.1852,0.1891,0.2196,0.2732,0.2772,0.2847,0.2853,0.2853,0.2871,0.2955,0.2974,0.3,0.3034,0.3049,0.3042,0.3036,0.2971,0.2623,0.2861,0.1883,0.1855,0.1852,0.1849,0.1848,0.1848,0.1848,0.1848,0.1849,0.1848,0.1848,0.1848,0.0947,0.0073,0.0053,0.0052,0.0043,0.0036],"undefined":[null,null,null,null,null,null,null,null,null,null,null,null,null,null,null,null,null,null,null,null,null,null,null,null,null,null,null,null,null,null,null,null,null,null,null,null,null,null,null,null,null,null,null,null,null,null,null,null,null,null,null,null,null,null,null,null,null,null,null,null,null,null,null,null,null,null,null,null,null,null,null,null,null,null,null,null,null,null,null,null,null,null,null,null,null,null,null,null,null,null,null,null,null,null,null,null,null,null,null,null,null,null,null,null,null,null,null,null,null,null,null,null,null,null,null,null,null,null,null],"x2":[6.1413,5.8448,5.3999,5.7901,6.0243,5.5326,5.3297,5.7823,5.4936,5.5404,6.2194,7.0154,5.5404,6.4613,5.556,5.0488,5.4546,5.5482,5.2517,5.6653,5.478,5.0878,5.2985,7.4758,5.837,5.3999,5.4546,5.4858,6.7344,6.1179,5.4233,5.7043,6.2194,6.1647,5.4311,5.9618,5.7355,6.1413,6.3286,5.993,5.8292,6.0945,5.7121,5.4858,6.0711,6.1959,6.1101,6.352,6.4457,5.8994,6.3364,5.4233,5.1268,7.2807,7.5538,6.1491,5.6731,7.3353,6.8125,10.6286,7.0544,6.0711,5.837,5.6809,5.4624,5.5326,6.2818,5.8526,6.313,5.8838,6.2115,5.8448,7.5538,6.3598,5.7979,5.5326,5.9462,5.7823,7.0778,7.4368,7.5929,7.8816,241.6976,200.9918,35.9526,4.838,0.7956,0.2259,0.101,0.062,0.0386,0.023,0.0152,0.0074,-0.0004,-0.0004,-0.0004,-0.0082,-0.0082,-0.0161,102.2711,89.0589,25.5967,19.3457,10.2384,10.7925,18.4951,8.3967,6.5783,6.2818,5.8135,5.478,5.8292,206.6732,43.304,7.148,1.0609,0.2103,0.0854],"x3":[8.6901,8.6869,8.6845,8.6814,8.6791,8.6745,8.6718,8.6656,8.653,8.6499,8.6515,8.6505,8.6508,8.6502,8.6467,8.644,8.6433,8.6291,8.6313,8.6314,8.6318,8.633,8.6314,8.6302,8.6263,8.6266,8.6276,8.6288,8.6285,8.6291,8.6284,8.6285,8.6279,8.6282,8.6289,8.6302,8.6291,8.63,8.631,8.6312,8.6322,8.6325,8.6333,8.635,8.6361,8.6365,8.6374,8.6388,8.6397,8.6407,8.6414,8.6418,8.6436,8.6453,8.6462,8.6474,8.6488,8.6503,8.6515,8.6528,8.6539,8.6547,8.6554,8.6571,8.6592,8.6602,8.6618,8.663,8.664,8.6648,8.6664,8.6676,8.6685,8.6704,8.672,8.6729,8.6748,8.6745,8.6741,8.6744,8.6748,8.6699,8.4181,8.3448,8.2961,8.2575,8.2218,8.1849,8.1578,8.1353,8.1194,8.1076,8.0875,8.068,8.0623,8.0543,8.046,8.0365,8.02,7.8762,7.8807,8.1287,8.2518,8.3272,8.3963,8.4429,8.4781,8.5111,8.5458,8.5712,8.5914,8.6055,8.6045,8.6335,8.6405,8.6477,8.6653,8.6528,8.6467],"x4":[-999,-999,-999,-999,-999,-999,-999,-999,-999,-999,-999,-999,-999,-999,-999,-999,-999,-999,-999,-999,-999,-999,-999,-999,-999,-999,-999,-999,-999,-999,-999,-999,-999,-999,-999,-999,-999,-999,-999,-999,-999,-999,-999,-999,-999,-999,-999,-999,-999,-999,-999,-999,-999,-999,-999,-999,-999,-999,-999,-999,-999,-999,-999,-999,-999,-999,-999,-999,-999,-999,-999,-999,-999,-999,-999,-999,-999,-999,-999,-999,-999,-999,-999,-999,-999,-999,-999,-999,-999,-999,-999,-999,-999,-999,-999,-999,-999,-999,-999,-999,-999,-999,-999,-999,-999,-999,-999,-999,-999,-999,-999,-999,-999,-999,-999,-999,-999,-999,-999],