{"M":[1576155214.288,1576155214.692,1576155215.1,1576155215.516,1576155215.92,1576155216.328,1576155216.74,1576155217.148,1576155217.552,1576155217.968,1576155218.372,1576155218.78,1576155219.192,1576155219.6,1576155220.008,1576155220.42,1576155220.828,1576155221.232,1576155221.64,1576155222.052,1576155222.46,1576155222.864,1576155223.28,1576155223.684,1576155224.092,1576155224.508,1576155224.912,1576155225.32,1576155225.732,1576155226.14,1576155226.544,1576155226.96,1576155227.364,1576155227.772,1576155228.184,1576155228.592,1576155229,1576155229.404,1576155229.82,1576155230.224,1576155230.632,1576155231.044,1576155231.452,1576155231.856,1576155232.272,1576155232.68,1576155233.084,1576155233.5,1576155233.904,1576155234.312,1576155234.724,1576155235.132,1576155235.536,1576155235.944,1576155236.356,1576155236.764,1576155237.172,1576155237.584,1576155237.992,1576155238.396,1576155238.812,1576155239.216,1576155239.624,1576155240.036,1576155240.444,1576155240.852],"y":[null,null,null,null,null,null,null,null,null,null,null,null,null,null,null,null,null,null,null,null,null,null,null,null,null,null,null,null,null,null,null,null,null,null,null,null,0.12046671365541493,0.19367421645525926,0.26698342762076577,0.3310142171500242,0.3767942519409681,0.4317506088621389,0.5690905334151068,0.6973559985085308,0.7889160289227832,0.8804760773183581,0.9720359531103134,1.0635959699944317,1.1643324874396228,1.2742454552405746,1.320006590206069,null,null,null,null,null,null,null,null,null,null,null,null,null,null,null],"y1":[1.4102,1.4371,1.4191,1.4191,1.4191,1.4012,1.4012,1.4102,1.4102,1.4371,1.4371,1.4461,1.4461,1.4281,1.4191,1.4191,1.4281,1.4371,1.4551,1.4461,1.4551,1.4551,1.4461,1.4371,1.4461,1.4551,1.4461,1.4551,1.464,1.4551,1.4371,1.4551,1.4461,1.4551,1.4371,1.4371,1.5539,1.6257,1.6976,1.7604,1.8053,1.8592,1.9939,2.1197,2.2095,2.2993,2.3891,2.4789,2.5777,2.6855,2.7304,2.7753,2.8202,2.8292,2.7304,2.425,2.0568,1.6347,1.4102,1.4191,1.4102,1.4102,1.4281,1.4191,1.4281,1.4191],"x":[5.0228,4.9538,4.9208,4.9308,4.906,4.929,4.9514,4.945,4.9508,4.9432,4.9556,4.9632,4.9632,4.978,4.9585,4.945,4.9355,4.9479,4.9202,4.8972,4.8719,4.8548,4.8347,4.8117,4.7563,4.6939,4.6685,4.6385,4.6049,4.6019,4.6031,4.6214,4.5265,4.4457,4.4593,6.8664,7.4941,7.5472,7.5543,7.5543,7.5572,7.5566,7.556,7.5548,7.5566,7.5584,7.5566,7.559,7.5601,7.5631,7.6014,7.6645,7.7075,7.7582,7.711,7.5802,7.559,7.559,7.5507,7.4989,7.4476,7.3544,7.2719,7.2053,7.1258,7.0373],"x1":[0.0015,0.0015,0.0015,0.0015,0.0014,0.0014,0.0014,0.0014,0.0013,0.0013,0.0013,0.0012,0.0012,0.0012,0.0012,0.0012,0.0012,0.0011,0.0011,0.0011,0.0011,0.0011,0.0011,0.001,0.001,0.001,0.001,0.001,0.001,0.001,0.001,0.001,0.001,0.0009,0.0018,0.1686,0.1686,0.1687,0.1687,0.1687,0.1687,0.1687,0.1687,0.1687,0.1688,0.1688,0.1687,0.1688,0.1688,0.1688,0.1974,0.2075,0.2079,0.1991,0.2377,0.1694,0.1691,0.1689,0.0149,0.0114,0.0091,0.0104,0.0095,0.0065,0.0052,0.0062],"undefined":[null,null,null,null,null,null,null,null,null,null,null,null,null,null,null,null,null,null,null,null,null,null,null,null,null,null,null,null,null,null,null,null,null,null,null,null,null,null,null,null,null,null,null,null,null,null,null,null,null,null,null,null,null,null,null,null,null,null,null,null,null,null,null,null,null,null],"x2":[0.0074,0.0074,0.0074,0.0074,0.0074,0.0074,0.0074,0.0074,0.0074,0.0074,0.0074,0.0074,0.0074,0.0074,0.0074,0.0152,0.0074,0.0074,0.0074,0.0074,0.0074,-0.0004,0.0074,0.0074,0.0074,0.0074,0.0074,-0.0004,-0.0004,0.0074,0.0074,0.0074,0.0074,-0.3516,40.4243,7.4134,1.5838,0.858,0.8112,0.8112,0.7565,0.7565,0.7565,0.7409,0.7331,0.7409,0.7331,0.7487,0.7487,27.1965,227.0104,42.1022,8.225,154.8233,123.5214,35.3205,12.7435,33.9314,-0.3516,-0.3516,-0.0551,0.0464,0.0464,0.0464,0.0464,0.0308],"x3":[7.3473,7.4447,7.4278,7.3525,7.4506,7.3697,7.3069,7.5601,7.5035,7.5563,7.5334,7.5143,7.5296,7.498,7.4868,7.4526,7.4298,7.3901,7.4904,7.3304,7.3815,7.3005,7.4475,7.4978,7.421,7.509,7.5367,7.5633,7.5949,7.5562,7.6348,7.6268,7.262,7.711,7.9289,8.0283,8.031,8.0342,8.0276,8.0245,8.0144,8.0055,7.9931,7.9891,7.9855,7.9798,7.9751,7.9742,7.9653,7.925,7.8812,7.8464,7.7661,7.8159,7.9002,7.9412,8.0325,7.9542,7.7911,7.9184,7.9442,7.9489,7.9542,7.9623,7.9595,7.9633],"x4":[-999,-999,-999,-999,-999,-999,-999,-999,-999,-999,-999,-999,-999,-999,-999,-999,-999,-999,-999,-999,-999,-999,-999,-999,-999,-999,-999,-999,-999,-999,-999,-999,-999,-999,-999,-999,-999,-999,-999,-999,-999,-999,-999,-999,-999,-999,-999,-999,-999,-999,-999,-999,-999,-999,-999,-999,-999,-999,-999,-999,-999,-999,-999,-999,-999,-999],"x5":[9.3863,9.4481,9.5204,9.5623,9.6003,9.6218,9.6407,9.6406,9.6964,9.7157,9.7273,9.7442,9.7585,9.7691,9.7905,9.8103,9.8305,9.8448,9.869,9.8913,9.9163,9.9399,9.9612,9.9847,10.0134,10.0373,10.0468,10.0553,10.0694,10.0793,10.0906,10.0978,10.1397,10.1614,10.1648,9.6809,9.5989,9.6161,9.6187,9.5844,9.5023,9.3767,9.2177,9.0366,8.8409,8.6409,8.44,8.2428,8.0515,7.8702,7.6911,7.5231,7.3716,7.2226,7.0921,6.9673,6.7968,6.6106,6.4354,6.2774,6.1438,6.0488,5.9756,5.9261,5.9283,5.9774],"x6":[0.0025,0.0025,0.0024,0.0024,0.0024,0.0024,0.0024,0.0024,0.0024,0.0023,0.0024,0.0023,0.0023,0.0023,0.0023,0.0023,0.0023,0.0022,0.0022,0.0022,0.0022,0.0022,0.0022,0.0021,0.0021,0.0021,0.002,0.002,0.002,0.002,0.002,0.002,0.0019,0.0018,0.0023,0.1219,0.1199,0.1198,0.1198,0.1198,0.1198,0.1198,0.1198,0.1198,0.1198,0.1198,0.1198,0.1199,0.1198,0.1198,0.1405,0.1477,0.1477,0.1412,0.1695,0.1203,0.12,0.1199,0.012,0.0098,0.0083,0.0091,0.0085,0.0066,0.0058,0.0064],"x7":[1,1,1,1,1,1,1,1,1,1,1,1,1,1,1,1,1,1,1,1,1,1,1,1,1,1,1,1,1,1,1,1,1,1,1,1,0,0,0,0,0,0,0,0,0,0,0,0,0,0,0,1,1,1,1,1,1,1,1,1,1,1,1,1,1,1],"x8":[1,1,1,1,1,1,1,1,1,1,1,1,1,1,1,1,1,1,1,1,1,1,1,1,1,1,1,1,1,1,1,1,1,1,1,1,0,0,0,0,0,0,0,0,0,0,0,0,0,0,0,1,1,1,1,1,1,1,1,1,1,1,1,1,1,1],"x9":[1,1,1,1,1,1,1,1,1,1,1,1,1,1,1,1,1,1,1,1,1,1,1,1,1,1,1,1,1,1,1,1,1,1,1,1,0,0,0,0,0,0,0,0,0,0,0,0,0,0,0,1,1,1,1,1,1,1,1,1,1,1,1,1,1,1],"x10":[1,1,1,1,1,1,1,1,1,1,1,1,1,1,1,1,1,1,1,1,1,1,1,1,1,1,1,1,1,1,1,1,1,1,1,1,0,0,0,0,0,0,0,0,0,0,0,0,0,0,0,1,1,1,1,1,1,1,1,1,1,1,1,1,1,1],"x11":[1,1,1,1,1,1,1,1,1,1,1,1,1,1,1,1,1,1,1,1,1,1,1,1,1,1,1,1,1,1,1,1,1,1,1,1,1,1,1,1,1,1,1,1,1,1,1,1,1,1,1,1,1,1,1,1,1,1,1,1,1,1,1,1,1,1],"x12":[1,1,1,1,1,1,1,1,1,1,1,1,1,1,1,1,1,1,1,1,1,1,1,1,1,1,1,1,1,1,1,1,1,1,1,1,0,0,0,0,0,0,0,0,0,0,0,0,0,0,0,1,1,1,1,1,1,1,1,1,1,1,1,1,1,1],"x13":[1,1,1,1,1,1,1,1,1,1,1,1,1,1,1,1,1,1,1,1,1,1,1,1,1,1,1,1,1,1,1,1,1,1,1,1,0,0,0,0,0,0,0,0,0,0,0,0,0,0,0,1,1,1,1,1,1,1,1,1,1,1,1,1,1,1],"x14":[1,1,1,1,1,1,1,1,1,1,1,1,1,1,1,1,1,1,1,1,1,1,1,1,1,1,1,1,1,1,1,1,1,1,1,1,1,1,1,1,1,1,1,1,1,1,1,1,1,1,1,1,1,1,1,1,1,1,1,1,1,1,1,1,1,1],"x15":[1,1,1,1,1,1,1,1,1,1,1,1,1,1,1,1,1,1,1,1,1,1,1,1,1,1,1,1,1,1,1,1,1,1,1,1,0,0,0,0,0,0,0,0,0,0,0,0,0,0,0,1,1,1,1,1,1,1,1,1,1,1,1,1,1,1],"x16":[1,1,1,1,1,1,1,1,1,1,1,1,1,1,1,1,1,1,1,1,1,1,1,1,1,1,1,1,1,1,1,1,1,1,1,1,0,0,0,0,0,0,0,0,0,0,0,0,0,0,0,1,1,1,1,1,1,1,1,1,1,1,1,1,1,1]}