{"M":[1575363366.288,1575363366.692,1575363367.108,1575363367.516,1575363367.92,1575363368.336,1575363368.74,1575363369.148,1575363369.56,1575363369.968,1575363370.372,1575363370.788,1575363371.192,1575363371.6,1575363372.008,1575363372.42,1575363372.828,1575363373.232,1575363373.648,1575363374.052,1575363374.46,1575363374.872,1575363375.28,1575363375.688,1575363376.1,1575363376.508,1575363376.912,1575363377.328,1575363377.732,1575363378.14,1575363378.544,1575363378.96,1575363379.364,1575363379.772,1575363380.184,1575363380.592,1575363381,1575363381.412,1575363381.82,1575363382.224,1575363382.64,1575363383.044,1575363383.452,1575363383.864,1575363384.272,1575363384.68,1575363385.092,1575363385.5,1575363385.904,1575363386.312,1575363386.724,1575363387.132,1575363387.536,1575363387.952,1575363388.356,1575363388.764,1575363389.18,1575363389.584,1575363389.992,1575363390.404,1575363390.812,1575363391.216,1575363391.632,1575363392.036,1575363392.444,1575363392.856,1575363393.264,1575363393.672,1575363394.076,1575363394.492,1575363394.896,1575363395.304,1575363395.716,1575363396.124,1575363396.528,1575363396.944,1575363397.352,1575363397.756,1575363398.172,1575363398.576,1575363398.984,1575363399.396],"y":[null,null,null,null,null,null,0.027532563916358173,null,null,null,null,null,null,null,null,null,0.0367084516894463,null,null,null,null,null,0.045783004643456075,0.07331399895525391,0.10992000160566753,null,0.21984013015589235,0.35718938993522303,0.4121499526802745,null,0.48536200357242043,0.5494990371413605,0.5861051859332852,0.6228131829339262,null,0.6594198330840848,0.7234549154044101,0.7693399405544227,0.7967691925921196,0.8333753064834569,0.8791587942965948,0.9157650330371948,0.9707255715066749,1.0165081569521162,1.0348618604552309,1.062291206002087,1.098999170120292,1.1630349945478278,1.199640983323429,1.2637784887274441,1.318738631144859,1.3370927321835546,1.4011318913614519,1.4560976823056504,1.4927198480402086,null,null,null,null,null,null,null,null,null,null,null,null,null,null,null,null,null,null,null,null,null,null,null,null,null,null,null],"y1":[1.5628,1.5449,1.5539,1.5718,1.5718,1.5628,1.5898,1.5718,1.5718,1.5539,1.5718,1.5628,1.5628,1.5628,1.5808,1.5898,1.5988,1.5808,1.5628,1.5628,1.5449,1.5628,1.6077,1.6347,1.6706,1.6706,1.7784,1.9131,1.967,1.967,2.0388,2.1017,2.1376,2.1736,2.1736,2.2095,2.2723,2.3173,2.3442,2.3801,2.425,2.4609,2.5148,2.5597,2.5777,2.6046,2.6406,2.7034,2.7393,2.8022,2.8561,2.8741,2.9369,2.9908,3.0267,3.0447,3.0626,3.0986,3.0986,2.9908,2.7483,2.5148,2.1915,1.8951,1.8862,1.9131,1.7874,1.5898,1.5808,1.5808,1.5718,1.5539,1.5628,1.5808,1.5808,1.5628,1.5898,1.5718,1.5628,1.5628,1.5449,1.5449],"x":[2.6144,2.5885,2.5879,3.0158,5.5756,7.7505,8.3718,8.2792,8.1944,8.0924,7.9881,7.8855,7.7004,7.6002,7.4977,7.401,7.3197,7.2442,7.325,8.1938,8.4808,8.6111,8.6229,8.6229,8.6234,8.6282,8.6317,8.6382,8.6535,8.6588,8.6517,8.6494,8.65,8.6488,8.6541,8.6623,8.6588,8.6576,8.6606,8.6618,8.6665,8.6694,8.6747,8.6665,8.6618,8.6641,8.6659,8.6712,8.6706,8.6729,8.6735,8.6729,8.7136,8.7761,8.9217,9.026,9.1014,9.1439,9.1686,9.1757,8.7991,8.6841,8.6682,8.6729,8.67,8.6783,8.6671,8.6287,8.5922,8.3753,8.2716,8.192,8.1024,7.9503,7.7953,7.6545,7.3957,7.2271,7.0633,6.8912,6.7379,6.5835],"x1":[0.0006,0.0005,0.0006,0.0778,0.0972,0.1723,0.0358,0.0052,0.0042,0.0037,0.0034,0.0032,0.0029,0.0028,0.0027,0.0025,0.0024,0.0024,0.0041,0.0275,0.1729,0.1733,0.1733,0.1731,0.1734,0.1735,0.1735,0.1735,0.1733,0.1735,0.1736,0.1735,0.1733,0.1733,0.1733,0.1736,0.1735,0.1735,0.1735,0.1736,0.1735,0.1736,0.1736,0.1736,0.1736,0.1735,0.1738,0.1736,0.1738,0.1737,0.1737,0.1737,0.1739,0.1755,0.1761,0.1761,0.176,0.1759,0.1815,0.2224,0.1911,0.1748,0.1742,0.1612,0.174,0.1742,0.1737,0.019,0.0111,0.0085,0.0074,0.0065,0.0057,0.0053,0.0068,0.0055,0.0049,0.0044,0.0039,0.0039,0.0037,0.0036],"undefined":[null,null,null,null,null,null,null,null,null,null,null,null,null,null,null,null,null,null,null,null,null,null,null,null,null,null,null,null,null,null,null,null,null,null,null,null,null,null,null,null,null,null,null,null,null,null,null,null,null,null,null,null,null,null,null,null,null,null,null,null,null,null,null,null,null,null,null,null,null,null,null,null,null,null,null,null,null,null,null,null,null,null],"x2":[0.1244,0.0464,0.023,0.0386,0.0152,0.0152,0.0074,0.0074,0.0074,0.0074,0.0074,0.0074,0.0074,0.0074,0.0074,0.0074,0.0074,0.0074,0.0074,0.0074,-0.3516,-0.3516,-0.3516,0.3585,0.5068,0.5693,0.5146,0.5224,0.5849,0.5458,0.5224,0.6161,0.6473,0.5458,0.5614,0.5849,0.5614,0.6629,0.9673,0.6473,0.538,0.7097,0.6863,0.5536,0.5927,0.5693,0.5302,0.5068,0.5771,1.6228,4.4166,4.5337,11.5261,155.1355,24.1764,3.3943,0.7565,0.3741,0.2961,134.8763,428.3383,121.5314,24.2466,4.6586,146.0594,200.7577,121.828,171.8048,31.9024,3.8157,1.8647,3.9484,3.6206,1.4043,88.4892,121.188,17.5352,2.6451,0.7097,0.3898,0.3663,0.3351],"x3":[8.1145,8.269,8.1837,8.341,8.2648,8.2563,8.247,8.233,8.2207,8.2042,8.189,8.1693,8.2238,8.2157,8.1714,8.0855,8.1481,8.1308,8.1126,8.1006,8.1052,8.0665,8.1619,8.046,8.0236,8.0046,7.9916,7.9919,7.9814,7.9718,7.9616,7.9518,7.9489,7.9458,7.9426,7.9373,7.9332,7.9282,7.9234,7.9193,7.9166,7.9136,7.9086,7.9056,7.9027,7.9013,7.8954,7.8935,7.8938,7.896,7.9089,7.8582,7.8019,7.7648,7.7509,7.7438,7.7437,7.7093,7.7175,7.7022,7.7789,7.846,7.8578,7.8545,7.8562,7.8728,7.8447,7.8237,7.8409,7.8383,7.8512,7.8728,7.8658,7.5842,7.859,7.8549,7.8298,7.8265,7.8612,7.8768,7.8485,7.8937],"x4":[-999,-999,-999,-999,-999,-999,-999,-999,-999,-999,-999,-999,-999,-999,-999,-999,-999,-999,-999,-999,-999,-999,-999,-999,-999,-999,-999,-999,-999,-999,-999,-999,-999,-999,-999,-999,-999,-999,-999,-999,-999,-999,-999,-999,-999,-999,-999,-999,-999,-999,-999,-999,-999,-999,-999,-999,-999,-999,-999,-999,-999,-999,-999,-999,-999,-999,-999,-999,-999,-999,-999,-999,-999,-999,-999,-999,-999,-999,-999,-999,-999,-999],"x5":[8.2414,8.2512,8.257,8.1703,7.7406,7.4144,7.333,7.3395,7.3201,7.3182,7.3259,7.3354,7.3602,7.3712,7.3813,7.3896,7.3926,7.3923,7.4196,7.3107,7.2588,7.2262,7.2147,7.2007,7.2062,7.2096,7.1999,7.1956,7.1843,7.1764,7.1696,7.1442,7.1152,7.0868,7.0619,7.0242,6.9771,6.925,6.8733,6.8195,6.7636,6.7067,6.6407,6.5752,6.5059,6.4373,6.3711,6.3041,6.2391,6.1719,6.1042,6.0346,5.9605,5.8945,5.8137,5.7359,5.6635,5.5982,5.5373,5.4858,5.4877,5.4504,5.3996,5.354,5.3105,5.2593,5.2071,5.1729,5.1259,5.107,5.0717,5.0378,5.0103,4.973,4.9548,4.927,4.901,4.8792,4.8592,4.8495,4.8451,4.851],"x6":[0.0004,0.0003,0.0004,0.0606,0.0717,0.1218,0.0256,0.0064,0.0058,0.0054,0.0052,0.0051,0.0048,0.0047,0.0046,0.0045,0.0044,0.0043,0.0053,0.0202,0.12,0.1199,0.1199,0.1197,0.1199,0.1199,0.1199,0.1199,0.1197,0.1199,0.1199,0.1199,0.1198,0.1198,0.1198,0.1199,0.1198,0.1198,0.1198,0.1199,0.1198,0.1199,0.1199,0.1199,0.1199,0.1198,0.1201,0.1199,0.12,0.1199,0.12,0.1199,0.12,0.1209,0.1209,0.1206,0.1203,0.1201,0.1239,0.1524,0.1318,0.1207,0.1203,0.1112,0.1202,0.1203,0.12,0.0148,0.0099,0.0083,0.0076,0.0071,0.0066,0.0063,0.0071,0.0062,0.0058,0.0054,0.0051,0.005,0.0048,0.0046],"x7":[1,1,1,1,1,0,0,0,0,0,0,0,0,0,0,0,0,0,0,0,0,0,0,0,0,0,0,0,0,0,0,0,0,0,0,0,0,0,0,0,0,0,0,0,0,0,0,0,0,0,0,0,0,0,0,1,1,1,1,1,1,1,1,1,1,1,1,1,1,1,1,1,1,1,1,1,1,1,1,1,1,1],"x8":[1,1,1,1,1,1,0,1,1,1,1,1,1,1,1,1,0,1,1,1,1,1,0,0,0,1,0,0,0,1,0,0,0,0,1,0,0,0,0,0,0,0,0,0,0,0,0,0,0,0,0,0,0,0,0,1,1,1,1,1,1,1,1,1,1,1,1,1,1,1,1,1,1,1,1,1,1,1,1,1,1,1],"x9":[1,1,1,1,1,0,0,0,0,0,0,0,0,0,0,0,0,0,0,0,0,0,0,0,0,0,0,0,0,0,0,0,0,0,0,0,0,0,0,0,0,0,0,0,0,0,0,0,0,0,0,0,0,0,0,1,1,1,1,1,1,1,1,1,1,1,1,1,1,1,1,1,1,1,1,1,1,1,1,1,1,1],"x10":[1,1,1,1,1,0,0,0,0,0,0,0,0,0,0,0,0,0,0,0,0,0,0,0,0,0,0,0,0,0,0,0,0,0,0,0,0,0,0,0,0,0,0,0,0,0,0,0,0,0,0,0,0,0,0,1,1,1,1,1,1,1,1,1,1,1,1,1,1,1,1,1,1,1,1,1,1,1,1,1,1,1],"x11":[1,1,1,1,1,1,1,1,1,1,1,1,1,1,1,1,1,1,1,1,1,1,1,1,1,1,1,1,1,1,1,1,1,1,1,1,1,1,1,1,1,1,1,1,1,1,1,1,1,1,1,1,1,1,1,1,1,1,1,1,1,1,1,1,1,1,1,1,1,1,1,1,1,1,1,1,1,1,1,1,1,1],"x12":[1,1,1,1,1,0,0,0,0,0,0,0,0,0,0,0,0,0,0,0,1,1,1,0,0,0,0,0,0,0,0,0,0,0,0,0,0,0,0,0,0,0,0,0,0,0,0,0,0,0,0,0,0,0,0,1,1,1,1,1,1,1,1,1,1,1,1,1,1,1,1,1,1,1,1,1,1,1,1,1,1,1],