{"M":[1574412187.288,1574412187.692,1574412188.1,1574412188.516,1574412188.92,1574412189.328,1574412189.74,1574412190.148,1574412190.552,1574412190.968,1574412191.372,1574412191.78,1574412192.192,1574412192.6,1574412193.008,1574412193.412,1574412193.828,1574412194.232,1574412194.64,1574412195.052,1574412195.46,1574412195.864,1574412196.28,1574412196.684,1574412197.092,1574412197.508,1574412197.912,1574412198.32,1574412198.732,1574412199.14,1574412199.544,1574412199.96,1574412200.364,1574412200.772,1574412201.18,1574412201.592,1574412202,1574412202.404,1574412202.82,1574412203.224,1574412203.632,1574412204.044,1574412204.452,1574412204.856,1574412205.272,1574412205.68,1574412206.084,1574412206.5,1574412206.904,1574412207.312,1574412207.724,1574412208.132,1574412208.536,1574412208.944,1574412209.356,1574412209.764,1574412210.172,1574412210.584,1574412210.992,1574412211.396,1574412211.812,1574412212.216,1574412212.624,1574412213.036,1574412213.444,1574412213.852,1574412214.264,1574412214.672,1574412215.076,1574412215.484,1574412215.896,1574412216.304,1574412216.708,1574412217.124,1574412217.528,1574412217.936,1574412218.352,1574412218.756,1574412219.164],"y":[null,null,null,null,null,null,null,null,null,null,0.21298174598860264,0.27702426898981225,0.3045584315619636,0.3595247207368657,0.4235670878318607,0.5151436760313881,0.6068222523740516,0.6892208069289317,0.7350089192307506,0.8540176930514656,0.9273401500418983,0.9823064297027937,0.9914844809535853,1.1104933621666229,1.1838162021713878,1.2112483905147657,1.2570368243185694,1.339435734422217,1.3669698383998716,1.3760459184936897,1.4585467656236442,1.5135129203568718,1.540945118960517,1.5775549998862213,1.6233435658436133,1.678310068845684,null,1.7515307119422725,1.8248531134036077,null,1.8798193529146205,1.916428397233739,1.9347839377798892,1.971394314283103,2.0171819619403544,2.0537920657049376,2.0812243406516377,2.0995803837236178,2.1087585968502975,null,null,null,null,null,null,null,null,null,null,null,null,null,null,null,null,null,null,null,null,null,null,null,null,null,null,null,null,null,null],"y1":[-0.0539,-0.0449,-0.0449,-0.0449,-0.0449,-0.0539,-0.0629,-0.0449,0,0.0898,0.1617,0.2245,0.2515,0.3054,0.3682,0.458,0.5479,0.6287,0.6736,0.7903,0.8622,0.9161,0.9251,1.0418,1.1137,1.1406,1.1855,1.2663,1.2933,1.3022,1.3831,1.437,1.4639,1.4998,1.5447,1.5986,1.5986,1.6704,1.7423,1.7423,1.7962,1.8321,1.8501,1.886,1.9309,1.9668,1.9937,2.0117,2.0207,2.0207,2.0117,2.0386,2.0566,2.0386,2.0027,1.8052,1.4908,1.4819,1.2933,0.97,0.961,1.0238,1.0238,1.0508,1.0598,0.8981,0.503,0.467,0.5389,0.467,0.1437,0.018,0.0269,0.0359,0.009,-0.018,0.018,0.018,0.009],"x":[9.1763,9.0844,8.9529,8.8362,8.7331,8.6405,8.5203,9.5559,9.9213,10.0115,10.0469,10.0522,10.0522,10.0504,10.0492,10.0498,10.0504,10.051,10.0492,10.0498,10.0492,10.0486,10.0486,10.051,10.0539,10.0539,10.0551,10.0581,10.0575,10.0575,10.0598,10.0581,10.0581,10.0563,10.0581,10.0581,10.0586,10.0598,10.0592,10.0598,10.0575,10.0504,10.048,10.048,10.0445,10.0439,10.0445,10.0451,10.0451,10.0457,10.0439,10.0457,10.0486,10.0469,10.0457,10.048,10.0575,10.0563,10.0557,10.0528,10.051,10.0522,10.0545,10.0545,10.0533,10.0522,10.0439,10.0439,10.0427,10.0421,10.0427,10.0439,10.0433,10.0439,10.0427,10.0457,10.0404,10.0421,10.0427],"x1":[0.0058,0.0054,0.0051,0.005,0.0048,0.0048,0.0056,0.1755,0.1754,0.1756,0.1756,0.1755,0.1756,0.1756,0.1756,0.1756,0.1756,0.1756,0.1756,0.1756,0.1756,0.1756,0.1756,0.1756,0.1756,0.1756,0.1756,0.1756,0.1756,0.1756,0.1756,0.1756,0.1756,0.1757,0.1757,0.1756,0.1757,0.1757,0.1757,0.1756,0.1756,0.1756,0.1756,0.1756,0.1756,0.1756,0.1756,0.1756,0.1756,0.1756,0.1756,0.1756,0.1756,0.1756,0.1756,0.1756,0.1757,0.1757,0.1756,0.1757,0.1757,0.1757,0.1756,0.1757,0.1757,0.1756,0.1756,0.1756,0.1756,0.1756,0.1756,0.1756,0.1756,0.1756,0.1756,0.1756,0.1756,0.1756,0.1756],"undefined":[null,null,null,null,null,null,null,null,null,null,null,null,null,null,null,null,null,null,null,null,null,null,null,null,null,null,null,null,null,null,null,null,null,null,null,null,null,null,null,null,null,null,null,null,null,null,null,null,null,null,null,null,null,null,null,null,null,null,null,null,null,null,null,null,null,null,null,null,null,null,null,null,null,null,null,null,null,null,null],"x2":[0.1244,0.1478,0.1478,0.14,0.1869,0.1712,0.819,1.3653,0.8346,0.7878,0.6707,0.7644,0.5927,0.6551,0.6005,0.6317,0.6395,0.936,0.6785,0.6863,0.5927,0.5614,0.6161,0.6473,0.6473,0.6161,0.6161,0.5927,0.5927,0.6473,0.6317,0.5693,0.6239,0.6239,0.6551,0.5693,0.5771,0.5849,0.5771,0.5771,0.5849,0.6005,0.6395,0.6629,0.7644,0.6395,0.6005,0.6161,0.6707,0.6161,0.7409,0.7097,0.6707,0.6785,0.6395,4.284,2.0676,0.9907,0.8892,1.5604,0.7644,0.6473,0.6161,0.5849,0.6473,0.6941,0.8502,0.7253,0.8424,0.8424,1.4823,0.9438,0.8112,0.8268,0.8268,0.8112,0.7722,0.7097,0.7097],"x3":[7.9261,7.9306,7.9413,7.9357,7.9437,7.9441,7.9336,7.913,7.9028,7.8996,7.8922,7.8925,7.8964,7.9001,7.8862,7.8908,7.8903,7.8895,7.8879,7.8797,7.8838,7.8912,7.8907,7.8802,7.8831,7.8888,7.8804,7.8816,7.8858,7.8887,7.8817,7.8857,7.8909,7.887,7.8795,7.8781,7.884,7.8688,7.8747,7.8808,7.8787,7.8781,7.8735,7.8752,7.8704,7.8717,7.9339,7.8736,7.8773,7.8811,7.8837,7.8892,7.8865,7.887,7.8836,7.8793,7.8463,7.8618,7.8697,7.8536,7.8413,7.8556,7.8617,7.8687,7.8704,7.8727,7.8524,7.851,7.8469,7.8649,7.8495,7.7638,7.8573,7.8563,7.8473,7.835,7.8459,7.8575,7.8605],"x4":[-999,-999,-999,-999,-999,-999,-999,-999,-999,-999,-999,-999,-999,-999,-999,-999,-999,-999,-999,-999,-999,-999,-999,-999,-999,-999,-999,-999,-999,-999,-999,-999,-999,-999,-999,-999,-999,-999,-999,-999,-999,-999,-999,-999,-999,-999,-999,-999,-999,-999,-999,-999,-999,-999,-999,-999,-999,-999,-999,-999,-999,-999,-999,-999,-999,-999,-999,-999,-999,-999,-999,-999,-999,-999,-999,-999,-999,-999,-999],"x5":[4.3379,4.4023,4.4758,4.5571,4.6405,4.7259,4.8243,4.8107,4.8622,4.9359,5.012,5.0899,5.1654,5.2397,5.3103,5.3699,5.42,5.457,5.4846,5.5027,5.5102,5.5096,5.5029,5.4901,5.4678,5.4429,5.4154,5.3823,5.3474,5.3127,5.2766,5.2384,5.2007,5.1645,5.1272,5.0898,5.0544,5.0199,4.9839,4.9505,4.9191,4.8872,4.8575,4.8291,4.8009,4.773,4.747,4.7196,4.6946,4.6717,4.6499,4.6285,4.6063,4.5849,4.5655,4.5447,4.5319,4.5155,4.4946,4.4845,4.4722,4.4546,4.4412,4.4294,4.4164,4.3996,4.3941,4.384,4.372,4.3572,4.3517,4.3459,4.3399,4.3334,4.3241,4.3137,4.3065,4.2948,4.288],"x6":[0.0071,0.0068,0.0066,0.0065,0.0063,0.0063,0.0067,0.1186,0.1175,0.1173,0.1172,0.1172,0.1172,0.1172,0.1172,0.1172,0.1172,0.1172,0.1173,0.1173,0.1172,0.1172,0.1172,0.1173,0.1172,0.1172,0.1172,0.1172,0.1172,0.1172,0.1172,0.1172,0.1172,0.1173,0.1173,0.1172,0.1173,0.1173,0.1173,0.1172,0.1172,0.1172,0.1173,0.1172,0.1172,0.1172,0.1172,0.1173,0.1172,0.1173,0.1173,0.1172,0.1173,0.1172,0.1173,0.1173,0.1173,0.1173,0.1172,0.1173,0.1173,0.1173,0.1172,0.1173,0.1173,0.1172,0.1173,0.1173,0.1172,0.1173,0.1172,0.1172,0.1173,0.1173,0.1173,0.1173,0.1173,0.1173,0.1173],"x7":[1,1,1,1,1,1,1,1,1,1,0,0,0,0,0,0,0,0,0,0,0,0,0,0,0,0,0,0,0,0,0,0,0,0,0,0,0,0,0,0,0,0,0,0,0,0,0,0,0,0,1,1,1,1,1,1,1,1,1,1,1,1,1,1,1,1,1,1,1,1,1,1,1,1,1,1,1,1,1],"x8":[1,1,1,1,1,1,1,1,1,1,0,0,0,0,0,0,0,0,0,0,0,0,0,0,0,0,0,0,0,0,0,0,0,0,0,0,1,0,0,1,0,0,0,0,0,0,0,0,0,1,1,1,1,1,1,1,1,1,1,1,1,1,1,1,1,1,1,1,1,1,1,1,1,1,1,1,1,1,1],"x9":[1,1,1,1,1,1,1,1,1,1,0,0,0,0,0,0,0,0,0,0,0,0,0,0,0,0,0,0,0,0,0,0,0,0,0,0,0,0,0,0,0,0,0,0,0,0,0,0,0,0,1,1,1,1,1,1,1,1,1,1,1,1,1,1,1,1,1,1,1,1,1,1,1,1,1,1,1,1,1],"x10":[1,1,1,1,1,1,1,1,1,1,0,0,0,0,0,0,0,0,0,0,0,0,0,0,0,0,0,0,0,0,0,0,0,0,0,0,0,0,0,0,0,0,0,0,0,0,0,0,0,0,1,1,1,1,1,1,1,1,1,1,1,1,1,1,1,1,1,1,1,1,1,1,1,1,1,1,1,1,1],"x11":[1,1,1,1,1,1,1,1,1,1,1,1,1,1,1,1,1,1,1,1,1,1,1,1,1,1,1,1,1,1,1,1,1,1,1,1,1,1,1,1,1,1,1,1,1,1,1,1,1,1,1,1,1,1,1,1,1,1,1,1,1,1,1,1,1,1,1,1,1,1,1,1,1,1,1,1,1,1,1],"x12":[1,1,1,1,1,1,1,1,1,1,0,0,0,0,0,0,0,0,0,0,0,0,0,0,0,0,0,0,0,0,0,0,0,0,0,0,0,0,0,0,0,0,0,0,0,0,0,0,0,0,1,1,1,1,1,1,1,1,1,1,1,1,1,1,1,1,1,1,1,1,1,1,1,1,1,1,1,1,1],