{"M":[1575466807.288,1575466807.692,1575466808.108,1575466808.516,1575466808.92,1575466809.336,1575466809.74,1575466810.148,1575466810.552,1575466810.968,1575466811.372,1575466811.78,1575466812.192,1575466812.6,1575466813.008,1575466813.42,1575466813.828,1575466814.232,1575466814.648,1575466815.052,1575466815.46,1575466815.872,1575466816.28,1575466816.688,1575466817.092,1575466817.508,1575466817.912,1575466818.32,1575466818.732,1575466819.14,1575466819.544,1575466819.96,1575466820.364,1575466820.772,1575466821.188,1575466821.592,1575466822,1575466822.412,1575466822.82,1575466823.224,1575466823.64,1575466824.044,1575466824.452,1575466824.856,1575466825.272,1575466825.68,1575466826.084,1575466826.5,1575466826.904,1575466827.312,1575466827.724,1575466828.132,1575466828.536,1575466828.952,1575466829.356,1575466829.764,1575466830.18,1575466830.584,1575466830.992,1575466831.404,1575466831.812,1575466832.216,1575466832.624,1575466833.036,1575466833.444,1575466833.852,1575466834.264,1575466834.672,1575466835.076,1575466835.492,1575466835.896,1575466836.304,1575466836.716,1575466837.124,1575466837.528,1575466837.944,1575466838.352,1575466838.756,1575466839.164,1575466839.576,1575466839.984,1575466840.388,1575466840.804,1575466841.208,1575466841.616,1575466842.028,1575466842.436,1575466842.844,1575466843.256,1575466843.664,1575466844.068,1575466844.484,1575466844.888,1575466845.296,1575466845.708,1575466846.116,1575466846.52,1575466846.928,1575466847.344,1575466847.748,1575466848.156,1575466848.568,1575466848.976,1575466849.38,1575466849.796,1575466850.2,1575466850.608,1575466851.02,1575466851.428,1575466851.836,1575466852.248,1575466852.656,1575466853.06,1575466853.476,1575466853.88,1575466854.288,1575466854.692,1575466855.108,1575466855.516,1575466855.92,1575466856.336,1575466856.74,1575466857.148,1575466857.56,1575466857.968,1575466858.372,1575466858.788,1575466859.192,1575466859.6,1575466860.016,1575466860.42,1575466860.828,1575466861.232,1575466861.648,1575466862.052,1575466862.46,1575466862.872,1575466863.28,1575466863.684,1575466864.1,1575466864.508,1575466864.912,1575466865.328,1575466865.732,1575466866.14,1575466866.552,1575466866.96,1575466867.364,1575466867.78,1575466868.184,1575466868.592,1575466869,1575466869.412,1575466869.82,1575466870.224,1575466870.64,1575466871.044,1575466871.452,1575466871.864,1575466872.272,1575466872.68,1575466873.092],"y":[0.03660613542211029,0.05496018892329888,null,null,null,null,null,null,null,null,null,null,0.2014865874985741,0.33883638775592057,0.4486548429842307,0.549398387728222,0.6409647856829256,0.7142791093942138,0.8150224466288291,0.9249429017102602,0.9707262538908654,1.0439384221926624,1.2362484872990114,1.2820315384014358,1.3278145692663894,1.474341792940118,1.5750867522805185,1.6116931682941462,1.7032599802079067,1.8131806135091588,1.8497866787318455,1.9047467485854601,2.0237425225315655,2.0787026537282864,2.1153088664570445,2.2434814995582286,2.3076185675973275,2.380830678789249,2.5365341747498675,2.6006718258820416,2.6647070750522035,2.8204110058379634,2.930229257191068,2.9577600053331192,3.095109464573972,3.195751766151972,3.2324600691168226,3.34227826590989,3.4430224893133663,3.4888056083332044,3.59862388982596,3.7267951776468693,3.7817552793750426,3.8733215587427985,4.001495195283731,4.056454951571301,4.1204904611074245,4.257840323191908,4.331155922393808,4.440974361973437,4.569148370462255,4.605754574875219,4.688144607051056,4.779710147855806,4.862098809860086,4.9354144036401255,5.026878093367874,5.081837121478591,5.118443936234662,5.219186833257258,5.246615758762034,5.283222815469581,5.411394611060387,5.475532387610445,5.55792296466871,5.722700444816062,5.805089424177219,5.860050611950269,5.979045275994498,6.061434477222106,6.143824156873233,6.2810726008811635,6.308601936103168,6.317677772453104,6.427598037772026,6.482456885176154,6.5190622870278725,6.601451979002113,6.702197088444045,6.729626529545894,6.775408662542481,6.912756324788324,6.958536115675199,7.0225693374531755,7.187335866149785,7.242284950932327,7.306314073928661,7.452737753481539,7.516875049277917,7.562549292080839,7.709041428044791,7.800495764767654,7.83720101214117,7.946988795010137,8.029373639452382,8.056780289039319,8.065954061414468,8.111739373717672,8.120816622938683,null,null,null,null,null,null,null,null,null,null,null,null,null,null,null,null,null,null,null,null,null,null,null,null,null,null,null,null,null,null,null,null,null,null,null,null,null,null,null,null,null,null,null,null,null,null,null,null,null,null,null,null,null],"y1":[1.491,1.509,1.509,1.491,1.4551,1.4551,1.4551,1.464,1.464,1.4551,1.4551,1.5,1.6527,1.7874,1.8951,1.9939,2.0837,2.1556,2.2544,2.3622,2.4071,2.4789,2.6675,2.7124,2.7573,2.901,2.9998,3.0357,3.1255,3.2333,3.2692,3.3231,3.4398,3.4937,3.5296,3.6553,3.7182,3.79,3.9427,4.0056,4.0684,4.2211,4.3288,4.3558,4.4905,4.5892,4.6252,4.7329,4.8317,4.8766,4.9843,5.11,5.1639,5.2537,5.3794,5.4333,5.4961,5.6308,5.7027,5.8104,5.9361,5.972,6.0528,6.1426,6.2234,6.2953,6.385,6.4389,6.4748,6.5736,6.6005,6.6364,6.7621,6.825,6.9058,7.0674,7.1482,7.2021,7.3188,7.3996,7.4804,7.615,7.642,7.6509,7.7587,7.8125,7.8484,7.9292,8.028,8.0549,8.0998,8.2345,8.2794,8.3422,8.5038,8.5577,8.6205,8.7641,8.827,8.8718,9.0155,9.1052,9.1412,9.2489,9.3297,9.3566,9.3656,9.4105,9.4194,9.4194,9.4464,9.4643,9.4912,9.4733,9.4912,9.4912,9.4643,9.4643,9.2938,9.186,9.0065,8.6744,8.6384,8.2794,8.1357,7.8395,7.5522,7.3098,6.9866,6.7442,6.412,6.2234,5.8553,5.6667,5.2807,5.1011,4.7419,4.6611,4.266,4.1313,3.799,3.6913,3.4757,3.2063,3.1794,2.8292,2.8292,2.6585,2.3801,2.3801,2.0478,1.9221,1.7964,1.5718,1.6077,1.5449,1.5359,1.5449,1.5539,1.5359,1.491,1.482],"x":[8.6718,8.6724,8.6724,8.6688,8.6547,8.6211,8.4961,8.3128,8.2338,8.1778,8.2232,8.5845,8.6653,8.6806,8.68,8.6836,8.6836,8.6841,8.6824,8.6824,8.6847,8.6824,8.6853,8.6836,8.6818,8.6877,8.7012,8.703,8.7054,8.7054,8.7042,8.7024,8.703,8.7018,8.7018,8.7012,8.6995,8.6977,8.6959,8.6977,8.6971,8.6977,8.6971,8.6953,8.6942,8.6965,8.6971,8.6965,8.6983,8.6989,8.6965,8.6912,8.6906,8.69,8.6936,8.6918,8.6924,8.693,8.6971,8.6977,8.7007,8.7018,8.7024,8.6995,8.6983,8.7007,8.6983,8.6959,8.6965,8.6948,8.6953,8.6965,8.6953,8.6965,8.6983,8.6959,8.6948,8.6959,8.6936,8.6942,8.6948,8.6953,8.6924,8.693,8.6924,8.6936,8.693,8.6936,8.6959,8.6965,8.6953,8.69,8.683,8.6788,8.6547,8.634,8.6223,8.6205,8.6211,8.6093,8.5527,8.5285,8.525,8.5238,8.5409,8.5539,8.5621,8.5674,8.5716,8.5804,8.5869,8.5922,8.5969,8.6016,8.6046,8.6081,8.6117,8.6164,8.5975,8.5934,8.5515,8.6158,8.6329,8.6688,8.6853,8.6895,8.6918,8.6936,8.6936,8.6936,8.6953,8.6936,8.6953,8.6918,8.6959,8.6959,8.6971,8.6977,8.6965,8.6995,8.6965,8.6977,8.7001,8.6983,8.7018,8.7007,8.6995,8.6989,8.7018,8.6971,8.6983,8.6965,8.6942,8.6965,8.7001,8.7007,8.7172,8.7242,8.7177,8.7136,8.7048,8.703],"x1":[0.1736,0.1737,0.1737,0.1736,0.0138,0.0099,0.0082,0.0073,0.0066,0.0061,0.1711,0.1736,0.1737,0.1737,0.1737,0.1737,0.1737,0.1737,0.1737,0.1737,0.1737,0.1737,0.1737,0.1737,0.1737,0.1737,0.1737,0.1737,0.1738,0.1738,0.1738,0.1738,0.1738,0.1738,0.1738,0.1738,0.1738,0.1738,0.1738,0.1738,0.1738,0.1738,0.1738,0.1738,0.1738,0.1738,0.1738,0.1738,0.1738,0.1738,0.1738,0.1738,0.1738,0.1738,0.1738,0.1738,0.1738,0.1738,0.1738,0.1738,0.1738,0.1738,0.1738,0.1738,0.1738,0.1738,0.1738,0.1738,0.1738,0.1738,0.1738,0.1738,0.1738,0.1738,0.1738,0.1738,0.1738,0.1738,0.1738,0.1738,0.1738,0.1738,0.1738,0.1738,0.1737,0.1738,0.1738,0.1738,0.1738,0.1738,0.1738,0.1738,0.1737,0.1737,0.1736,0.1736,0.1736,0.1735,0.1735,0.1734,0.1741,0.1732,0.1733,0.1798,0.1827,0.1893,0.191,0.191,0.1911,0.1911,0.1911,0.191,0.1909,0.1909,0.1909,0.191,0.1911,0.1908,0.1876,0.1868,0.1736,0.1738,0.1739,0.1738,0.1738,0.1738,0.1738,0.1738,0.1738,0.1738,0.1738,0.1738,0.1738,0.1738,0.1738,0.1738,0.1738,0.1738,0.1738,0.1738,0.1738,0.1738,0.1738,0.1738,0.1738,0.1738,0.1738,0.1738,0.1738,0.1738,0.1738,0.1737,0.1738,0.1738,0.1738,0.1738,0.1739,0.1739,0.1739,0.1738,0.1738,0.1738],