{"M":[1575467812.288,1575467812.692,1575467813.1,1575467813.516,1575467813.92,1575467814.328,1575467814.74,1575467815.148,1575467815.552,1575467815.968,1575467816.372,1575467816.78,1575467817.192,1575467817.6,1575467818.008,1575467818.42,1575467818.828,1575467819.232,1575467819.648,1575467820.052,1575467820.46,1575467820.864,1575467821.28,1575467821.684,1575467822.092,1575467822.508,1575467822.912,1575467823.32,1575467823.732,1575467824.14,1575467824.544,1575467824.96,1575467825.364,1575467825.772,1575467826.188,1575467826.592,1575467827,1575467827.404,1575467827.82,1575467828.224,1575467828.632,1575467829.044,1575467829.452,1575467829.856,1575467830.272,1575467830.68,1575467831.084,1575467831.5,1575467831.904,1575467832.312,1575467832.724,1575467833.132,1575467833.536,1575467833.952,1575467834.356,1575467834.764,1575467835.172,1575467835.584,1575467835.992,1575467836.396,1575467836.812,1575467837.216,1575467837.624,1575467838.036,1575467838.444,1575467838.852,1575467839.264,1575467839.672,1575467840.076,1575467840.492,1575467840.896,1575467841.304,1575467841.716,1575467842.124,1575467842.528,1575467842.936,1575467843.352,1575467843.756,1575467844.164,1575467844.576,1575467844.984,1575467845.388,1575467845.804,1575467846.208,1575467846.616,1575467847.028,1575467847.436,1575467847.844,1575467848.256,1575467848.664],"y":[null,null,null,null,null,null,null,null,null,null,null,null,null,null,null,null,null,null,null,null,null,null,null,null,null,null,null,null,null,null,null,null,null,null,null,null,null,0.08236154536403979,0.2014578213061605,0.31137763102978705,0.4395491177610117,0.5494683463717921,0.677639660865658,0.741776333155596,0.8149876585308042,0.9065529123901526,0.9615115943387326,1.0714304180360443,1.1904240754926023,1.2179543564505255,1.3003425604884622,1.4285130285268677,1.4560419790391335,1.565857082031428,1.684951309129474,1.7307334272667503,1.8406522558510736,1.932216869458091,1.9412924778924907,2.0786390646712585,2.197734102786127,2.215985988987005,2.3167273029606847,2.4174710590728035,2.4448999364687998,2.508983896801285,2.5364154511235024,null,null,null,null,null,null,null,null,null,null,null,null,null,null,null,null,null,null,null,null,null,null,null],"y1":[1.5269,1.5269,1.509,1.509,1.509,1.5449,1.5449,1.5269,1.5359,1.5449,1.5269,1.5269,1.5269,1.5269,1.509,1.509,1.5449,1.5539,1.5359,1.5449,1.5359,1.5269,1.5449,1.5359,1.5359,1.5359,1.5449,1.5359,1.5,1.5,1.509,1.5179,1.5179,1.491,1.509,1.509,1.509,1.6077,1.7245,1.8323,1.958,2.0658,2.1915,2.2544,2.3262,2.416,2.4699,2.5777,2.6944,2.7214,2.8022,2.9279,2.9549,3.0626,3.1794,3.2243,3.3321,3.4219,3.4308,3.5655,3.6823,3.7002,3.799,3.8978,3.9247,3.9876,4.0145,4.0325,4.0774,4.1043,4.1043,4.1043,4.0594,3.8978,3.8439,3.6104,3.4308,3.2512,3.0267,2.9279,2.6136,2.416,2.0658,1.8772,1.6886,1.6616,1.5628,1.5269,1.5179,1.5179],"x":[8.5551,8.5568,8.5568,8.5574,8.5598,8.5586,8.5527,8.5303,8.5185,8.5274,8.5356,8.5303,8.5274,8.5291,8.5303,8.5274,8.5244,8.5238,8.525,8.5179,8.5073,8.5003,8.5014,8.4944,8.4926,8.4949,8.5038,8.5415,8.5262,8.4714,8.4095,8.3464,8.3158,8.245,8.1071,7.5996,8.39,8.5386,8.538,8.5586,8.5598,8.5521,8.5504,8.5504,8.5445,8.5403,8.525,8.5179,8.5115,8.5067,8.5038,8.4985,8.4814,8.4614,8.4496,8.4466,8.4466,8.4454,8.4507,8.4448,8.4413,8.4419,8.4378,8.4502,8.4513,8.535,8.5845,8.6364,8.7089,8.7973,8.8686,8.9181,8.9441,8.9553,8.6688,8.459,8.4466,8.4472,8.4549,8.4637,8.4979,8.5073,8.5321,8.5409,8.5415,8.5509,8.505,8.5333,8.5079,8.4961],"x1":[0.1731,0.1731,0.1731,0.1731,0.1732,0.1731,0.1731,0.173,0.173,0.173,0.173,0.173,0.1731,0.1731,0.1731,0.1731,0.173,0.1731,0.1731,0.1731,0.173,0.1729,0.1729,0.1729,0.1729,0.1729,0.173,0.1731,0.0212,0.0107,0.0088,0.008,0.0071,0.0066,0.006,0.0056,0.1731,0.1731,0.1731,0.1732,0.1731,0.1731,0.1731,0.1731,0.173,0.173,0.1729,0.1728,0.1728,0.1728,0.1728,0.1727,0.1728,0.1724,0.1725,0.1725,0.1724,0.1724,0.1725,0.1724,0.1724,0.1724,0.1724,0.1724,0.1724,0.22,0.224,0.2273,0.2315,0.2327,0.2328,0.2326,0.2175,0.2173,0.1964,0.1726,0.1727,0.1725,0.1726,0.1728,0.1728,0.1729,0.173,0.173,0.173,0.1729,0.173,0.173,0.173,0.1728],"undefined":[null,null,null,null,null,null,null,null,null,null,null,null,null,null,null,null,null,null,null,null,null,null,null,null,null,null,null,null,null,null,null,null,null,null,null,null,null,null,null,null,null,null,null,null,null,null,null,null,null,null,null,null,null,null,null,null,null,null,null,null,null,null,null,null,null,null,null,null,null,null,null,null,null,null,null,null,null,null,null,null,null,null,null,null,null,null,null,null,null,null],"x2":[0.6629,0.6629,0.7019,0.7644,0.6239,0.6473,0.6551,0.6707,0.5771,0.5849,0.6473,0.6395,0.6083,0.6629,0.6551,0.5849,0.6707,0.6161,0.6161,0.6785,0.6473,0.6239,0.6785,0.6161,0.6551,0.6629,0.6317,0.7878,195.4276,46.371,9.6141,5.7745,6.1335,7.7724,11.5963,34.6103,6.4691,1.3653,0.7722,0.7175,0.6629,0.7019,0.5927,0.6161,0.6395,0.6395,0.6239,0.6161,0.5849,0.6161,0.5849,0.5693,0.6395,0.6161,0.5849,0.6005,0.5927,0.5849,0.5771,0.5536,0.5302,0.5927,0.5614,0.6317,49.6643,25.7996,3.2148,0.4522,0.1166,0.0698,0.0542,0.0464,0.0464,74.2859,185.3604,50.8739,17.4337,3.5504,2.6607,1.5682,1.0297,0.8034,0.6863,0.6473,0.5927,0.6317,0.6941,0.6863,0.6005,0.5927],"x3":[8.0922,8.0942,8.0951,8.0956,8.0957,8.0969,8.0972,8.0966,8.0986,8.0985,8.0955,8.0906,8.0841,8.0783,8.074,8.0703,8.0703,8.0707,8.0714,8.0722,8.0722,8.0729,8.0732,8.0723,8.0731,8.0723,8.072,7.9806,8.0684,8.0576,8.0509,8.063,8.0634,8.0629,8.0665,8.0584,8.0526,8.0546,8.0513,8.0486,8.0536,8.0402,8.0397,8.0422,8.0348,8.0355,8.0392,8.0287,8.0308,8.0333,8.0217,8.0258,8.0275,8.0186,8.0253,8.025,8.0155,8.0203,8.0165,8.0072,8.0134,8.0126,8.0037,8.1638,8.2014,8.1822,8.1587,8.1375,8.1333,8.1602,8.16,8.1549,8.1844,8.1359,8.1594,8.1607,8.1203,8.1277,8.1024,8.0828,8.0843,8.0766,8.0477,7.98,7.8032,8.1683,8.0714,7.9932,8.0056,7.9996],"x4":[-999,-999,-999,-999,-999,-999,-999,-999,-999,-999,-999,-999,-999,-999,-999,-999,-999,-999,-999,-999,-999,-999,-999,-999,-999,-999,-999,-999,-999,-999,-999,-999,-999,-999,-999,-999,-999,-999,-999,-999,-999,-999,-999,-999,-999,-999,-999,-999,-999,-999,-999,-999,-999,-999,-999,-999,-999,-999,-999,-999,-999,-999,-999,-999,-999,-999,-999,-999,-999,-999,-999,-999,-999,-999,-999,-999,-999,-999,-999,-999,-999,-999,-999,-999,-999,-999,-999,-999,-999,-999],"x5":[3.5157,3.5162,3.5166,3.5172,3.5174,3.5178,3.5187,3.5206,3.5202,3.5191,3.518,3.5185,3.5187,3.5182,3.5181,3.5187,3.519,3.519,3.5186,3.5192,3.5197,3.52,3.5199,3.5198,3.5203,3.5201,3.5193,3.5137,3.5103,3.5032,3.5057,3.5023,3.5063,3.5127,3.5231,3.5662,3.5108,3.5069,3.5112,3.5108,3.5107,3.5135,3.5154,3.5185,3.5235,3.5267,3.5305,3.5325,3.5355,3.5408,3.5445,3.5467,3.5475,3.5503,3.5506,3.5519,3.5529,3.5551,3.5568,3.558,3.5586,3.5596,3.56,3.5586,3.5599,3.5554,3.5546,3.5508,3.5441,3.5352,3.5295,3.527,3.5268,3.5248,3.5454,3.5582,3.5568,3.5529,3.5473,3.5357,3.5258,3.5106,3.5001,3.49,3.4759,3.4591,3.4472,3.426,3.4169,3.4105],"x6":[0.1199,0.1199,0.1199,0.1199,0.1199,0.1199,0.1199,0.1199,0.1199,0.1199,0.1199,0.1199,0.12,0.1199,0.1199,0.1199,0.1199,0.12,0.12,0.12,0.12,0.1199,0.1199,0.12,0.1199,0.12,0.12,0.1199,0.0162,0.0096,0.0085,0.008,0.0075,0.0071,0.0067,0.0063,0.1204,0.1199,0.12,0.1199,0.1199,0.1199,0.1199,0.1199,0.1199,0.1199,0.1199,0.1198,0.1198,0.1199,0.1198,0.1198,0.1199,0.1197,0.1198,0.1198,0.1197,0.1198,0.1198,0.1198,0.1198,0.1198,0.1197,0.1197,0.1197,0.1533,0.1559,0.158,0.1607,0.1612,0.161,0.1606,0.1498,0.1497,0.1359,0.1198,0.1199,0.1198,0.1198,0.12,0.1199,0.1199,0.1199,0.1198,0.1199,0.1198,0.12,0.1199,0.1199,0.1199],"x7":[1,1,1,1,1,1,1,1,1,1,1,1,1,1,1,1,1,1,1,1,1,1,1,1,1,1,1,1,1,1,1,1,1,1,1,1,1,0,0,0,0,0,0,0,0,0,0,0,0,0,0,0,0,0,0,0,0,0,0,0,0,0,0,0,0,0,0,1,1,1,1,1,1,1,1,1,1,1,1,1,1,1,1,1,1,1,1,1,1,1],"x8":[1,1,1,1,1,1,1,1,1,1,1,1,1,1,1,1,1,1,1,1,1,1,1,1,1,1,1,1,1,1,1,1,1,1,1,1,1,0,0,0,0,0,0,0,0,0,0,0,0,0,0,0,0,0,0,0,0,0,0,0,0,0,0,0,0,0,0,1,1,1,1,1,1,1,1,1,1,1,1,1,1,1,1,1,1,1,1,1,1,1],