{"M":[1575372097.288,1575372097.692,1575372098.108,1575372098.516,1575372098.92,1575372099.328,1575372099.74,1575372100.148,1575372100.552,1575372100.968,1575372101.372,1575372101.78,1575372102.192,1575372102.6,1575372103.008,1575372103.42,1575372103.828,1575372104.232,1575372104.648,1575372105.052,1575372105.46,1575372105.872,1575372106.28,1575372106.688,1575372107.092,1575372107.508,1575372107.912,1575372108.32,1575372108.732,1575372109.14,1575372109.544,1575372109.96,1575372110.364,1575372110.772,1575372111.188,1575372111.592,1575372112,1575372112.412,1575372112.82,1575372113.224,1575372113.632,1575372114.044,1575372114.452,1575372114.856,1575372115.272,1575372115.68,1575372116.084,1575372116.5,1575372116.904,1575372117.312,1575372117.724,1575372118.132,1575372118.536,1575372118.952,1575372119.356,1575372119.764,1575372120.18,1575372120.584,1575372120.992,1575372121.396,1575372121.812,1575372122.216,1575372122.624,1575372123.036,1575372123.444,1575372123.852,1575372124.264,1575372124.672,1575372125.076,1575372125.492,1575372125.896,1575372126.304,1575372126.716,1575372127.124,1575372127.528,1575372127.944,1575372128.352,1575372128.756,1575372129.164,1575372129.576,1575372129.984,1575372130.388],"y":[null,null,null,null,null,null,null,0.018355047181188883,null,null,null,0.027533328989465356,null,null,0.036606075996085265,0.18313313296050918,0.3388372960122965,0.4853641084885245,0.6502448288755694,0.8150243996311313,0.9799055120116693,1.0898261495731691,1.2362515036373392,1.3187432065491695,1.4285616516705402,1.5842657522710368,1.6941866429098211,1.8315366700495717,1.9505326647110588,2.0696301432626445,2.206980727646001,2.3443301298308574,2.5091028167668945,2.628090964921664,2.719654767711091,2.802141669954187,2.8845257951755405,3.021864671644297,3.0950705581931146,3.1958117695537367,3.2873763787457677,3.3881255476231447,3.4705192146569437,3.507126696551709,3.5437532982647713,3.5712028119695494,3.5803906629641307,3.607934873392558,3.671978719769736,null,null,null,null,null,null,null,null,null,null,null,null,null,null,null,null,null,null,null,null,null,null,null,null,null,null,null,null,null,null,null,null,null],"y1":[1.491,1.491,1.464,1.482,1.482,1.473,1.491,1.5,1.482,1.482,1.491,1.509,1.491,1.482,1.5179,1.6616,1.8143,1.958,2.1197,2.2813,2.443,2.5508,2.6944,2.7753,2.883,3.0357,3.1435,3.2782,3.3949,3.5117,3.6464,3.7811,3.9427,4.0594,4.1492,4.2301,4.3109,4.4456,4.5174,4.6162,4.706,4.8048,4.8856,4.9215,4.9574,4.9843,4.9933,5.0203,5.0831,5.0921,5.1011,5.11,5.0831,5.0831,5.0023,4.9394,4.6341,4.2211,3.9696,3.7811,3.5386,3.2333,2.883,2.8022,2.6136,2.2813,2.0658,1.8682,1.8143,1.7964,1.7604,1.5359,1.5269,1.509,1.5,1.5,1.5,1.5179,1.5,1.5,1.5359,1.5269],"x":[1.906,1.8847,1.8759,1.8847,1.9066,1.9213,6.1049,8.1478,8.3441,8.5669,8.6812,8.6564,8.4843,8.2916,8.6441,8.703,8.7119,8.7089,8.703,8.7119,8.7124,8.7113,8.7154,8.716,8.7148,8.7142,8.7166,8.7172,8.7172,8.716,8.7201,8.7166,8.6812,8.6411,8.6299,8.6087,8.5857,8.5397,8.5138,8.5091,8.5061,8.5144,8.5604,8.5981,8.6865,8.7661,8.8179,8.8792,8.914,8.9382,8.9541,8.9647,8.9771,8.9859,8.9712,8.9346,8.5663,8.5692,8.6452,8.6724,8.7054,8.713,8.7172,8.7242,8.7177,8.7095,8.7065,8.7083,8.706,8.6983,8.6959,8.6729,8.4767,8.0505,7.7535,7.7028,7.6161,7.5112,7.4405,7.388,7.3533,7.302],"x1":[0.0002,0.0002,0.0002,0.0002,0.0002,0.0002,0.0244,0.0066,0.0081,0.1713,0.1724,0.019,0.0101,0.0085,0.173,0.1729,0.1729,0.1732,0.1733,0.1733,0.1733,0.1733,0.1733,0.1731,0.1733,0.1733,0.1733,0.1734,0.1732,0.1734,0.1733,0.1734,0.1733,0.1731,0.1733,0.1732,0.1733,0.1732,0.1732,0.1732,0.1731,0.1706,0.1737,0.1778,0.1787,0.1789,0.1805,0.1822,0.1831,0.1833,0.1836,0.1843,0.1849,0.1836,0.2085,0.2297,0.1746,0.1737,0.1736,0.1735,0.1735,0.1735,0.1735,0.1735,0.1735,0.1735,0.1735,0.1734,0.1734,0.1734,0.1735,0.0157,0.0117,0.0087,0.0073,0.0069,0.0061,0.0053,0.0048,0.0048,0.0045,0.0039],"undefined":[null,null,null,null,null,null,null,null,null,null,null,null,null,null,null,null,null,null,null,null,null,null,null,null,null,null,null,null,null,null,null,null,null,null,null,null,null,null,null,null,null,null,null,null,null,null,null,null,null,null,null,null,null,null,null,null,null,null,null,null,null,null,null,null,null,null,null,null,null,null,null,null,null,null,null,null,null,null,null,null,null,null],"x2":[-0.0161,-0.0161,-0.0161,-0.0161,-0.0161,0.5146,96.6678,72.7641,-0.3516,-0.3516,-0.3516,72.4988,21.1328,29.0149,123.2405,19.8295,3.0197,0.9595,0.7331,0.6863,0.6239,0.6083,0.5536,0.5458,0.5614,0.5224,0.5302,0.5927,0.6083,0.6629,0.6239,0.6005,0.6005,0.5458,0.5849,0.538,0.6161,0.5614,0.6005,0.5693,0.5224,212.534,57.5151,11.3934,2.1066,0.7175,0.5302,0.5927,0.5224,0.421,0.3663,0.3273,0.3039,0.2727,0.8034,261.3559,71.3282,13.5707,2.7154,1.0609,0.7722,0.7253,0.8268,0.8034,0.7019,0.6005,0.6005,0.6239,0.5536,0.5927,19.1194,121.2427,17.5118,2.3408,3.6362,4.3386,2.7856,5.5404,2.6139,0.4054,0.0776,0.0386],"x3":[7.9491,7.932,7.9572,7.9733,7.9619,8.4924,8.5324,8.5166,8.4942,8.4797,8.4423,8.388,8.3503,8.3266,8.2614,8.231,8.2086,8.1692,8.1413,8.1168,8.1021,8.0822,8.0667,8.0588,8.0386,8.028,8.0109,7.9952,7.9906,7.976,7.966,7.9538,7.937,7.9403,7.9315,7.9276,7.9168,7.9086,7.9037,7.8871,7.8896,8.0238,8.0512,8.055,8.033,8.0576,8.0258,8.0219,8,8.0031,8.0014,7.9958,7.9648,8.0098,7.9032,7.774,7.9047,7.9357,7.9367,7.9226,7.9168,7.9172,7.8829,7.8958,7.8745,7.8719,7.8753,7.9041,7.9315,7.8663,7.9806,7.8484,7.854,7.8594,7.8688,7.8651,7.8696,7.8891,7.8574,7.8736,7.8816,7.8669],"x4":[-999,-999,-999,-999,-999,-999,-999,-999,-999,-999,-999,-999,-999,-999,-999,-999,-999,-999,-999,-999,-999,-999,-999,-999,-999,-999,-999,-999,-999,-999,-999,-999,-999,-999,-999,-999,-999,-999,-999,-999,-999,-999,-999,-999,-999,-999,-999,-999,-999,-999,-999,-999,-999,-999,-999,-999,-999,-999,-999,-999,-999,-999,-999,-999,-999,-999,-999,-999,-999,-999,-999,-999,-999,-999,-999,-999,-999,-999,-999,-999,-999,-999],"x5":[8.1304,8.1219,8.128,8.1098,8.0892,8.1341,7.6117,7.3312,7.3113,7.2842,7.2941,7.3228,7.3536,7.3868,7.3473,7.3605,7.3628,7.3629,7.3727,7.36,7.3449,7.3232,7.2915,7.2615,7.2297,7.1901,7.1504,7.1057,7.057,7.0099,6.9501,6.8877,6.8253,6.7566,6.6852,6.6199,6.5566,6.4954,6.4299,6.3635,6.2958,6.2292,6.1656,6.1016,6.0245,5.9511,5.8805,5.8146,5.7564,5.7011,5.6512,5.6076,5.5696,5.5387,5.5196,5.5132,5.5617,5.5672,5.5706,5.5865,5.6081,5.637,5.6688,5.6904,5.7153,5.7391,5.7541,5.7636,5.7646,5.7671,5.7615,5.7565,5.757,5.7863,5.8007,5.7816,5.7614,5.7358,5.6919,5.6475,5.6085,5.5684],"x6":[-0.0003,-0.0004,-0.0004,-0.0004,-0.0003,-0.0003,0.0181,0.0071,0.0081,0.1186,0.119,0.0148,0.0093,0.0083,0.1195,0.1193,0.1193,0.1195,0.1196,0.1195,0.1195,0.1195,0.1195,0.1194,0.1196,0.1195,0.1196,0.1196,0.1195,0.1196,0.1196,0.1196,0.1197,0.1197,0.1198,0.1198,0.1199,0.12,0.1201,0.1201,0.1201,0.1182,0.1203,0.123,0.1234,0.1233,0.1242,0.1253,0.1258,0.1258,0.126,0.1265,0.1269,0.1259,0.1434,0.1585,0.1209,0.1203,0.1199,0.1198,0.1197,0.1197,0.1197,0.1197,0.1197,0.1197,0.1197,0.1197,0.1197,0.1197,0.1197,0.0128,0.0103,0.0083,0.0073,0.0071,0.0065,0.006,0.0057,0.0057,0.0055,0.0052],"x7":[1,1,1,1,1,1,1,0,0,0,0,0,0,0,0,0,0,0,0,0,0,0,0,0,0,0,0,0,0,0,0,0,0,0,0,0,0,0,0,0,0,0,0,0,0,0,0,0,0,1,1,1,1,1,1,1,1,1,1,1,1,1,1,1,1,1,1,1,1,1,1,1,1,1,1,1,1,1,1,1,1,1],"x8":[1,1,1,1,1,1,1,0,1,1,1,0,1,1,0,0,0,0,0,0,0,0,0,0,0,0,0,0,0,0,0,0,0,0,0,0,0,0,0,0,0,0,0,0,0,0,0,0,0,1,1,1,1,1,1,1,1,1,1,1,1,1,1,1,1,1,1,1,1,1,1,1,1,1,1,1,1,1,1,1,1,1],"x9":[1,1,1,1,1,1,1,0,0,0,0,0,0,0,0,0,0,0,0,0,0,0,0,0,0,0,0,0,0,0,0,0,0,0,0,0,0,0,0,0,0,0,0,0,0,0,0,0,0,1,1,1,1,1,1,1,1,1,1,1,1,1,1,1,1,1,1,1,1,1,1,1,1,1,1,1,1,1,1,1,1,1],"x10":[1,1,1,1,1,1,1,0,0,0,0,0,0,0,0,0,0,0,0,0,0,0,0,0,0,0,0,0,0,0,0,0,0,0,0,0,0,0,0,0,0,0,0,0,0,0,0,0,0,1,1,1,1,1,1,1,1,1,1,1,1,1,1,1,1,1,1,1,1,1,1,1,1,1,1,1,1,1,1,1,1,1],"x11":[1,1,1,1,1,1,1,1,1,1,1,1,1,1,1,1,1,1,1,1,1,1,1,1,1,1,1,1,1,1,1,1,1,1,1,1,1,1,1,1,1,1,1,1,1,1,1,1,1,1,1,1,1,1,1,1,1,1,1,1,1,1,1,1,1,1,1,1,1,1,1,1,1,1,1,1,1,1,1,1,1,1],