{"M":[1575372336.288,1575372336.692,1575372337.1,1575372337.516,1575372337.92,1575372338.328,1575372338.74,1575372339.148,1575372339.552,1575372339.96,1575372340.372,1575372340.78,1575372341.184,1575372341.6,1575372342.008,1575372342.412,1575372342.828,1575372343.232,1575372343.64,1575372344.052,1575372344.46,1575372344.864,1575372345.28,1575372345.684,1575372346.092,1575372346.5,1575372346.912,1575372347.32,1575372347.724,1575372348.14,1575372348.544,1575372348.952,1575372349.364,1575372349.772,1575372350.18,1575372350.592,1575372351,1575372351.404,1575372351.82,1575372352.224,1575372352.632,1575372353.044,1575372353.452,1575372353.856,1575372354.264,1575372354.68,1575372355.084,1575372355.492,1575372355.904,1575372356.312,1575372356.716,1575372357.132,1575372357.536,1575372357.944,1575372358.356,1575372358.764,1575372359.172,1575372359.584,1575372359.992,1575372360.396,1575372360.812],"y":[null,null,null,null,null,0.009176771314789254,0.06413679625068582,0.11909732346059443,0.20148695763666757,0.22901822892031717,null,0.2564473881809982,0.30223053945123346,0.3571907584868623,0.40297387041330734,0.448757234486571,0.5037178208757017,0.5495006889818114,0.6044606090919357,0.6228150848089017,0.6502437823048612,0.7234565310275043,0.7601652539733516,0.7967718620003778,0.8517319161487774,0.9157676916468448,0.9799051208238169,1.0622945108724953,1.1080778872203831,1.153860797003535,1.217998465013841,1.3003884126372285,1.373703560298661,1.4560967905152162,1.4927058150965746,null,null,null,null,null,null,null,null,null,null,null,null,null,null,null,null,null,null,null,null,null,null,null,null,null,null],"y1":[1.5628,1.5539,1.5449,1.5449,1.5628,1.5718,1.6257,1.6796,1.7604,1.7874,1.7874,1.8143,1.8592,1.9131,1.958,2.0029,2.0568,2.1017,2.1556,2.1736,2.2005,2.2723,2.3083,2.3442,2.3981,2.4609,2.5238,2.6046,2.6495,2.6944,2.7573,2.8381,2.91,2.9908,3.0267,3.0716,3.1076,3.1255,3.1165,3.0626,2.8741,2.6316,2.4789,2.2993,2.0209,1.9131,1.8323,1.5808,1.5359,1.5269,1.5359,1.5449,1.5269,1.5359,1.5449,1.5449,1.5449,1.5359,1.5269,1.5449,1.5359],"x":[2.1523,2.1199,2.0952,2.1317,7.1564,8.2663,8.5751,8.6594,8.6836,8.6912,8.6959,8.6965,8.6918,8.6895,8.6865,8.6912,8.7001,8.69,8.683,8.6912,8.6824,8.6906,8.7001,8.7071,8.7036,8.7095,8.7101,8.7083,8.7095,8.706,8.7095,8.7142,8.7213,8.7543,8.8492,8.9865,9.059,9.0967,9.1203,9.0991,8.8144,8.7219,8.7077,8.6965,8.6918,8.6906,8.683,8.6688,8.5722,8.3853,8.0771,7.9203,7.8478,7.7376,7.615,7.4912,7.3397,7.2336,7.1482,7.0303,6.9436],"x1":[0.0011,0.0011,0.0011,0.0278,0.1723,0.1726,0.1727,0.1732,0.1728,0.1726,0.1731,0.1733,0.1732,0.1733,0.1733,0.1735,0.1735,0.1735,0.1735,0.1735,0.1736,0.1736,0.1735,0.1735,0.1736,0.1736,0.1737,0.1736,0.1737,0.1737,0.1738,0.1738,0.1738,0.1737,0.1832,0.1945,0.1965,0.1947,0.1922,0.189,0.1738,0.1786,0.1738,0.1738,0.1738,0.1738,0.1738,0.0352,0.0129,0.01,0.008,0.0069,0.0061,0.0059,0.0056,0.0051,0.0049,0.0144,0.0087,0.0064,0.0058],"undefined":[null,null,null,null,null,null,null,null,null,null,null,null,null,null,null,null,null,null,null,null,null,null,null,null,null,null,null,null,null,null,null,null,null,null,null,null,null,null,null,null,null,null,null,null,null,null,null,null,null,null,null,null,null,null,null,null,null,null,null,null,null],"x2":[0.0776,0.3117,0.0776,0.4444,0.7409,0.5849,0.5693,0.6005,0.5849,0.5068,0.5614,0.6941,0.5614,0.5693,0.5693,0.538,0.5302,0.5224,0.5146,0.5146,0.5614,0.5693,0.5693,0.6161,0.5536,0.5693,0.5614,0.5458,0.5536,0.5302,0.5849,0.6161,0.5849,21.406,47.924,6.2974,0.9048,0.2415,0.1244,57.4839,246.5751,44.2561,6.4457,1.5682,0.858,0.6785,0.6551,284.3231,66.2712,8.943,1.3731,0.3507,0.1712,0.1088,0.0854,0.0698,0.0542,0.0464,0.0464,0.0308,0.0386],"x3":[8.2094,8.2103,8.2142,8.3022,8.3166,8.2973,8.2742,8.1291,8.2229,8.1873,8.1713,8.1528,8.1362,8.1172,8.1018,8.0877,8.0741,8.0625,8.049,8.0382,8.0234,8.0144,8.0075,8.0003,7.991,7.983,7.9749,7.9684,7.9607,7.9518,7.9416,7.9377,7.9345,7.9407,7.9519,7.9527,7.9743,7.9701,7.9589,7.7765,7.8123,7.9107,7.9271,7.9233,7.911,7.8998,7.9026,7.9006,7.8962,7.8959,7.9065,7.9014,7.8986,7.9014,7.9196,7.9106,7.9142,7.9125,7.915,7.849,7.9168],"x4":[-999,-999,-999,-999,-999,-999,-999,-999,-999,-999,-999,-999,-999,-999,-999,-999,-999,-999,-999,-999,-999,-999,-999,-999,-999,-999,-999,-999,-999,-999,-999,-999,-999,-999,-999,-999,-999,-999,-999,-999,-999,-999,-999,-999,-999,-999,-999,-999,-999,-999,-999,-999,-999,-999,-999,-999,-999,-999,-999,-999,-999],"x5":[8.0072,8.0217,8.0292,8.0189,7.2303,7.0814,7.0467,7.054,7.0704,7.0792,7.0753,7.0856,7.1,7.1108,7.1159,7.1144,7.1069,7.0954,7.0799,7.0566,7.0326,6.9985,6.959,6.9157,6.87,6.821,6.7673,6.7116,6.6494,6.5821,6.5162,6.4524,6.3922,6.3284,6.2523,6.1799,6.1046,6.0312,5.9596,5.9086,5.902,5.8608,5.8159,5.7795,5.7471,5.7222,5.6992,5.6862,5.6762,5.6656,5.6757,5.677,5.6668,5.6486,5.6471,5.636,5.6107,5.5927,5.5722,5.5519,5.529],"x6":[0.0003,0.0003,0.0003,0.0208,0.1237,0.1204,0.1196,0.1196,0.1193,0.1191,0.1194,0.1196,0.1196,0.1196,0.1197,0.1197,0.1197,0.1197,0.1198,0.1197,0.1198,0.1198,0.1197,0.1197,0.1198,0.1198,0.1198,0.1198,0.1198,0.1199,0.1199,0.1199,0.1199,0.1197,0.1261,0.1335,0.1347,0.1333,0.1315,0.1293,0.1196,0.1232,0.12,0.12,0.12,0.12,0.12,0.0252,0.011,0.0092,0.0079,0.0072,0.0067,0.0065,0.0063,0.006,0.0057,0.0116,0.0079,0.0065,0.0061],"x7":[1,1,1,1,1,0,0,0,0,0,0,0,0,0,0,0,0,0,0,0,0,0,0,0,0,0,0,0,0,0,0,0,0,0,0,1,1,1,1,1,1,1,1,1,1,1,1,1,1,1,1,1,1,1,1,1,1,1,1,1,1],"x8":[1,1,1,1,1,0,0,0,0,0,1,0,0,0,0,0,0,0,0,0,0,0,0,0,0,0,0,0,0,0,0,0,0,0,0,1,1,1,1,1,1,1,1,1,1,1,1,1,1,1,1,1,1,1,1,1,1,1,1,1,1],"x9":[1,1,1,1,1,0,0,0,0,0,0,0,0,0,0,0,0,0,0,0,0,0,0,0,0,0,0,0,0,0,0,0,0,0,0,1,1,1,1,1,1,1,1,1,1,1,1,1,1,1,1,1,1,1,1,1,1,1,1,1,1],"x10":[1,1,1,1,1,0,0,0,0,0,0,0,0,0,0,0,0,0,0,0,0,0,0,0,0,0,0,0,0,0,0,0,0,0,0,1,1,1,1,1,1,1,1,1,1,1,1,1,1,1,1,1,1,1,1,1,1,1,1,1,1],"x11":[1,1,1,1,1,1,1,1,1,1,1,1,1,1,1,1,1,1,1,1,1,1,1,1,1,1,1,1,1,1,1,1,1,1,1,1,1,1,1,1,1,1,1,1,1,1,1,1,1,1,1,1,1,1,1,1,1,1,1,1,1],"x12":[1,1,1,1,1,0,0,0,0,0,0,0,0,0,0,0,0,0,0,0,0,0,0,0,0,0,0,0,0,0,0,0,0,0,0,1,1,1,1,1,1,1,1,1,1,1,1,1,1,1,1,1,1,1,1,1,1,1,1,1,1],"x13":[1,1,1,1,1,0,0,0,0,0,0,0,0,0,0,0,0,0,0,0,0,0,0,0,0,0,0,0,0,0,0,0,0,0,0,1,1,1,1,1,1,1,1,1,1,1,1,1,1,1,1,1,1,1,1,1,1,1,1,1,1],"x14":[1,1,1,1,1,1,1,1,1,1,1,1,1,1,1,1,1,1,1,1,1,1,1,1,1,1,1,1,1,1,1,1,1,1,1,1,1,1,1,1,1,1,1,1,1,1,1,1,1,1,1,1,1,1,1,1,1,1,1,1,1],"x15":[1,1,1,1,1,0,0,0,0,0,0,0,0,0,0,0,0,0,0,0,0,0,0,0,0,0,0,0,0,0,0,0,0,0,0,1,1,1,1,1,1,1,1,1,1,1,1,1,1,1,1,1,1,1,1,1,1,1,1,1,1],"x16":[1,1,1,1,1,0,0,0,0,0,0,0,0,0,0,0,0,0,0,0,0,0,0,0,0,0,0,0,0,0,0,0,0,0,0,1,1,1,1,1,1,1,1,1,1,1,1,1,1,1,1,1,1,1,1,1,1,1,1,1,1]}