{"M":[1605880974.516,1605880974.888,1605880975.264,1605880975.64,1605880976.008,1605880976.38,1605880976.756,1605880977.132,1605880977.508,1605880977.88,1605880978.256,1605880978.632,1605880979.008,1605880979.436,1605880979.812,1605880980.184,1605880980.56,1605880980.936,1605880981.312,1605880981.684,1605880982.06,1605880982.436,1605880982.812,1605880983.184,1605880983.56,1605880983.936,1605880984.312,1605880984.732,1605880985.108,1605880985.484,1605880985.856,1605880986.232,1605880986.608,1605880986.984,1605880987.356,1605880987.732,1605880988.108,1605880988.484,1605880988.856,1605880989.232,1605880989.608,1605880989.984,1605880990.404,1605880990.78,1605880991.156,1605880991.528,1605880991.904,1605880992.28,1605880992.656,1605880993.028,1605880993.404,1605880993.78,1605880994.156,1605880994.528,1605880994.904,1605880995.28,1605880995.7,1605880996.076,1605880996.452,1605880996.828,1605880997.2,1605880997.576,1605880997.952,1605880998.328,1605880998.7,1605880999.076,1605880999.452,1605880999.828,1605881000.2,1605881000.576,1605881001],"y":[null,null,null,null,null,null,null,null,null,null,null,0.1198239571259686,0.15408862217309288,0.2054855500208709,0.23964821911740056,0.2824789899648278,0.3510082440387491,0.3681405303176128,0.4023031940275787,0.41943544996268206,0.43656768286177405,0.496530845591723,0.5222293640842748,0.582090345444026,0.6163548619476857,0.6591854255150569,0.7019137587755699,0.7533104719992507,0.7790090372347201,0.8218398486655034,0.8475382022338153,0.8902667716971542,0.9073989973846782,0.9330972717582273,0.9587953120011548,0.9759274960190902,1.0272223899535944,1.0700530663936332,1.1214498781216795,1.1642804113893608,1.2070093274225127,1.2498400833576941,1.2669722002167632,1.318368768772948,1.386795775403183,1.4039278835577826,1.4467586187421189,1.472457016706665,1.4895894239879677,1.532317940906213,1.6008468483744205,1.6179800451087683,null,null,null,null,null,null,null,null,null,null,null,null,null,null,null,null,null,null,null],"y1":[-0.1032,-0.1032,-0.1032,-0.1032,-0.1032,-0.0948,-0.0864,-0.0864,-0.0948,-0.0444,-0.0109,0.0143,0.0479,0.0983,0.1318,0.1738,0.241,0.2578,0.2913,0.3081,0.3249,0.3837,0.4089,0.4676,0.5012,0.5432,0.5851,0.6355,0.6607,0.7027,0.7279,0.7698,0.7866,0.8118,0.837,0.8538,0.9041,0.9461,0.9965,1.0385,1.0804,1.1224,1.1392,1.1896,1.2567,1.2735,1.3155,1.3407,1.3575,1.3994,1.4666,1.4834,1.5757,1.6261,1.6345,1.6009,1.5337,1.3826,1.1812,0.9881,1.0552,0.9881,0.837,0.6859,0.4844,0.199,-0.0444,-0.0612,0.0059,-0.0528,-0.0528],"x":[9.2086,9.1459,9.1086,9.0726,9.0365,9.0253,9.5309,10.2525,10.5571,10.6801,10.725,10.744,10.7511,10.754,10.7564,10.7582,10.7588,10.7593,10.7593,10.7582,10.7576,10.7599,10.7611,10.7593,10.757,10.7552,10.7493,10.7475,10.7493,10.7505,10.7487,10.7469,10.7463,10.7457,10.7428,10.741,10.7416,10.7416,10.7416,10.7404,10.7422,10.7428,10.7416,10.7398,10.7392,10.7381,10.7386,10.7386,10.7386,10.7375,10.7375,10.7422,10.7511,10.7854,10.809,10.8203,10.8132,10.7629,10.7381,10.7321,10.7357,10.7386,10.7375,10.7375,10.741,10.7499,10.7517,10.7179,10.7304,10.7457,10.676],"x1":[0.0002,0.0002,0.0001,0.0001,0.039,0.0775,0.152,0.1665,0.1691,0.1696,0.1698,0.1698,0.1698,0.1698,0.1698,0.1699,0.1698,0.1699,0.1698,0.1698,0.1699,0.1699,0.1699,0.1699,0.1698,0.1699,0.1699,0.1699,0.1699,0.1699,0.1698,0.1698,0.1698,0.1699,0.17,0.1699,0.1699,0.1699,0.1699,0.1699,0.1699,0.1699,0.1699,0.1699,0.1699,0.1699,0.1699,0.1699,0.1698,0.1698,0.1699,0.1698,0.2182,0.2359,0.2394,0.2227,0.1766,0.1711,0.1702,0.1701,0.1704,0.1701,0.17,0.17,0.17,0.1699,0.0915,0.0905,0.1574,0.0617,0.0072],"undefined":[null,null,null,null,null,null,null,null,null,null,null,null,null,null,null,null,null,null,null,null,null,null,null,null,null,null,null,null,null,null,null,null,null,null,null,null,null,null,null,null,null,null,null,null,null,null,null,null,null,null,null,null,null,null,null,null,null,null,null,null,null,null,null,null,null,null,null,null,null,null,null],"x2":[92.79,78.73,52.55,32.17,25.15,23.09,6.05,4.19,1.89,1.38,1.4,1.36,1.27,1.37,1.42,1.39,1.3,1.38,1.25,1.27,1.31,1.26,1.31,1.31,1.33,1.34,1.32,1.93,1.24,1.17,1.32,1.46,1.42,1.32,1.42,1.49,1.35,1.19,1.49,1.92,1.42,1.27,1.21,1.23,1.12,1.07,1.13,1.1,1.08,1.07,1.22,1.48,59.14,1.45,0.12,0.07,81.94,61.7,60.55,29.43,171.64,47.61,5.6,5.62,2.8,20.59,440.81,313.59,21.07,407.44,183.12],"x3":[-999,-999,-999,-999,-999,-999,-999,-999,-999,-999,-999,-999,-999,-999,-999,-999,-999,-999,-999,-999,-999,-999,-999,-999,-999,-999,-999,-999,-999,-999,-999,-999,-999,-999,-999,-999,-999,-999,-999,-999,-999,-999,-999,-999,-999,-999,-999,-999,-999,-999,-999,-999,-999,-999,-999,-999,-999,-999,-999,-999,-999,-999,-999,-999,-999,-999,-999,-999,-999,-999,-999],"x4":[85.59,86.81,87.27,88.83,89.63,87.54,86.57,83.89,80.84,79.16,76.16,74.72,72.92,71.6,71.15,70.48,69.93,69.08,68.93,68.48,67.93,67.7,67.24,67,66.18,65.93,65.69,65.42,65.44,65.29,65.21,65.18,65.18,65.11,65.13,65.17,65.2,65.15,65.02,64.87,64.87,64.99,64.96,64.89,64.88,64.83,64.74,64.84,64.78,64.72,64.71,64.66,64.81,64.39,64.08,63.53,62.1,60.44,59.99,59.42,60.69,61.53,62.6,62.86,63.48,63.86,63.93,65.17,65.19,64.93,66.74],"x5":[9.79,9.94,10,10.2,10.06,9.78,9.62,9.3,8.95,8.77,8.43,8.27,8.07,7.92,7.87,7.8,7.74,7.64,7.62,7.57,7.51,7.49,7.44,7.41,7.32,7.29,7.27,7.24,7.24,7.22,7.22,7.21,7.21,7.21,7.21,7.21,7.22,7.21,7.2,7.18,7.18,7.19,7.19,7.18,7.18,7.18,7.17,7.18,7.17,7.16,7.16,7.15,7.15,7.1,7.06,7,6.84,6.65,6.61,6.57,6.71,6.81,6.93,6.96,7.02,7.07,7.08,7.22,7.21,7.19,7.4],"x6":[null,null,null,null,null,null,null,0.20528207647108415,0.20687850190979404,0.20684407513804765,0.20685265133533998,0.20675319108133608,0.20671604393876628,0.2067008742261547,0.20668832132497958,0.20680062647445047,0.20667576964069168,0.2067948704985289,0.20667315485962456,0.20667890744768505,0.20680376620548305,0.20679173098309922,0.20678545218051636,0.2067948704985289,0.2066851832898277,0.20681632589060264,0.20684720695941175,0.2068566297676079,0.20684720695941175,0.20684092546786154,0.2067285995275296,0.2067380170178554,0.20674115633344786,0.20686605326088042,0.2070030034693016,0.20689066227892172,0.20688752044204,0.20688752044204,0.20688752044204,0.20689380419193712,0.20688437868129075,0.20688123699667257,0.20688752044204,0.20689694618108756,0.20690008824637432,0.20690584889714744,0.20690323038779884,0.20690323038779884,0.2067814509702663,0.2067872083699337,0.20690899117816097,0.2067626103595243,null,null,null,null,null,null,null,null,null,null,null,null,null,null,null,null,null,null,null],"x7":[1,1,1,1,1,1,1,0,0,0,0,0,0,0,0,0,0,0,0,0,0,0,0,0,0,0,0,0,0,0,0,0,0,0,0,0,0,0,0,0,0,0,0,0,0,0,0,0,0,0,0,0,1,1,1,1,1,1,1,1,1,1,1,1,1,1,1,1,1,1,1],"x8":[1,1,1,1,1,1,1,1,1,1,1,0,0,0,0,0,0,0,0,0,0,0,0,0,0,0,0,0,0,0,0,0,0,0,0,0,0,0,0,0,0,0,0,0,0,0,0,0,0,0,0,0,1,1,1,1,1,1,1,1,1,1,1,1,1,1,1,1,1,1,1],"x9":[1,1,1,1,1,1,1,0,0,0,0,0,0,0,0,0,0,0,0,0,0,0,0,0,0,0,0,0,0,0,0,0,0,0,0,0,0,0,0,0,0,0,0,0,0,0,0,0,0,0,0,0,1,1,1,1,1,1,1,1,1,1,1,1,1,1,1,1,1,1,1],"x10":[1,1,1,1,1,1,1,0,0,0,0,0,0,0,0,0,0,0,0,0,0,0,0,0,0,0,0,0,0,0,0,0,0,0,0,0,0,0,0,0,0,0,0,0,0,0,0,0,0,0,0,0,1,1,1,1,1,1,1,1,1,1,1,1,1,1,1,1,1,1,1],"x11":[1,1,1,1,1,1,1,1,1,1,1,1,1,1,1,1,1,1,1,1,1,1,1,1,1,1,1,1,1,1,1,1,1,1,1,1,1,1,1,1,1,1,1,1,1,1,1,1,1,1,1,1,1,1,1,1,1,1,1,1,1,1,1,1,1,1,1,1,1,1,1],"x12":[1,1,1,1,1,1,1,0,0,0,0,0,0,0,0,0,0,0,0,0,0,0,0,0,0,0,0,0,0,0,0,0,0,0,0,0,0,0,0,0,0,0,0,0,0,0,0,0,0,0,0,0,1,1,1,1,1,1,1,1,1,1,1,1,1,1,1,1,1,1,1],"x13":[1,1,1,1,1,1,1,1,1,1,1,1,1,1,1,1,1,1,1,1,1,1,1,1,1,1,1,1,1,1,1,1,1,1,1,1,1,1,1,1,1,1,1,1,1,1,1,1,1,1,1,1,1,1,1,1,1,1,1,1,1,1,1,1,1,1,1,1,1,1,1],"x14":[1,1,1,1,1,1,1,0,0,0,0,0,0,0,0,0,0,0,0,0,0,0,0,0,0,0,0,0,0,0,0,0,0,0,0,0,0,0,0,0,0,0,0,0,0,0,0,0,0,0,0,0,1,1,1,1,1,1,1,1,1,1,1,1,1,1,1,1,1,1,1],"x15":[1,1,1,1,1,1,1,0,0,0,0,0,0,0,0,0,0,0,0,0,0,0,0,0,0,0,0,0,0,0,0,0,0,0,0,0,0,0,0,0,0,0,0,0,0,0,0,0,0,0,0,0,1,1,1,1,1,1,1,1,1,1,1,1,1,1,1,1,1,1,1],"x16":[0,0,0,0,0,0,0,0,0,0,0,0,0,0,0,0,0,0,0,0,0,0,0,0,0,0,0,0,0,0,0,0,0,0,0,0,0,0,0,0,0,0,0,0,0,0,0,0,0,0,0,0,0,0,0,0,0,0,0,0,0,0,0,0,0,0,0,0,0,0,0]}