{"M":[1575544361.288,1575544361.692,1575544362.1,1575544362.516,1575544362.92,1575544363.328,1575544363.74,1575544364.148,1575544364.552,1575544364.968,1575544365.372,1575544365.78,1575544366.192,1575544366.6,1575544367.008,1575544367.42,1575544367.828,1575544368.232,1575544368.64,1575544369.052,1575544369.46,1575544369.864,1575544370.28,1575544370.684,1575544371.092,1575544371.508,1575544371.912,1575544372.32,1575544372.732,1575544373.14,1575544373.544,1575544373.96,1575544374.364,1575544374.772,1575544375.184,1575544375.592,1575544376,1575544376.404,1575544376.82,1575544377.224,1575544377.632,1575544378.044,1575544378.452,1575544378.856,1575544379.272,1575544379.68,1575544380.084,1575544380.5,1575544380.904,1575544381.312,1575544381.724,1575544382.132,1575544382.536,1575544382.944,1575544383.356,1575544383.764,1575544384.172,1575544384.584,1575544384.992,1575544385.396,1575544385.812,1575544386.216,1575544386.624,1575544387.036,1575544387.444,1575544387.852,1575544388.264,1575544388.672,1575544389.076,1575544389.492,1575544389.896,1575544390.304,1575544390.708,1575544391.124],"y":[null,null,null,null,null,null,null,null,null,null,null,null,0.10295782254188354,0.14884201562908175,0.212875598317043,0.24948075554221721,0.3319697948490339,0.40518007320317373,0.46013868246308587,0.5242743071580475,0.5792330658927755,0.6707970861439299,0.7165786905944526,0.7440070509895991,0.8173192634665566,0.8722778814054358,0.9729163156674652,1.0370514462410068,1.082833288669609,1.1561448692709306,1.1835725655152007,1.256782714083176,1.3300948292874588,1.3942300722919603,1.449086923516442,1.5132220455520187,1.5773572216113445,1.6323159199723147,1.7147026316480982,1.7696611446537955,1.8336945168124505,1.8978297838609677,1.9436115292773313,2.0168217264915085,2.0901336561925152,2.126739043825835,2.190771997162128,2.2457310041269376,2.273261009737714,2.3281184164827406,2.401433617557066,2.4288340421757053,2.456356856133098,null,null,null,null,null,null,null,null,null,null,null,null,null,null,null,null,null,null,null,null,null],"y1":[1.5,1.5179,1.5,1.5,1.5,1.5179,1.509,1.509,1.5179,1.491,1.5,1.5179,1.6077,1.6527,1.7155,1.7514,1.8323,1.9041,1.958,2.0209,2.0748,2.1646,2.2095,2.2364,2.3083,2.3622,2.4609,2.5238,2.5687,2.6406,2.6675,2.7393,2.8112,2.8741,2.9279,2.9908,3.0537,3.1076,3.1884,3.2423,3.3051,3.368,3.4129,3.4847,3.5566,3.5925,3.6553,3.7092,3.7362,3.79,3.8619,3.8888,3.9158,3.9247,3.9517,3.9607,3.9247,3.8709,3.6913,3.4398,3.1884,2.9279,2.6046,2.3622,2.0209,1.8862,1.5539,1.491,1.482,1.5,1.5,1.491,1.491,1.482],"x":[5.6581,5.3705,5.1383,4.9355,4.7304,4.5642,4.4457,4.2724,4.1269,4.0025,4.9762,7.8201,8.1938,8.2492,8.2598,8.2621,8.2645,8.2651,8.2639,8.2692,8.271,8.2739,8.2668,8.268,8.2663,8.2651,8.2633,8.2574,8.2568,8.2486,8.2415,8.2415,8.2403,8.2403,8.2415,8.2403,8.2386,8.2397,8.238,8.2374,8.2374,8.2356,8.235,8.2368,8.2356,8.238,8.235,8.2368,8.2362,8.2403,8.2468,8.2828,8.3252,8.3488,8.3735,8.403,8.416,8.4378,8.3034,8.2468,8.2386,8.2333,8.2315,8.2391,8.2445,8.2427,8.2568,8.2374,8.1755,8.1154,8.0989,8.0788,8.0435,8.0169],"x1":[0.0017,0.0017,0.0017,0.0017,0.0016,0.0016,0.0015,0.0015,0.0015,0.0015,0.1694,0.1718,0.1719,0.1719,0.1719,0.1719,0.1719,0.1719,0.172,0.172,0.172,0.172,0.1719,0.172,0.1719,0.1719,0.172,0.1719,0.1719,0.1719,0.1719,0.1719,0.1718,0.1719,0.1718,0.1719,0.1719,0.1719,0.1719,0.1719,0.1719,0.1718,0.1718,0.1719,0.1719,0.1719,0.1719,0.1718,0.1719,0.1718,0.1702,0.1949,0.2053,0.2088,0.2133,0.2128,0.2251,0.2066,0.1738,0.1724,0.1721,0.1719,0.1719,0.1719,0.1719,0.172,0.1445,0.0128,0.0066,0.0062,0.0049,0.0041,0.0039,0.0036],"undefined":[null,null,null,null,null,null,null,null,null,null,null,null,null,null,null,null,null,null,null,null,null,null,null,null,null,null,null,null,null,null,null,null,null,null,null,null,null,null,null,null,null,null,null,null,null,null,null,null,null,null,null,null,null,null,null,null,null,null,null,null,null,null,null,null,null,null,null,null,null,null,null,null,null,null],"x2":[0.0542,0.0542,0.0464,0.0386,0.0464,0.0542,0.0542,0.0308,0.0308,0.0386,-0.3516,-0.3516,0.2337,0.6005,0.5693,0.5068,0.538,0.5302,0.5771,0.5693,0.5458,0.6005,0.5771,0.5458,0.5771,0.6005,0.5458,0.6161,0.5614,0.5693,0.538,0.5458,0.5693,0.6083,0.5458,0.5771,0.5458,0.5302,0.538,0.5302,0.5927,0.5771,0.5771,0.6395,0.5927,0.6551,0.6005,0.5693,0.5224,0.5771,250.6644,60.9411,7.9362,1.1624,0.2805,0.1322,0.0932,102.1228,59.6846,29.3582,5.5404,1.5135,1.3965,0.7722,0.6629,0.5849,323.148,452.1327,173.6076,25.2455,3.7611,0.819,0.3195,0.1869],"x3":[8.0094,8.0073,8.0034,8.0009,7.9999,8.001,7.9919,8.0009,7.9973,8.0691,8.0217,8.0267,8.0225,8.0203,8.0168,8.0149,8.0088,8.0072,8.0007,7.9948,7.9903,7.9886,7.9873,7.9855,7.9817,7.9738,7.9713,7.9718,7.9701,7.9669,7.9646,7.9597,7.9599,7.9595,7.9599,7.9593,7.9582,7.9535,7.9498,7.9508,7.95,7.9485,7.9468,7.9441,7.9434,7.9416,7.9405,7.9403,7.9399,7.9848,8.0232,8.0254,8.0402,8.044,8.0766,8.0615,7.9199,7.9631,8.0174,8.0331,8.0035,8.0138,7.9724,7.9686,7.9202,8.0198,8.3778,8.0668,7.5461,7.9952,7.9712,7.9839,7.992,8.0033],"x4":[-999,-999,-999,-999,-999,-999,-999,-999,-999,-999,-999,-999,-999,-999,-999,-999,-999,-999,-999,-999,-999,-999,-999,-999,-999,-999,-999,-999,-999,-999,-999,-999,-999,-999,-999,-999,-999,-999,-999,-999,-999,-999,-999,-999,-999,-999,-999,-999,-999,-999,-999,-999,-999,-999,-999,-999,-999,-999,-999,-999,-999,-999,-999,-999,-999,-999,-999,-999,-999,-999,-999,-999,-999,-999],"x5":[5.3099,5.3627,5.4134,5.4651,5.5212,5.5748,5.6234,5.6777,5.7294,5.7784,5.7081,5.4115,5.4039,5.4336,5.4709,5.51,5.548,5.5863,5.6251,5.6571,5.6847,5.7075,5.7267,5.741,5.7518,5.7583,5.7592,5.7551,5.7454,5.7332,5.7173,5.6972,5.6745,5.6477,5.6184,5.5875,5.5547,5.5204,5.4851,5.4496,5.4126,5.3759,5.3387,5.3011,5.2636,5.2267,5.1905,5.1544,5.1189,5.0832,5.0483,5.0145,4.9838,4.95,4.9153,4.8803,4.848,4.8203,4.8037,4.7815,4.7571,4.7352,4.7143,4.6933,4.6737,4.6517,4.63,4.6028,4.5777,4.5445,4.5167,4.4942,4.4761,4.4574],"x6":[0.003,0.0029,0.0027,0.0025,0.0024,0.0023,0.0022,0.002,0.0019,0.0018,0.1288,0.1212,0.1201,0.12,0.1199,0.1199,0.1199,0.1199,0.12,0.12,0.12,0.1199,0.1199,0.12,0.1199,0.1199,0.12,0.1199,0.1199,0.1199,0.12,0.12,0.1199,0.12,0.1199,0.12,0.12,0.12,0.12,0.12,0.12,0.1199,0.1199,0.12,0.12,0.12,0.12,0.1199,0.12,0.1199,0.1188,0.1363,0.1435,0.1459,0.1491,0.1486,0.1574,0.1441,0.1211,0.1203,0.1202,0.12,0.12,0.12,0.12,0.12,0.1005,0.0109,0.0071,0.0068,0.0061,0.0057,0.0055,0.0054],"x7":[1,1,1,1,1,1,1,1,1,1,1,0,0,0,0,0,0,0,0,0,0,0,0,0,0,0,0,0,0,0,0,0,0,0,0,0,0,0,0,0,0,0,0,0,0,0,0,0,0,0,0,0,0,1,1,1,1,1,1,1,1,1,1,1,1,1,1,1,1,1,1,1,1,1],"x8":[1,1,1,1,1,1,1,1,1,1,1,1,0,0,0,0,0,0,0,0,0,0,0,0,0,0,0,0,0,0,0,0,0,0,0,0,0,0,0,0,0,0,0,0,0,0,0,0,0,0,0,0,0,1,1,1,1,1,1,1,1,1,1,1,1,1,1,1,1,1,1,1,1,1],"x9":[1,1,1,1,1,1,1,1,1,1,1,0,0,0,0,0,0,0,0,0,0,0,0,0,0,0,0,0,0,0,0,0,0,0,0,0,0,0,0,0,0,0,0,0,0,0,0,0,0,0,0,0,0,1,1,1,1,1,1,1,1,1,1,1,1,1,1,1,1,1,1,1,1,1],"x10":[1,1,1,1,1,1,1,1,1,1,1,0,0,0,0,0,0,0,0,0,0,0,0,0,0,0,0,0,0,0,0,0,0,0,0,0,0,0,0,0,0,0,0,0,0,0,0,0,0,0,0,0,0,1,1,1,1,1,1,1,1,1,1,1,1,1,1,1,1,1,1,1,1,1],"x11":[1,1,1,1,1,1,1,1,1,1,1,1,1,1,1,1,1,1,1,1,1,1,1,1,1,1,1,1,1,1,1,1,1,1,1,1,1,1,1,1,1,1,1,1,1,1,1,1,1,1,1,1,1,1,1,1,1,1,1,1,1,1,1,1,1,1,1,1,1,1,1,1,1,1],"x12":[1,1,1,1,1,1,1,1,1,1,1,1,0,0,0,0,0,0,0,0,0,0,0,0,0,0,0,0,0,0,0,0,0,0,0,0,0,0,0,0,0,0,0,0,0,0,0,0,0,0,0,0,0,1,1,1,1,1,1,1,1,1,1,1,1,1,1,1,1,1,1,1,1,1],"x13":[1,1,1,1,1,1,1,1,1,1,1,0,0,0,0,0,0,0,0,0,0,0,0,0,0,0,0,0,0,0,0,0,0,0,0,0,0,0,0,0,0,0,0,0,0,0,0,0,0,0,0,0,0,1,1,1,1,1,1,1,1,1,1,1,1,1,1,1,1,1,1,1,1,1],"x14":[1,1,1,1,1,1,1,1,1,1,1,1,1,1,1,1,1,1,1,1,1,1,1,1,1,1,1,1,1,1,1,1,1,1,1,1,1,1,1,1,1,1,1,1,1,1,1,1,1,1,1,1,1,1,1,1,1,1,1,1,1,1,1,1,1,1,1,1,1,1,1,1,1,1],"x15":[1,1,1,1,1,1,1,1,1,1,1,0,0,0,0,0,0,0,0,0,0,0,0,0,0,0,0,0,0,0,0,0,0,0,0,0,0,0,0,0,0,0,0,0,0,0,0,0,0,0,0,0,0,1,1,1,1,1,1,1,1,1,1,1,1,1,1,1,1,1,1,1,1,1],"x16":[1,1,1,1,1,1,1,1,1,1,1,0,0,0,0,0,0,0,0,0,0,0,0,0,0,0,0,0,0,0,0,0,0,0,0,0,0,0,0,0,0,0,0,0,0,0,0,0,0,0,0,0,0,1,1,1,1,1,1,1,1,1,1,1,1,1,1,1,1,1,1,1,1,1]}