{"M":[1575544462.288,1575544462.692,1575544463.1,1575544463.516,1575544463.92,1575544464.328,1575544464.74,1575544465.148,1575544465.552,1575544465.96,1575544466.372,1575544466.78,1575544467.188,1575544467.6,1575544468.008,1575544468.412,1575544468.828,1575544469.232,1575544469.64,1575544470.052,1575544470.46,1575544470.864,1575544471.28,1575544471.688,1575544472.092,1575544472.5,1575544472.912,1575544473.32,1575544473.724,1575544474.14,1575544474.544,1575544474.952,1575544475.364,1575544475.772,1575544476.18,1575544476.592,1575544477,1575544477.404,1575544477.82,1575544478.224,1575544478.632,1575544479.044,1575544479.452,1575544479.856,1575544480.264,1575544480.68,1575544481.084,1575544481.492,1575544481.904],"y":[null,null,null,null,null,null,0.0457810702101459,0.1373439837533999,0.21973055993993015,0.31129395066743154,0.37542899019813253,0.4212104947902216,0.5127739789913209,0.5585558989026719,0.6318675895332586,0.6959006715486791,0.7692120006858829,0.842421764257858,0.9157331570340724,0.9889425416458535,1.043898101556072,1.1354590059728267,1.1995932727262735,1.2453758896306417,1.2911571256452767,1.3369387405830007,1.3735391474834064,null,null,null,null,null,null,null,null,null,null,null,null,null,null,null,null,null,null,null,null,null,null],"y1":[1.5,1.5,1.473,1.482,1.491,1.5,1.5449,1.6347,1.7155,1.8053,1.8682,1.9131,2.0029,2.0478,2.1197,2.1825,2.2544,2.3262,2.3981,2.4699,2.5238,2.6136,2.6765,2.7214,2.7663,2.8112,2.8471,2.8741,2.9279,2.9459,2.9459,2.9369,2.901,2.8292,2.6765,2.5328,2.2723,2.0119,1.8413,1.8053,1.5988,1.5359,1.5359,1.5179,1.5179,1.5179,1.5179,1.5179,1.5179],"x":[5.1937,5.0964,5.0157,4.9827,5.0057,7.3209,7.9763,8.0659,8.1071,8.1325,8.1378,8.1366,8.1496,8.1608,8.1584,8.159,8.1519,8.1525,8.1472,8.1407,8.0995,8.0718,8.0676,8.083,8.0812,8.0841,8.0947,8.179,8.2191,8.2391,8.2574,8.2751,8.2892,8.1555,8.113,8.1107,8.1419,8.1419,8.1431,8.1431,8.1272,8.1118,8.1036,8.037,7.9497,7.8938,7.8985,7.8979,7.8319],"x1":[0.0019,0.0019,0.0018,0.0018,0.0786,0.1708,0.171,0.1711,0.1712,0.1713,0.1713,0.1714,0.1714,0.1715,0.1715,0.1715,0.1715,0.1715,0.1715,0.1713,0.1711,0.1711,0.1712,0.1711,0.1711,0.1711,0.1778,0.2136,0.2209,0.2223,0.2225,0.2209,0.1721,0.1716,0.1714,0.1716,0.1716,0.1716,0.1716,0.1716,0.061,0.0114,0.01,0.0081,0.0066,0.009,0.0068,0.0055,0.0062],"undefined":[null,null,null,null,null,null,null,null,null,null,null,null,null,null,null,null,null,null,null,null,null,null,null,null,null,null,null,null,null,null,null,null,null,null,null,null,null,null,null,null,null,null,null,null,null,null,null,null,null],"x2":[0.0698,0.0776,0.1166,0.0776,-0.3516,2.1301,1.5369,0.9126,0.7019,0.6005,0.5536,0.5458,0.5536,0.5536,0.5693,0.5458,0.5536,0.5146,0.5302,0.6473,0.6629,0.5849,0.5849,0.538,0.538,0.6239,253.068,94.8495,12.9386,1.8569,0.4288,0.2025,65.5767,45.2082,26.1196,8.4903,1.8335,0.8034,0.6707,0.6395,268.4341,63.571,8.3967,1.256,0.3195,0.1478,0.0932,0.0776,0.0698],"x3":[8.067,8.0694,8.0708,8.1465,8.0701,8.0585,8.0486,8.0424,8.0323,8.0299,8.0145,8.0196,8.0187,8.0109,8.0059,8.0056,8.0007,7.9987,7.9958,7.9938,7.9914,7.9886,7.9895,7.9904,7.9864,7.9887,7.9942,8.0139,8.0276,8.0583,8.0901,8.1105,8.1078,8.0672,8.076,8.1014,8.0896,7.7736,7.9201,8.0233,7.4077,7.8457,7.9889,8.0115,8.0206,8.0168,8.0211,7.9825,8.0253],"x4":[-999,-999,-999,-999,-999,-999,-999,-999,-999,-999,-999,-999,-999,-999,-999,-999,-999,-999,-999,-999,-999,-999,-999,-999,-999,-999,-999,-999,-999,-999,-999,-999,-999,-999,-999,-999,-999,-999,-999,-999,-999,-999,-999,-999,-999,-999,-999,-999,-999],"x5":[6.5103,6.4969,6.496,6.49,6.4834,6.1653,6.0785,6.0701,6.0669,6.0695,6.0722,6.0787,6.087,6.0956,6.1065,6.1139,6.1184,6.1201,6.1174,6.1124,6.1086,6.0983,6.0808,6.0584,6.0361,6.0084,5.9788,5.9448,5.9053,5.8665,5.8312,5.7897,5.7496,5.7282,5.6921,5.6539,5.6129,5.5777,5.5457,5.5147,5.4899,5.461,5.4137,5.3843,5.366,5.346,5.3096,5.2869,5.2695],"x6":[0.0028,0.0028,0.0027,0.0026,0.0585,0.1221,0.1202,0.12,0.1199,0.1199,0.1199,0.1199,0.1199,0.12,0.1199,0.1199,0.12,0.12,0.12,0.1199,0.1199,0.1199,0.12,0.1199,0.1199,0.1199,0.1247,0.1501,0.1551,0.156,0.1562,0.1549,0.12,0.12,0.12,0.1202,0.1201,0.1201,0.1201,0.1201,0.0426,0.01,0.0091,0.008,0.007,0.0084,0.0071,0.0064,0.0067],"x7":[1,1,1,1,1,1,0,0,0,0,0,0,0,0,0,0,0,0,0,0,0,0,0,0,0,0,0,1,1,1,1,1,1,1,1,1,1,1,1,1,1,1,1,1,1,1,1,1,1],"x8":[1,1,1,1,1,1,0,0,0,0,0,0,0,0,0,0,0,0,0,0,0,0,0,0,0,0,0,1,1,1,1,1,1,1,1,1,1,1,1,1,1,1,1,1,1,1,1,1,1],"x9":[1,1,1,1,1,1,0,0,0,0,0,0,0,0,0,0,0,0,0,0,0,0,0,0,0,0,0,1,1,1,1,1,1,1,1,1,1,1,1,1,1,1,1,1,1,1,1,1,1],"x10":[1,1,1,1,1,1,0,0,0,0,0,0,0,0,0,0,0,0,0,0,0,0,0,0,0,0,0,1,1,1,1,1,1,1,1,1,1,1,1,1,1,1,1,1,1,1,1,1,1],"x11":[1,1,1,1,1,1,1,1,1,1,1,1,1,1,1,1,1,1,1,1,1,1,1,1,1,1,1,1,1,1,1,1,1,1,1,1,1,1,1,1,1,1,1,1,1,1,1,1,1],"x12":[1,1,1,1,1,1,0,0,0,0,0,0,0,0,0,0,0,0,0,0,0,0,0,0,0,0,0,1,1,1,1,1,1,1,1,1,1,1,1,1,1,1,1,1,1,1,1,1,1],"x13":[1,1,1,1,1,1,0,0,0,0,0,0,0,0,0,0,0,0,0,0,0,0,0,0,0,0,0,1,1,1,1,1,1,1,1,1,1,1,1,1,1,1,1,1,1,1,1,1,1],"x14":[1,1,1,1,1,1,1,1,1,1,1,1,1,1,1,1,1,1,1,1,1,1,1,1,1,1,1,1,1,1,1,1,1,1,1,1,1,1,1,1,1,1,1,1,1,1,1,1,1],"x15":[1,1,1,1,1,1,0,0,0,0,0,0,0,0,0,0,0,0,0,0,0,0,0,0,0,0,0,1,1,1,1,1,1,1,1,1,1,1,1,1,1,1,1,1,1,1,1,1,1],"x16":[1,1,1,1,1,1,0,0,0,0,0,0,0,0,0,0,0,0,0,0,0,0,0,0,0,0,0,1,1,1,1,1,1,1,1,1,1,1,1,1,1,1,1,1,1,1,1,1,1]}