{"M":[1575363669.288,1575363669.692,1575363670.1,1575363670.516,1575363670.92,1575363671.328,1575363671.74,1575363672.148,1575363672.552,1575363672.968,1575363673.372,1575363673.78,1575363674.192,1575363674.6,1575363675.008,1575363675.412,1575363675.828,1575363676.232,1575363676.64,1575363677.052,1575363677.46,1575363677.864,1575363678.28,1575363678.688,1575363679.092,1575363679.508,1575363679.912,1575363680.32,1575363680.732,1575363681.14,1575363681.544,1575363681.952,1575363682.364,1575363682.772,1575363683.18,1575363683.592,1575363684,1575363684.404,1575363684.82,1575363685.224,1575363685.632,1575363686.044,1575363686.452,1575363686.856,1575363687.272,1575363687.68,1575363688.084,1575363688.5,1575363688.904,1575363689.312,1575363689.716,1575363690.132,1575363690.536,1575363690.944,1575363691.356,1575363691.764,1575363692.172,1575363692.584,1575363692.992],"y":[null,null,0.009176690139175445,0.06413518961040321,0.08248860962672815,null,null,null,null,0.12827053280381756,0.21065754252091273,0.29304455726940576,0.33882630820057696,0.3937849351650958,0.43956679945985466,0.5128789542175584,0.5770080082246171,0.6685605827929533,0.7325930724955191,0.7509486234844902,0.7601285379750974,0.7875596642678998,null,null,null,null,null,null,null,null,null,null,null,null,null,null,null,null,null,null,null,null,null,null,null,null,null,null,null,null,null,null,null,null,null,null,null,null,null],"y1":[1.5628,1.5628,1.5718,1.6257,1.6437,1.5808,1.5808,1.5808,1.5898,1.6886,1.7694,1.8502,1.8951,1.949,1.9939,2.0658,2.1287,2.2185,2.2813,2.2993,2.3083,2.3352,2.3262,2.3532,2.3711,2.3981,2.3352,2.1556,1.967,2.0029,2.0029,1.7604,1.5898,1.5718,1.5718,1.5808,1.5808,1.6167,1.8323,2.0658,2.2634,2.2903,2.2993,2.1017,1.8053,1.6796,1.6527,1.5898,1.5179,1.5449,1.5359,1.5449,1.5539,1.5359,1.5449,1.5539,1.5449,1.5449,1.5359],"x":[7.6692,7.7122,8.1195,8.1979,8.1879,8.0476,7.9262,7.8419,8.0611,8.2167,8.2362,8.2409,8.2356,8.2397,8.2433,8.2445,8.3629,8.5315,8.6276,8.6883,8.7537,8.8062,8.8462,8.8792,8.9064,8.9288,8.9582,8.9871,8.9965,9.016,8.5333,8.3152,8.3087,8.3028,8.2969,8.2421,8.1696,8.2615,8.2963,8.4006,8.5651,8.6046,8.634,8.6423,8.3441,8.3181,8.3199,8.3057,8.1808,7.6592,7.0745,6.5664,6.343,6.1291,6.1185,6.1161,6.122,6.1285,6.1249],"x1":[0.0079,0.1687,0.1711,0.1713,0.1713,0.0155,0.0107,0.0092,0.1715,0.1714,0.1719,0.1717,0.1715,0.1717,0.1721,0.172,0.2057,0.2534,0.2641,0.2661,0.267,0.2666,0.2666,0.2664,0.2661,0.2626,0.3635,0.4299,0.1781,0.1741,0.1732,0.1727,0.1726,0.1726,0.1724,0.0131,0.0557,0.1725,0.1724,0.3911,0.4461,0.4537,0.398,0.4845,0.1774,0.1765,0.1758,0.1734,0.0121,0.0095,0.0081,0.0073,0.0066,0.0057,0.0051,0.0046,0.0049,0.005,0.0047],"undefined":[null,null,null,null,null,null,null,null,null,null,null,null,null,null,null,null,null,null,null,null,null,null,null,null,null,null,null,null,null,null,null,null,null,null,null,null,null,null,null,null,null,null,null,null,null,null,null,null,null,null,null,null,null,null,null,null,null,null,null],"x2":[8.0143,-0.3516,-0.3516,0.2025,121.7655,86.8504,43.8113,76.674,10.8081,1.9662,0.8502,0.7175,0.6629,0.5614,0.5693,4.9551,5.9072,0.8502,0.179,0.101,0.0932,0.0854,0.0698,0.0698,0.062,0.062,0.0542,17.9722,16.6767,3.0353,14.3745,5.0488,1.4901,4.8224,203.0443,74.9181,51.9352,10.2852,1.9584,106.5321,16.0914,2.1925,0.4834,135.7113,46.8782,15.8261,114.2034,288.4124,112.8768,16.5206,11.6041,31.2624,9.9263,1.5994,0.6629,0.9204,0.9985,1.0297,1.295],"x3":[8.234,8.1954,8.1744,8.157,8.1423,8.1141,8.1137,8.094,8.074,8.0656,8.0507,8.0423,8.0322,8.022,8.0004,7.9242,7.803,7.7404,7.7285,7.7167,7.6975,7.7023,7.6888,7.685,7.6805,7.6799,7.5631,7.5034,7.7822,7.8707,7.8398,7.8605,7.8694,7.8542,7.8702,7.8592,7.8614,7.8531,7.8504,7.5165,7.4586,7.4024,7.4589,7.5583,7.7143,7.7981,7.8202,7.8705,7.8049,7.8106,7.8274,7.8215,7.819,7.8118,7.8311,7.7482,7.8316,7.8207,7.8367],"x4":[-999,-999,-999,-999,-999,-999,-999,-999,-999,-999,-999,-999,-999,-999,-999,-999,-999,-999,-999,-999,-999,-999,-999,-999,-999,-999,-999,-999,-999,-999,-999,-999,-999,-999,-999,-999,-999,-999,-999,-999,-999,-999,-999,-999,-999,-999,-999,-999,-999,-999,-999,-999,-999,-999,-999,-999,-999,-999,-999],"x5":[7.5893,7.5666,7.5307,7.5308,7.546,7.5803,7.5895,7.5796,7.54,7.5185,7.5005,7.4722,7.4408,7.4165,7.3856,7.3505,7.2939,7.2179,7.1426,7.0725,7.003,6.9348,6.8664,6.7976,6.7298,6.664,6.5902,6.5194,6.4715,6.4462,6.4772,6.469,6.4367,6.4109,6.3738,6.3587,6.3352,6.2988,6.2657,6.2218,6.1774,6.1389,6.094,6.0746,6.0887,6.0458,5.9887,5.9487,5.923,5.956,6.0028,6.0222,6.0066,5.975,5.9291,5.8793,5.8264,5.778,5.7306],"x6":[0.0077,0.1193,0.1198,0.1197,0.1197,0.0125,0.0095,0.0085,0.1202,0.1197,0.12,0.1198,0.1197,0.1199,0.1201,0.1201,0.1437,0.1772,0.1843,0.1855,0.1858,0.1853,0.1851,0.1848,0.1845,0.1819,0.254,0.3018,0.1221,0.1192,0.12,0.1204,0.1203,0.1203,0.1201,0.011,0.039,0.1204,0.1202,0.278,0.3171,0.3224,0.2813,0.3448,0.1236,0.123,0.1225,0.1209,0.0104,0.0087,0.0075,0.0068,0.0063,0.0056,0.0053,0.0049,0.0051,0.0052,0.005],"x7":[1,1,0,0,0,0,0,0,0,0,0,0,0,0,0,0,0,0,0,0,0,0,0,1,1,1,1,1,1,1,1,1,1,1,1,1,1,1,1,1,1,1,1,1,1,1,1,1,1,1,1,1,1,1,1,1,1,1,1],"x8":[1,1,0,0,0,1,1,1,1,0,0,0,0,0,0,0,0,0,0,0,0,0,1,1,1,1,1,1,1,1,1,1,1,1,1,1,1,1,1,1,1,1,1,1,1,1,1,1,1,1,1,1,1,1,1,1,1,1,1],"x9":[1,1,0,0,0,0,0,0,0,0,0,0,0,0,0,0,0,0,0,0,0,0,0,1,1,1,1,1,1,1,1,1,1,1,1,1,1,1,1,1,1,1,1,1,1,1,1,1,1,1,1,1,1,1,1,1,1,1,1],"x10":[1,1,0,0,0,0,0,0,0,0,0,0,0,0,0,0,0,0,0,0,0,0,0,1,1,1,1,1,1,1,1,1,1,1,1,1,1,1,1,1,1,1,1,1,1,1,1,1,1,1,1,1,1,1,1,1,1,1,1],"x11":[1,1,1,1,1,1,1,1,1,1,1,1,1,1,1,1,1,1,1,1,1,1,1,1,1,1,1,1,1,1,1,1,1,1,1,1,1,1,1,1,1,1,1,1,1,1,1,1,1,1,1,1,1,1,1,1,1,1,1],"x12":[1,1,1,0,0,0,0,0,0,0,0,0,0,0,0,0,0,0,0,0,0,0,0,1,1,1,1,1,1,1,1,1,1,1,1,1,1,1,1,1,1,1,1,1,1,1,1,1,1,1,1,1,1,1,1,1,1,1,1],"x13":[1,1,0,0,0,0,0,0,0,0,0,0,0,0,0,0,0,0,0,0,0,0,0,1,1,1,1,1,1,1,1,1,1,1,1,1,1,1,1,1,1,1,1,1,1,1,1,1,1,1,1,1,1,1,1,1,1,1,1],"x14":[1,1,1,1,1,1,1,1,1,1,1,1,1,1,1,1,1,1,1,1,1,1,1,1,1,1,1,1,1,1,1,1,1,1,1,1,1,1,1,1,1,1,1,1,1,1,1,1,1,1,1,1,1,1,1,1,1,1,1],"x15":[1,1,0,0,0,0,0,0,0,0,0,0,0,0,0,0,0,0,0,0,0,0,0,1,1,1,1,1,1,1,1,1,1,1,1,1,1,1,1,1,1,1,1,1,1,1,1,1,1,1,1,1,1,1,1,1,1,1,1],"x16":[1,1,0,0,0,0,0,0,0,0,0,0,0,0,0,0,0,0,0,0,0,0,0,1,1,1,1,1,1,1,1,1,1,1,1,1,1,1,1,1,1,1,1,1,1,1,1,1,1,1,1,1,1,1,1,1,1,1,1]}