{"M":[1574419754.288,1574419754.692,1574419755.1,1574419755.516,1574419755.92,1574419756.328,1574419756.74,1574419757.148,1574419757.552,1574419757.968,1574419758.372,1574419758.78,1574419759.192,1574419759.6,1574419760.008,1574419760.412,1574419760.828,1574419761.232,1574419761.64,1574419762.052,1574419762.46,1574419762.864,1574419763.28,1574419763.684,1574419764.092,1574419764.508,1574419764.912,1574419765.32,1574419765.732,1574419766.14,1574419766.544,1574419766.96,1574419767.364,1574419767.772,1574419768.18,1574419768.592,1574419769,1574419769.404,1574419769.82,1574419770.224,1574419770.632],"y":[null,null,null,null,null,null,null,null,0.1313450679170389,0.18631014260409598,0.23209744558821777,0.3144940782926465,0.3786370597744607,0.4244242827797229,0.49764300369033154,0.6167510012949027,0.680791688202121,0.7357558426973287,0.7907180409392758,0.8640364932750809,0.9188982313137601,0.9738622652782591,1.0105731592620382,1.08379094758981,1.202795611561643,1.2395071777948612,1.2486845230163697,1.3035475032644999,1.3219076918858006,null,null,null,null,null,null,null,null,null,null,null,null],"y1":[-0.1168,-0.1078,-0.1078,-0.1168,-0.0988,-0.1078,-0.1078,-0.0539,0.018,0.0719,0.1168,0.1976,0.2605,0.3054,0.3772,0.494,0.5568,0.6107,0.6646,0.7365,0.7903,0.8442,0.8802,0.952,1.0687,1.1047,1.1137,1.1675,1.1855,1.2035,1.2035,1.2304,1.1226,0.7903,0.503,0.1437,-0.009,0.0449,-0.009,0.018,0.0269],"x":[9.1121,9.0625,9.0437,9.0066,8.9977,9.2158,9.7121,9.7734,9.7828,9.784,9.7881,9.7881,9.7899,9.7893,9.7875,9.7875,9.784,9.7687,9.7262,9.6997,9.6873,9.6802,9.6785,9.6749,9.6726,9.6779,9.6749,9.6767,9.7103,9.7533,9.8117,9.8529,9.738,9.7056,9.7639,9.7922,9.7934,9.794,9.794,9.7934,9.794],"x1":[0.0041,0.0039,0.0039,0.0038,0.0037,0.1737,0.1744,0.1744,0.1745,0.1745,0.1745,0.1745,0.1745,0.1744,0.1745,0.1745,0.1745,0.1744,0.174,0.1739,0.1739,0.1738,0.1738,0.1738,0.1738,0.1739,0.1739,0.1736,0.1726,0.1896,0.2058,0.1748,0.1739,0.1743,0.1745,0.1745,0.1746,0.1746,0.1746,0.1746,0.1745],"undefined":[null,null,null,null,null,null,null,null,null,null,null,null,null,null,null,null,null,null,null,null,null,null,null,null,null,null,null,null,null,null,null,null,null,null,null,null,null,null,null,null,null],"x2":[0.2493,0.2103,0.1869,0.1244,0.1478,-0.3516,2.1457,1.0687,0.8424,0.6317,0.5693,0.5849,0.6083,0.6629,0.6473,0.5614,0.6083,0.6005,0.6005,0.6707,0.6473,0.6785,0.6863,0.6317,0.6473,0.7409,1.5838,100.3123,19.9232,2.5437,0.4132,8.9039,124.7467,23.4818,3.4723,1.0453,0.7253,0.7097,0.6941,0.6707,0.8424],"x3":[8.1643,8.1675,8.168,8.1719,8.1875,8.1446,8.131,8.1308,8.4245,8.1308,8.1053,8.12,8.1454,8.1105,8.0974,8.0995,8.0888,8.0991,8.0949,8.0977,8.066,8.0896,8.0898,8.0849,8.0908,8.096,8.1202,8.474,8.4622,8.5636,8.5612,8.4909,8.3808,8.3136,8.2531,8.2302,9.3273,8.1765,8.165,8.1649,8.1646],"x4":[-999,-999,-999,-999,-999,-999,-999,-999,-999,-999,-999,-999,-999,-999,-999,-999,-999,-999,-999,-999,-999,-999,-999,-999,-999,-999,-999,-999,-999,-999,-999,-999,-999,-999,-999,-999,-999,-999,-999,-999,-999],"x5":[3.7497,3.7679,3.788,3.8131,3.8381,3.8508,3.8433,3.8676,3.8976,3.931,3.9693,4.008,4.0458,4.0838,4.12,4.1525,4.1844,4.2141,4.2431,4.2672,4.2861,4.3018,4.3159,4.3214,4.3206,4.3221,4.3319,4.3379,4.3362,4.3338,4.3238,4.3157,4.3149,4.3115,4.3014,4.2958,4.2832,4.2441,4.2292,4.215,4.198],"x6":[0.0062,0.0061,0.006,0.0059,0.0059,0.1184,0.1174,0.1172,0.1172,0.1172,0.1172,0.1172,0.1172,0.1172,0.1172,0.1172,0.1173,0.1172,0.1171,0.1171,0.1171,0.1171,0.1171,0.1171,0.1171,0.1171,0.1172,0.117,0.1161,0.1277,0.1385,0.1173,0.117,0.1173,0.1173,0.1172,0.1173,0.1173,0.1173,0.1173,0.1172],"x7":[1,1,1,1,1,1,0,0,0,0,0,0,0,0,0,0,0,0,0,0,0,0,0,0,0,0,0,0,0,1,1,1,1,1,1,1,1,1,1,1,1],"x8":[1,1,1,1,1,1,1,1,0,0,0,0,0,0,0,0,0,0,0,0,0,0,0,0,0,0,0,0,0,1,1,1,1,1,1,1,1,1,1,1,1],"x9":[1,1,1,1,1,1,0,0,0,0,0,0,0,0,0,0,0,0,0,0,0,0,0,0,0,0,0,0,0,1,1,1,1,1,1,1,1,1,1,1,1],"x10":[1,1,1,1,1,1,0,0,0,0,0,0,0,0,0,0,0,0,0,0,0,0,0,0,0,0,0,0,0,1,1,1,1,1,1,1,1,1,1,1,1],"x11":[1,1,1,1,1,1,1,1,1,1,1,1,1,1,1,1,1,1,1,1,1,1,1,1,1,1,1,1,1,1,1,1,1,1,1,1,1,1,1,1,1],"x12":[1,1,1,1,1,1,0,0,0,0,0,0,0,0,0,0,0,0,0,0,0,0,0,0,0,0,0,0,0,1,1,1,1,1,1,1,1,1,1,1,1],"x13":[1,1,1,1,1,1,0,0,0,0,0,0,0,0,0,0,0,0,0,0,0,0,0,0,0,0,0,0,0,1,1,1,1,1,1,1,1,1,1,1,1],"x14":[1,1,1,1,1,1,1,1,1,1,1,1,1,1,1,1,1,1,1,1,1,1,1,1,1,1,1,1,1,1,1,1,1,1,1,1,1,1,1,1,1],"x15":[1,1,1,1,1,1,0,0,0,0,0,0,0,0,0,0,0,0,0,0,0,0,0,0,0,0,0,0,0,1,1,1,1,1,1,1,1,1,1,1,1],"x16":[1,1,1,1,1,1,0,0,0,0,0,0,0,0,0,0,0,0,0,0,0,0,0,0,0,0,0,0,0,1,1,1,1,1,1,1,1,1,1,1,1]}